0,0.00150,0.00032,0.00031,0.00021,0.00047,0.00010,0.00044,0.00083,0.00207,0.00467,0.02126,0.27323,0.40700,0.15086,0.00890,0.00258,0.00068,0.00064,0.00013,0.00054,0.00015,0.00034,0.00082,0.00282,0.01688,0.01931,0.00479,0.00092,0.00036,0.00038,0.00013,0.00026,0.00017,0.00035,0.00030,0.00070,0.00514,0.01993,0.01783,0.00271,0.00075,0.00029,0.00018,0.00042,0.00058,0.00032,0.00019,0.00037,0.00005,0.00304,0.00782,0.00554,0.00037,0.00016,0.00022,0.00027,0.00039,0.00018,0.00022,0.00028,0.00048,0.00016,0.00239,0.00431
0,0.00683,0.00021,0.00017,0.00037,0.00015,0.00045,0.00057,0.00080,0.00199,0.00473,0.02202,0.28354,0.42235,0.15623,0.00923,0.00242,0.00104,0.00049,0.00030,0.00028,0.00009,0.00026,0.00031,0.00267,0.01683,0.01918,0.00489,0.00071,0.00013,0.00004,0.00012,0.00005,0.00003,0.00017,0.00020,0.00037,0.00202,0.00854,0.00747,0.00114,0.00032,0.00025,0.00035,0.00024,0.00023,0.00024,0.00025,0.00004,0.00029,0.00269,0.00740,0.00496,0.00037,0.00008,0.00013,0.00015,0.00010,0.00012,0.00017,0.00024,0.00021,0.00010,0.00061,0.00106
0,0.03265,0.03701,0.03664,0.03540,0.03462,0.03437,0.03316,0.03197,0.03097,0.02667,0.03332,0.13224,0.19293,0.07040,0.02005,0.02120,0.01758,0.01588,0.01449,0.01308,0.01170,0.00992,0.00795,0.00758,0.00559,0.00668,0.00476,0.00316,0.00346,0.00269,0.00187,0.00226,0.00265,0.00233,0.00200,0.00233,0.00194,0.00326,0.00425,0.00247,0.00242,0.00196,0.00129,0.00118,0.00160,0.00138,0.00068,0.00101,0.00153,0.00320,0.00544,0.00235,0.00168,0.00201,0.00151,0.00172,0.00234,0.00227,0.00189,0.00188,0.00230,0.00256,0.00212,0.00021
0,0.02398,0.00340,0.00471,0.00692,0.00627,0.00351,0.00439,0.00753,0.00706,0.00095,0.02020,0.22131,0.33084,0.12705,0.00342,0.00691,0.00705,0.00465,0.00355,0.00484,0.00562,0.00489,0.00387,0.00484,0.02027,0.01902,0.00210,0.00401,0.00456,0.00482,0.00398,0.00344,0.00400,0.00445,0.00400,0.00264,0.00386,0.01262,0.01540,0.00512,0.00248,0.00324,0.00346,0.00274,0.00220,0.00292,0.00329,0.00273,0.00207,0.00512,0.01149,0.00541,0.00138,0.00182,0.00242,0.00238,0.00171,0.00120,0.00184,0.00218,0.00173,0.00122,0.00181,0.00114
0,0.00517,0.00372,0.00387,0.00385,0.00361,0.00371,0.00442,0.00388,0.00283,0.00736,0.01974,0.23095,0.33881,0.12134,0.01097,0.00584,0.00379,0.00495,0.00489,0.00467,0.00505,0.00490,0.00509,0.00757,0.01734,0.01333,0.00272,0.00517,0.00523,0.00502,0.00529,0.00528,0.00518,0.00518,0.00507,0.00464,0.00666,0.00772,0.00251,0.00465,0.00446,0.00456,0.00454,0.00449,0.00420,0.00422,0.00419,0.00395,0.00336,0.00307,0.00288,0.00514,0.00356,0.00306,0.00327,0.00311,0.00293,0.00277,0.00275,0.00266,0.00241,0.00255,0.00355,0.00633
0,0.00793,0.00940,0.00836,0.00964,0.00907,0.00826,0.00971,0.00844,0.00854,0.01153,0.00557,0.17918,0.27684,0.10919,0.00413,0.00952,0.00876,0.00748,0.00902,0.00805,0.00743,0.00863,0.00797,0.00774,0.01962,0.02075,0.00838,0.00835,0.00686,0.00671,0.00771,0.00643,0.00636,0.00744,0.00615,0.00571,0.01044,0.01713,0.00990,0.00497,0.00565,0.00539,0.00620,0.00490,0.00505,0.00593,0.00465,0.00471,0.00547,0.00508,0.00326,0.00150,0.00372,0.00400,0.00505,0.00365,0.00387,0.00479,0.00354,0.00361,0.00464,0.00352,0.00357,0.00494
0,0.00642,0.00025,0.00009,0.00045,0.00015,0.00064,0.00066,0.00090,0.00191,0.00466,0.02178,0.28287,0.42126,0.15619,0.00895,0.00245,0.00098,0.00052,0.00014,0.00018,0.00035,0.00022,0.00034,0.00323,0.01749,0.02004,0.00510,0.00037,0.00034,0.00022,0.00029,0.00008,0.00018,0.00022,0.00041,0.00013,0.00214,0.00712,0.00625,0.00104,0.00040,0.00032,0.00032,0.00018,0.00039,0.00011,0.00024,0.00033,0.00011,0.00269,0.00772,0.00484,0.00020,0.00035,0.00029,0.00014,0.00005,0.00008,0.00018,0.00003,0.00013,0.00006,0.00132,0.00255
0,0.01236,0.01220,0.01195,0.01215,0.01224,0.01213,0.01174,0.01145,0.01333,0.01011,0.02236,0.16247,0.23524,0.08234,0.01629,0.01076,0.01317,0.01194,0.01150,0.01173,0.01122,0.01103,0.01126,0.00957,0.00303,0.00205,0.00712,0.00975,0.00974,0.00949,0.00874,0.00857,0.00773,0.00796,0.00838,0.00810,0.00708,0.00749,0.00845,0.00721,0.00733,0.00758,0.00729,0.00674,0.00600,0.00624,0.00621,0.00619,0.00649,0.00825,0.01048,0.00756,0.00522,0.00554,0.00552,0.00492,0.00408,0.00418,0.00361,0.00381,0.00424,0.00380,0.00363,0.00367
0,0.00720,0.00093,0.00116,0.00109,0.00068,0.00139,0.00089,0.00180,0.00176,0.00384,0.02131,0.27061,0.40438,0.15025,0.00913,0.00235,0.00122,0.00122,0.00096,0.00138,0.00055,0.00170,0.00062,0.00211,0.01806,0.02100,0.00480,0.00115,0.00162,0.00070,0.00126,0.00107,0.00099,0.00125,0.00054,0.00145,0.00205,0.00861,0.00647,0.00038,0.00131,0.00062,0.00133,0.00082,0.00136,0.00089,0.00084,0.00135,0.00064,0.00476,0.00824,0.00428,0.00133,0.00064,0.00134,0.00059,0.00137,0.00090,0.00125,0.00108,0.00104,0.00127,0.00049,0.00236
0,0.00313,0.00062,0.00059,0.00085,0.00106,0.00125,0.00101,0.00117,0.00200,0.00601,0.01979,0.27468,0.41013,0.15212,0.00804,0.00347,0.00238,0.00064,0.00161,0.00110,0.00116,0.00042,0.00132,0.00224,0.01842,0.02113,0.00545,0.00046,0.00173,0.00092,0.00041,0.00081,0.00052,0.00098,0.00149,0.00179,0.00167,0.00718,0.00550,0.00027,0.00069,0.00150,0.00061,0.00036,0.00078,0.00055,0.00106,0.00176,0.00143,0.00316,0.00847,0.00581,0.00031,0.00055,0.00059,0.00041,0.00060,0.00031,0.00034,0.00091,0.00151,0.00177,0.00085,0.00015
0,0.00748,0.00509,0.00507,0.00520,0.00491,0.00516,0.00485,0.00524,0.00483,0.00688,0.01649,0.21117,0.31521,0.11732,0.00775,0.00581,0.00484,0.00506,0.00472,0.00500,0.00475,0.00490,0.00442,0.00698,0.01797,0.01994,0.00888,0.00458,0.00517,0.00500,0.00508,0.00496,0.00498,0.00496,0.00503,0.00481,0.00630,0.01085,0.00994,0.00561,0.00508,0.00522,0.00506,0.00493,0.00499,0.00510,0.00514,0.00503,0.00514,0.00302,0.00122,0.00108,0.00460,0.00495,0.00483,0.00494,0.00491,0.00488,0.00494,0.00495,0.00500,0.00505,0.00393,0.00282
0,0.00056,0.00019,0.00006,0.00026,0.00015,0.00041,0.00053,0.00082,0.00185,0.00462,0.02205,0.28255,0.42082,0.15578,0.00905,0.00262,0.00095,0.00039,0.00041,0.00018,0.00021,0.00007,0.00062,0.00265,0.01742,0.02000,0.00524,0.00067,0.00016,0.00007,0.00023,0.00017,0.00007,0.00008,0.00012,0.00020,0.00295,0.01095,0.00965,0.00158,0.00037,0.00010,0.00006,0.00032,0.00038,0.00045,0.00031,0.00033,0.00012,0.00279,0.00757,0.00506,0.00038,0.00027,0.00011,0.00006,0.00005,0.00010,0.00021,0.00022,0.00009,0.00020,0.00102,0.00206
0,0.00493,0.00138,0.00102,0.00112,0.00172,0.00135,0.00101,0.00104,0.00243,0.00491,0.02037,0.26519,0.39405,0.14442,0.00945,0.00359,0.00121,0.00097,0.00138,0.00099,0.00132,0.00142,0.00101,0.00326,0.01565,0.01993,0.00647,0.00171,0.00083,0.00136,0.00155,0.00154,0.00167,0.00163,0.00119,0.00123,0.00367,0.01106,0.00818,0.00117,0.00120,0.00108,0.00108,0.00124,0.00125,0.00140,0.00144,0.00153,0.00167,0.00299,0.01046,0.00653,0.00117,0.00135,0.00143,0.00132,0.00107,0.00102,0.00077,0.00103,0.00101,0.00078,0.00345,0.00534
0,0.00007,0.00011,0.00029,0.00030,0.00046,0.00021,0.00041,0.00100,0.00174,0.00465,0.02144,0.27808,0.41436,0.15331,0.00902,0.00247,0.00100,0.00046,0.00042,0.00008,0.00014,0.00036,0.00040,0.00298,0.01799,0.02049,0.00521,0.00061,0.00023,0.00021,0.00014,0.00011,0.00008,0.00008,0.00029,0.00036,0.00320,0.01233,0.01080,0.00174,0.00025,0.00010,0.00005,0.00009,0.00014,0.00008,0.00024,0.00016,0.00031,0.00374,0.01008,0.00674,0.00050,0.00034,0.00018,0.00014,0.00007,0.00015,0.00029,0.00030,0.00010,0.00014,0.00281,0.00536
0,0.00628,0.00027,0.00024,0.00038,0.00011,0.00039,0.00027,0.00091,0.00193,0.00442,0.02155,0.27693,0.41252,0.15280,0.00864,0.00254,0.00091,0.00051,0.00017,0.00036,0.00028,0.00008,0.00037,0.00301,0.01730,0.01958,0.00482,0.00066,0.00015,0.00021,0.00015,0.00017,0.00011,0.00021,0.00009,0.00055,0.00297,0.01154,0.01010,0.00139,0.00047,0.00029,0.00018,0.00020,0.00021,0.00027,0.00024,0.00022,0.00042,0.00358,0.00981,0.00648,0.00043,0.00032,0.00014,0.00006,0.00009,0.00008,0.00010,0.00012,0.00022,0.00008,0.00336,0.00679
0,0.00138,0.00010,0.00022,0.00033,0.00035,0.00041,0.00044,0.00087,0.00201,0.00445,0.02195,0.28183,0.41984,0.15542,0.00885,0.00276,0.00081,0.00086,0.00007,0.00017,0.00018,0.00029,0.00034,0.00287,0.01810,0.02078,0.00542,0.00055,0.00036,0.00016,0.00025,0.00020,0.00024,0.00009,0.00031,0.00069,0.00268,0.01082,0.00966,0.00185,0.00029,0.00042,0.00005,0.00015,0.00011,0.00016,0.00008,0.00024,0.00037,0.00281,0.00794,0.00544,0.00055,0.00021,0.00022,0.00015,0.00006,0.00012,0.00016,0.00015,0.00004,0.00016,0.00045,0.00073
0,0.00178,0.00018,0.00009,0.00014,0.00025,0.00057,0.00021,0.00095,0.00176,0.00477,0.02153,0.27903,0.41589,0.15402,0.00902,0.00236,0.00109,0.00040,0.00044,0.00029,0.00032,0.00013,0.00039,0.00293,0.01700,0.01928,0.00494,0.00070,0.00009,0.00017,0.00011,0.00023,0.00022,0.00034,0.00017,0.00047,0.00287,0.01121,0.00980,0.00154,0.00037,0.00039,0.00037,0.00014,0.00021,0.00023,0.00021,0.00017,0.00017,0.00324,0.00815,0.00547,0.00038,0.00014,0.00015,0.00024,0.00020,0.00010,0.00014,0.00023,0.00022,0.00016,0.00378,0.00748
0,0.00462,0.00042,0.00024,0.00025,0.00011,0.00057,0.00041,0.00113,0.00187,0.00456,0.02201,0.28194,0.42023,0.15570,0.00890,0.00278,0.00086,0.00068,0.00019,0.00023,0.00007,0.00061,0.00041,0.00286,0.01791,0.02063,0.00525,0.00063,0.00027,0.00031,0.00024,0.00022,0.00014,0.00021,0.00011,0.00060,0.00174,0.00751,0.00626,0.00097,0.00031,0.00030,0.00034,0.00043,0.00042,0.00022,0.00017,0.00027,0.00024,0.00356,0.00878,0.00580,0.00055,0.00016,0.00016,0.00018,0.00018,0.00024,0.00010,0.00032,0.00006,0.00009,0.00077,0.00166
0,0.00010,0.00028,0.00014,0.00024,0.00023,0.00046,0.00049,0.00067,0.00200,0.00461,0.02173,0.28067,0.41826,0.15496,0.00902,0.00231,0.00129,0.00032,0.00033,0.00020,0.00017,0.00008,0.00067,0.00298,0.01882,0.02134,0.00549,0.00060,0.00033,0.00005,0.00023,0.00039,0.00027,0.00012,0.00016,0.00032,0.00220,0.00851,0.00752,0.00114,0.00038,0.00009,0.00017,0.00051,0.00052,0.00033,0.00024,0.00011,0.00026,0.00341,0.00929,0.00623,0.00059,0.00013,0.00026,0.00017,0.00010,0.00018,0.00015,0.00015,0.00016,0.00021,0.00216,0.00450
0,0.00406,0.00052,0.00044,0.00046,0.00070,0.00058,0.00073,0.00098,0.00222,0.00394,0.02154,0.27385,0.40766,0.15081,0.00873,0.00249,0.00118,0.00038,0.00035,0.00059,0.00016,0.00052,0.00015,0.00261,0.01709,0.01990,0.00531,0.00090,0.00052,0.00026,0.00065,0.00049,0.00010,0.00016,0.00073,0.00019,0.00348,0.01229,0.01013,0.00124,0.00076,0.00046,0.00015,0.00024,0.00059,0.00052,0.00034,0.00067,0.00064,0.00357,0.00999,0.00675,0.00031,0.00078,0.00052,0.00038,0.00057,0.00031,0.00026,0.00028,0.00073,0.00065,0.00387,0.00760
0,0.00600,0.00028,0.00005,0.00017,0.00045,0.00024,0.00062,0.00100,0.00181,0.00476,0.02178,0.28197,0.42013,0.15554,0.00896,0.00245,0.00105,0.00043,0.00040,0.00018,0.00025,0.00002,0.00062,0.00278,0.01811,0.02066,0.00547,0.00068,0.00023,0.00012,0.00016,0.00013,0.00010,0.00015,0.00018,0.00055,0.00206,0.00853,0.00754,0.00120,0.00034,0.00029,0.00019,0.00016,0.00029,0.00024,0.00022,0.00004,0.00030,0.00294,0.00801,0.00543,0.00052,0.00002,0.00010,0.00023,0.00020,0.00022,0.00017,0.00014,0.00007,0.00015,0.00070,0.00123
0,0.00671,0.00012,0.00014,0.00026,0.00027,0.00027,0.00058,0.00083,0.00190,0.00473,0.02105,0.27408,0.40851,0.15119,0.00887,0.00241,0.00082,0.00062,0.00041,0.00024,0.00016,0.00027,0.00080,0.00242,0.01670,0.01908,0.00490,0.00058,0.00024,0.00022,0.00028,0.00009,0.00019,0.00014,0.00035,0.00060,0.00495,0.01906,0.01665,0.00259,0.00059,0.00010,0.00040,0.00028,0.00015,0.00008,0.00020,0.00030,0.00030,0.00305,0.00802,0.00525,0.00020,0.00037,0.00025,0.00024,0.00018,0.00029,0.00030,0.00025,0.00003,0.00011,0.00157,0.00321
0,0.00575,0.00033,0.00005,0.00029,0.00013,0.00052,0.00043,0.00081,0.00188,0.00468,0.02112,0.27361,0.40776,0.15094,0.00876,0.00248,0.00104,0.00035,0.00023,0.00035,0.00016,0.00016,0.00026,0.00280,0.01692,0.01907,0.00481,0.00061,0.00017,0.00042,0.00049,0.00039,0.00004,0.00025,0.00012,0.00058,0.00424,0.01651,0.01444,0.00222,0.00056,0.00002,0.00013,0.00009,0.00011,0.00010,0.00020,0.00025,0.00008,0.00318,0.00832,0.00554,0.00055,0.00012,0.00024,0.00027,0.00023,0.00018,0.00027,0.00019,0.00015,0.00025,0.00433,0.00848
0,0.00409,0.00110,0.00170,0.00224,0.00193,0.00049,0.00149,0.00033,0.00282,0.00422,0.02147,0.27353,0.40740,0.15139,0.00864,0.00195,0.00167,0.00058,0.00121,0.00073,0.00102,0.00160,0.00178,0.00283,0.01728,0.02011,0.00644,0.00124,0.00200,0.00058,0.00107,0.00111,0.00134,0.00085,0.00064,0.00135,0.00161,0.00349,0.00303,0.00110,0.00213,0.00179,0.00173,0.00164,0.00141,0.00142,0.00235,0.00195,0.00191,0.00126,0.00671,0.00475,0.00140,0.00171,0.00129,0.00101,0.00120,0.00097,0.00042,0.00073,0.00068,0.00111,0.00088,0.00010
0,0.00030,0.00011,0.00035,0.00037,0.00051,0.00026,0.00049,0.00078,0.00180,0.00464,0.02108,0.27338,0.40734,0.15085,0.00860,0.00248,0.00108,0.00047,0.00025,0.00024,0.00012,0.00024,0.00077,0.00265,0.01748,0.01999,0.00525,0.00046,0.00021,0.00039,0.00024,0.00025,0.00021,0.00012,0.00020,0.00058,0.00409,0.01603,0.01411,0.00261,0.00020,0.00034,0.00003,0.00025,0.00024,0.00022,0.00020,0.00022,0.00025,0.00335,0.00899,0.00619,0.00076,0.00019,0.00004,0.00025,0.00018,0.00013,0.00006,0.00021,0.00014,0.00009,0.00541,0.01068
0,0.00225,0.00021,0.00008,0.00006,0.00041,0.00007,0.00074,0.00084,0.00173,0.00470,0.02164,0.27923,0.41599,0.15390,0.00909,0.00240,0.00103,0.00067,0.00009,0.00065,0.00016,0.00018,0.00053,0.00252,0.01627,0.01875,0.00491,0.00061,0.00009,0.00031,0.00011,0.00010,0.00021,0.00020,0.00032,0.00029,0.00299,0.01194,0.01044,0.00151,0.00036,0.00019,0.00020,0.00023,0.00014,0.00011,0.00010,0.00020,0.00032,0.00311,0.00849,0.00578,0.00048,0.00017,0.00004,0.00002,0.00012,0.00014,0.00026,0.00023,0.00008,0.00016,0.00366,0.00719
0,0.00446,0.00025,0.00025,0.00017,0.00033,0.00034,0.00041,0.00103,0.00175,0.00482,0.02189,0.28379,0.42302,0.15675,0.00899,0.00252,0.00115,0.00045,0.00029,0.00024,0.00017,0.00029,0.00060,0.00279,0.01833,0.02120,0.00566,0.00039,0.00039,0.00012,0.00015,0.00011,0.00006,0.00007,0.00020,0.00009,0.00140,0.00542,0.00482,0.00081,0.00018,0.00013,0.00014,0.00017,0.00018,0.00020,0.00020,0.00011,0.00026,0.00324,0.00862,0.00578,0.00051,0.00011,0.00017,0.00019,0.00013,0.00010,0.00006,0.00005,0.00009,0.00008,0.00111,0.00224
0,0.00102,0.00060,0.00051,0.00100,0.00108,0.00169,0.00158,0.00027,0.00216,0.00506,0.02098,0.27822,0.41527,0.15397,0.00932,0.00215,0.00054,0.00119,0.00085,0.00022,0.00025,0.00022,0.00124,0.00285,0.01749,0.01996,0.00531,0.00097,0.00085,0.00071,0.00033,0.00035,0.00055,0.00094,0.00065,0.00020,0.00328,0.01075,0.00929,0.00128,0.00080,0.00039,0.00031,0.00061,0.00056,0.00048,0.00043,0.00041,0.00073,0.00215,0.00700,0.00472,0.00026,0.00037,0.00056,0.00046,0.00045,0.00029,0.00027,0.00038,0.00050,0.00037,0.00076,0.00156
0,0.02891,0.01336,0.01314,0.01273,0.01271,0.01211,0.01096,0.01223,0.01264,0.01323,0.01882,0.21907,0.30346,0.11845,0.00718,0.00619,0.00710,0.00665,0.00663,0.00594,0.00453,0.00512,0.00422,0.00430,0.01084,0.01889,0.00435,0.00202,0.00298,0.00228,0.00205,0.00195,0.00273,0.00177,0.00227,0.00322,0.00452,0.00914,0.00957,0.00343,0.00242,0.00193,0.00297,0.00117,0.00222,0.00264,0.00162,0.00154,0.00182,0.00094,0.00839,0.00479,0.00121,0.00108,0.00161,0.00146,0.00133,0.00175,0.00184,0.00203,0.00160,0.00231,0.00500,0.00463
0,0.00548,0.00101,0.00089,0.00101,0.00086,0.00054,0.00100,0.00056,0.00239,0.00434,0.02139,0.27495,0.40960,0.15133,0.00917,0.00301,0.00084,0.00103,0.00076,0.00125,0.00079,0.00111,0.00082,0.00304,0.01684,0.01909,0.00423,0.00137,0.00067,0.00078,0.00035,0.00021,0.00022,0.00016,0.00041,0.00077,0.00320,0.00954,0.00806,0.00076,0.00104,0.00081,0.00076,0.00070,0.00076,0.00078,0.00123,0.00102,0.00111,0.00334,0.00771,0.00484,0.00062,0.00105,0.00099,0.00070,0.00033,0.00054,0.00058,0.00072,0.00070,0.00113,0.00170,0.00306
0,0.00147,0.00042,0.00029,0.00021,0.00068,0.00056,0.00044,0.00079,0.00163,0.00470,0.02118,0.27454,0.40919,0.15151,0.00896,0.00209,0.00126,0.00049,0.00048,0.00020,0.00028,0.00014,0.00048,0.00282,0.01653,0.01862,0.00467,0.00044,0.00032,0.00008,0.00044,0.00019,0.00031,0.00016,0.00019,0.00060,0.00503,0.01914,0.01675,0.00267,0.00073,0.00041,0.00040,0.00044,0.00063,0.00014,0.00061,0.00037,0.00019,0.00325,0.00782,0.00485,0.00031,0.00028,0.00032,0.00017,0.00056,0.00042,0.00040,0.00032,0.00007,0.00032,0.00206,0.00396
0,0.00505,0.00048,0.00021,0.00023,0.00013,0.00055,0.00056,0.00064,0.00197,0.00443,0.02160,0.27538,0.41005,0.15187,0.00864,0.00250,0.00103,0.00046,0.00016,0.00031,0.00035,0.00054,0.00005,0.00299,0.01707,0.01923,0.00486,0.00079,0.00002,0.00013,0.00019,0.00010,0.00020,0.00021,0.00046,0.00025,0.00495,0.01853,0.01607,0.00238,0.00061,0.00020,0.00026,0.00024,0.00011,0.00032,0.00029,0.00030,0.00004,0.00311,0.00837,0.00569,0.00077,0.00026,0.00015,0.00014,0.00019,0.00026,0.00040,0.00034,0.00024,0.00010,0.00073,0.00127
0,0.00642,0.00041,0.00008,0.00027,0.00047,0.00028,0.00041,0.00091,0.00193,0.00454,0.02119,0.27344,0.40750,0.15084,0.00877,0.00257,0.00075,0.00055,0.00030,0.00005,0.00009,0.00018,0.00045,0.00286,0.01735,0.01971,0.00500,0.00078,0.00006,0.00009,0.00025,0.00015,0.00012,0.00029,0.00011,0.00059,0.00462,0.01818,0.01616,0.00280,0.00023,0.00029,0.00006,0.00012,0.00009,0.00005,0.00004,0.00013,0.00037,0.00370,0.01033,0.00685,0.00051,0.00029,0.00032,0.00021,0.00008,0.00010,0.00012,0.00015,0.00022,0.00024,0.00141,0.00258
0,0.00658,0.00031,0.00017,0.00018,0.00046,0.00061,0.00021,0.00102,0.00187,0.00469,0.02162,0.27851,0.41495,0.15355,0.00893,0.00237,0.00112,0.00061,0.00010,0.00026,0.00043,0.00039,0.00036,0.00253,0.01695,0.01954,0.00516,0.00071,0.00039,0.00038,0.00023,0.00005,0.00013,0.00029,0.00034,0.00054,0.00276,0.01067,0.00926,0.00141,0.00024,0.00016,0.00022,0.00026,0.00009,0.00017,0.00026,0.00012,0.00026,0.00305,0.00811,0.00543,0.00042,0.00019,0.00043,0.00043,0.00016,0.00018,0.00010,0.00028,0.00018,0.00010,0.00287,0.00567
0,0.00587,0.00130,0.00164,0.00124,0.00132,0.00070,0.00046,0.00178,0.00151,0.00417,0.02135,0.26433,0.39338,0.14494,0.00979,0.00119,0.00174,0.00099,0.00051,0.00124,0.00111,0.00120,0.00073,0.00364,0.01670,0.01825,0.00379,0.00154,0.00140,0.00131,0.00133,0.00114,0.00127,0.00118,0.00159,0.00151,0.00435,0.01708,0.01511,0.00219,0.00129,0.00130,0.00082,0.00103,0.00086,0.00094,0.00118,0.00145,0.00116,0.00196,0.00705,0.00495,0.00112,0.00094,0.00127,0.00118,0.00152,0.00127,0.00089,0.00102,0.00107,0.00110,0.00294,0.00580
0,0.00340,0.00007,0.00022,0.00011,0.00022,0.00032,0.00049,0.00085,0.00187,0.00451,0.02155,0.27652,0.41190,0.15250,0.00892,0.00227,0.00113,0.00039,0.00030,0.00022,0.00003,0.00012,0.00041,0.00304,0.01762,0.01993,0.00510,0.00060,0.00027,0.00003,0.00021,0.00018,0.00012,0.00015,0.00007,0.00060,0.00327,0.01322,0.01162,0.00186,0.00025,0.00019,0.00011,0.00030,0.00007,0.00003,0.00012,0.00007,0.00009,0.00379,0.01006,0.00667,0.00035,0.00033,0.00012,0.00006,0.00007,0.00009,0.00015,0.00008,0.00015,0.00011,0.00356,0.00699
0,0.02906,0.02569,0.02544,0.02483,0.02415,0.02375,0.02345,0.02259,0.02015,0.01942,0.03203,0.16634,0.24241,0.10335,0.01005,0.01298,0.01291,0.01132,0.00973,0.00885,0.00788,0.00697,0.00604,0.00348,0.01266,0.01569,0.00428,0.00278,0.00209,0.00193,0.00217,0.00232,0.00240,0.00226,0.00240,0.00274,0.00238,0.00829,0.00686,0.00192,0.00245,0.00210,0.00229,0.00222,0.00218,0.00193,0.00192,0.00200,0.00198,0.00400,0.00555,0.00190,0.00201,0.00184,0.00208,0.00207,0.00193,0.00164,0.00167,0.00175,0.00163,0.00170,0.00245,0.00267
0,0.00253,0.00144,0.00185,0.00208,0.00138,0.00203,0.00146,0.00351,0.00290,0.00385,0.01877,0.26467,0.39251,0.14418,0.00619,0.00248,0.00306,0.00268,0.00177,0.00245,0.00153,0.00254,0.00200,0.00323,0.01855,0.01828,0.00634,0.00107,0.00200,0.00112,0.00193,0.00187,0.00154,0.00190,0.00131,0.00200,0.00366,0.00813,0.00753,0.00255,0.00230,0.00137,0.00214,0.00142,0.00214,0.00146,0.00171,0.00181,0.00129,0.00377,0.00721,0.00686,0.00121,0.00183,0.00165,0.00094,0.00187,0.00091,0.00142,0.00125,0.00129,0.00142,0.00111,0.00078
0,0.01193,0.01196,0.01184,0.01197,0.01168,0.01191,0.01150,0.01218,0.01093,0.01346,0.01064,0.14848,0.22508,0.08304,0.01254,0.01123,0.01086,0.01095,0.01066,0.01069,0.01053,0.01055,0.01025,0.01117,0.01782,0.01948,0.01234,0.00941,0.00949,0.00925,0.00924,0.00904,0.00881,0.00856,0.00856,0.00820,0.00962,0.01351,0.01230,0.00817,0.00724,0.00712,0.00696,0.00684,0.00660,0.00642,0.00634,0.00619,0.00586,0.00630,0.00760,0.00636,0.00532,0.00515,0.00499,0.00493,0.00484,0.00467,0.00466,0.00466,0.00447,0.00430,0.00222,0.00014
0,0.00275,0.00187,0.00176,0.00180,0.00155,0.00160,0.00131,0.00183,0.00270,0.00619,0.02179,0.26010,0.38855,0.14511,0.00990,0.00378,0.00185,0.00126,0.00130,0.00154,0.00142,0.00161,0.00154,0.00222,0.01832,0.01826,0.00547,0.00139,0.00110,0.00113,0.00109,0.00114,0.00120,0.00092,0.00092,0.00043,0.00430,0.01805,0.01686,0.00150,0.00065,0.00120,0.00105,0.00081,0.00101,0.00081,0.00129,0.00092,0.00119,0.00477,0.00956,0.00688,0.00138,0.00115,0.00098,0.00103,0.00093,0.00096,0.00110,0.00096,0.00105,0.00096,0.00164,0.00026
0,0.00552,0.00501,0.00536,0.00548,0.00523,0.00544,0.00548,0.00473,0.00473,0.00877,0.01902,0.23064,0.33720,0.11964,0.01106,0.00654,0.00413,0.00485,0.00516,0.00484,0.00475,0.00451,0.00457,0.00700,0.01601,0.01242,0.00444,0.00408,0.00436,0.00435,0.00427,0.00413,0.00427,0.00389,0.00403,0.00366,0.00317,0.00689,0.01052,0.00513,0.00343,0.00335,0.00342,0.00353,0.00354,0.00328,0.00299,0.00297,0.00312,0.00033,0.00790,0.00818,0.00305,0.00299,0.00291,0.00299,0.00264,0.00250,0.00257,0.00266,0.00278,0.00252,0.00383,0.00724
0,0.00695,0.00965,0.00929,0.00946,0.00930,0.00924,0.00979,0.00883,0.00972,0.01062,0.00784,0.17245,0.26538,0.10159,0.00584,0.01032,0.00836,0.00895,0.00899,0.00898,0.00931,0.00903,0.00914,0.00700,0.01100,0.01779,0.01122,0.00759,0.00831,0.00825,0.00797,0.00759,0.00739,0.00705,0.00653,0.00673,0.00682,0.01040,0.01082,0.00697,0.00599,0.00614,0.00630,0.00625,0.00598,0.00563,0.00562,0.00538,0.00504,0.00595,0.01031,0.00900,0.00550,0.00526,0.00524,0.00501,0.00446,0.00422,0.00433,0.00440,0.00435,0.00418,0.00374,0.00326
0,0.00414,0.00020,0.00010,0.00025,0.00035,0.00032,0.00055,0.00085,0.00172,0.00474,0.02125,0.27450,0.40909,0.15153,0.00897,0.00242,0.00092,0.00067,0.00004,0.00047,0.00019,0.00011,0.00062,0.00287,0.01785,0.02034,0.00519,0.00069,0.00023,0.00010,0.00013,0.00001,0.00014,0.00022,0.00015,0.00066,0.00363,0.01449,0.01275,0.00212,0.00022,0.00011,0.00022,0.00002,0.00019,0.00016,0.00014,0.00014,0.00033,0.00349,0.01013,0.00701,0.00060,0.00026,0.00038,0.00036,0.00037,0.00028,0.00005,0.00019,0.00023,0.00021,0.00303,0.00629
0,0.00815,0.00542,0.00571,0.00538,0.00557,0.00574,0.00512,0.00590,0.00650,0.00162,0.02154,0.22927,0.33902,0.12318,0.00917,0.00708,0.00459,0.00544,0.00531,0.00494,0.00510,0.00489,0.00530,0.00339,0.01552,0.02069,0.00882,0.00450,0.00437,0.00453,0.00443,0.00423,0.00421,0.00406,0.00417,0.00389,0.00510,0.00695,0.00312,0.00307,0.00371,0.00370,0.00350,0.00330,0.00355,0.00321,0.00317,0.00329,0.00321,0.00154,0.00684,0.00680,0.00318,0.00283,0.00287,0.00282,0.00263,0.00245,0.00274,0.00277,0.00243,0.00231,0.00200,0.00017
0,0.00091,0.00020,0.00027,0.00012,0.00043,0.00025,0.00051,0.00082,0.00196,0.00435,0.02194,0.28079,0.41835,0.15504,0.00880,0.00254,0.00123,0.00039,0.00003,0.00038,0.00031,0.00025,0.00064,0.00294,0.01878,0.02143,0.00541,0.00064,0.00018,0.00016,0.00005,0.00020,0.00033,0.00024,0.00018,0.00050,0.00242,0.00960,0.00835,0.00134,0.00014,0.00008,0.00013,0.00010,0.00010,0.00010,0.00019,0.00013,0.00028,0.00336,0.00886,0.00591,0.00057,0.00025,0.00014,0.00023,0.00015,0.00004,0.00006,0.00018,0.00019,0.00016,0.00182,0.00359
0,0.00626,0.00029,0.00041,0.00049,0.00058,0.00076,0.00046,0.00133,0.00134,0.00447,0.02073,0.27156,0.40383,0.14994,0.00852,0.00233,0.00077,0.00003,0.00018,0.00018,0.00052,0.00034,0.00108,0.00304,0.01734,0.02030,0.00529,0.00088,0.00049,0.00055,0.00037,0.00026,0.00055,0.00022,0.00022,0.00012,0.00316,0.01387,0.01189,0.00172,0.00040,0.00014,0.00060,0.00056,0.00021,0.00050,0.00040,0.00058,0.00043,0.00384,0.01058,0.00677,0.00113,0.00031,0.00038,0.00044,0.00013,0.00063,0.00010,0.00062,0.00008,0.00050,0.00500,0.00896
0,0.00092,0.00031,0.00005,0.00021,0.00015,0.00014,0.00069,0.00072,0.00176,0.00462,0.02122,0.27443,0.40886,0.15142,0.00871,0.00251,0.00097,0.00044,0.00037,0.00025,0.00012,0.00018,0.00042,0.00287,0.01787,0.02041,0.00529,0.00065,0.00023,0.00010,0.00006,0.00010,0.00009,0.00022,0.00012,0.00086,0.00498,0.01930,0.01679,0.00254,0.00044,0.00035,0.00008,0.00011,0.00008,0.00010,0.00007,0.00010,0.00041,0.00382,0.01055,0.00706,0.00051,0.00017,0.00018,0.00013,0.00011,0.00021,0.00013,0.00034,0.00031,0.00022,0.00084,0.00171
0,0.00218,0.00036,0.00007,0.00013,0.00021,0.00060,0.00045,0.00113,0.00177,0.00470,0.02148,0.28092,0.41891,0.15488,0.00929,0.00244,0.00109,0.00057,0.00007,0.00046,0.00014,0.00039,0.00115,0.00258,0.01834,0.02053,0.00487,0.00038,0.00055,0.00018,0.00020,0.00025,0.00030,0.00018,0.00028,0.00031,0.00300,0.01078,0.00922,0.00128,0.00017,0.00028,0.00011,0.00034,0.00043,0.00006,0.00059,0.00043,0.00039,0.00332,0.00813,0.00571,0.00075,0.00022,0.00034,0.00025,0.00017,0.00022,0.00019,0.00028,0.00021,0.00013,0.00015,0.00051
0,0.00500,0.00017,0.00020,0.00024,0.00013,0.00060,0.00066,0.00099,0.00174,0.00468,0.02206,0.28322,0.42197,0.15631,0.00893,0.00251,0.00115,0.00044,0.00038,0.00019,0.00008,0.00006,0.00054,0.00283,0.01757,0.01989,0.00516,0.00053,0.00003,0.00051,0.00029,0.00017,0.00006,0.00028,0.00025,0.00022,0.00220,0.00828,0.00724,0.00118,0.00021,0.00011,0.00031,0.00020,0.00026,0.00032,0.00019,0.00019,0.00032,0.00289,0.00751,0.00499,0.00050,0.00019,0.00018,0.00020,0.00015,0.00020,0.00028,0.00008,0.00010,0.00019,0.00042,0.00105
0,0.00290,0.00011,0.00034,0.00049,0.00038,0.00021,0.00064,0.00113,0.00186,0.00504,0.02187,0.28274,0.42053,0.15565,0.00919,0.00253,0.00081,0.00051,0.00025,0.00063,0.00070,0.00010,0.00064,0.00251,0.01754,0.02023,0.00525,0.00068,0.00012,0.00034,0.00050,0.00024,0.00022,0.00027,0.00039,0.00035,0.00191,0.00747,0.00623,0.00112,0.00045,0.00037,0.00059,0.00059,0.00038,0.00026,0.00036,0.00006,0.00028,0.00328,0.00869,0.00569,0.00051,0.00031,0.00032,0.00039,0.00038,0.00018,0.00003,0.00027,0.00028,0.00026,0.00068,0.00077
0,0.00563,0.00038,0.00030,0.00043,0.00056,0.00099,0.00070,0.00061,0.00134,0.00528,0.02179,0.27881,0.41516,0.15398,0.00905,0.00197,0.00109,0.00075,0.00073,0.00049,0.00027,0.00043,0.00106,0.00336,0.01785,0.02023,0.00567,0.00059,0.00019,0.00037,0.00061,0.00066,0.00074,0.00046,0.00026,0.00042,0.00262,0.00836,0.00763,0.00159,0.00047,0.00021,0.00037,0.00035,0.00053,0.00027,0.00044,0.00061,0.00069,0.00304,0.00766,0.00539,0.00045,0.00035,0.00045,0.00028,0.00051,0.00054,0.00031,0.00059,0.00039,0.00040,0.00068,0.00163
0,0.00300,0.00025,0.00024,0.00007,0.00029,0.00027,0.00065,0.00089,0.00158,0.00513,0.02196,0.28577,0.42578,0.15773,0.00910,0.00264,0.00088,0.00059,0.00037,0.00017,0.00037,0.00023,0.00053,0.00285,0.01800,0.02060,0.00544,0.00051,0.00026,0.00024,0.00004,0.00028,0.00023,0.00026,0.00019,0.00009,0.00110,0.00422,0.00371,0.00063,0.00004,0.00011,0.00033,0.00045,0.00032,0.00017,0.00015,0.00018,0.00017,0.00310,0.00849,0.00549,0.00025,0.00026,0.00023,0.00022,0.00018,0.00028,0.00041,0.00017,0.00019,0.00031,0.00047,0.00093
0,0.00569,0.00015,0.00019,0.00024,0.00053,0.00025,0.00029,0.00130,0.00158,0.00472,0.02171,0.28043,0.41784,0.15446,0.00924,0.00225,0.00122,0.00038,0.00037,0.00047,0.00034,0.00027,0.00061,0.00283,0.01821,0.02067,0.00517,0.00068,0.00047,0.00032,0.00030,0.00038,0.00022,0.00043,0.00033,0.00036,0.00223,0.00843,0.00723,0.00113,0.00030,0.00058,0.00006,0.00041,0.00034,0.00011,0.00021,0.00025,0.00008,0.00313,0.00830,0.00533,0.00013,0.00018,0.00023,0.00016,0.00009,0.00024,0.00027,0.00014,0.00037,0.00029,0.00156,0.00331
0,0.02864,0.03227,0.03201,0.03142,0.03100,0.03048,0.02929,0.02884,0.02806,0.02461,0.03228,0.11440,0.15311,0.04652,0.02125,0.01993,0.01740,0.01648,0.01510,0.01385,0.01256,0.01130,0.01041,0.00840,0.01247,0.01575,0.00836,0.00625,0.00570,0.00549,0.00543,0.00529,0.00523,0.00550,0.00554,0.00545,0.00500,0.00133,0.00489,0.00572,0.00521,0.00527,0.00507,0.00485,0.00469,0.00455,0.00427,0.00407,0.00390,0.00499,0.00675,0.00412,0.00359,0.00378,0.00389,0.00401,0.00409,0.00419,0.00431,0.00444,0.00445,0.00450,0.00438,0.00365
0,0.00406,0.00007,0.00030,0.00016,0.00027,0.00038,0.00049,0.00105,0.00180,0.00433,0.02145,0.27463,0.40929,0.15160,0.00881,0.00226,0.00130,0.00028,0.00031,0.00007,0.00018,0.00022,0.00028,0.00291,0.01762,0.02014,0.00518,0.00058,0.00023,0.00040,0.00035,0.00005,0.00010,0.00018,0.00024,0.00048,0.00501,0.01924,0.01668,0.00251,0.00055,0.00006,0.00024,0.00016,0.00020,0.00012,0.00004,0.00022,0.00001,0.00361,0.00961,0.00649,0.00052,0.00030,0.00014,0.00021,0.00016,0.00005,0.00007,0.00017,0.00020,0.00021,0.00049,0.00069
0,0.00216,0.00017,0.00036,0.00010,0.00032,0.00023,0.00075,0.00059,0.00195,0.00466,0.02183,0.28102,0.41877,0.15508,0.00900,0.00250,0.00093,0.00063,0.00035,0.00033,0.00013,0.00031,0.00041,0.00290,0.01784,0.02023,0.00517,0.00065,0.00022,0.00030,0.00008,0.00006,0.00020,0.00022,0.00011,0.00033,0.00270,0.01026,0.00896,0.00142,0.00038,0.00006,0.00009,0.00022,0.00017,0.00049,0.00037,0.00013,0.00009,0.00303,0.00799,0.00540,0.00048,0.00021,0.00017,0.00045,0.00032,0.00010,0.00042,0.00024,0.00012,0.00016,0.00157,0.00310
0,0.00115,0.00027,0.00025,0.00012,0.00032,0.00010,0.00077,0.00057,0.00197,0.00447,0.02113,0.27343,0.40745,0.15064,0.00907,0.00230,0.00103,0.00045,0.00052,0.00015,0.00017,0.00050,0.00047,0.00257,0.01684,0.01939,0.00508,0.00042,0.00031,0.00009,0.00015,0.00018,0.00018,0.00008,0.00027,0.00042,0.00412,0.01563,0.01361,0.00214,0.00039,0.00016,0.00019,0.00006,0.00009,0.00026,0.00033,0.00039,0.00037,0.00379,0.00968,0.00618,0.00020,0.00057,0.00023,0.00008,0.00021,0.00036,0.00031,0.00041,0.00055,0.00025,0.00551,0.01064
0,0.00338,0.00066,0.00064,0.00080,0.00071,0.00205,0.00069,0.00069,0.00108,0.00539,0.02084,0.26824,0.39888,0.14774,0.00775,0.00325,0.00158,0.00063,0.00164,0.00164,0.00168,0.00156,0.00155,0.00277,0.01677,0.01956,0.00571,0.00088,0.00127,0.00139,0.00098,0.00142,0.00055,0.00209,0.00236,0.00176,0.00245,0.01185,0.01017,0.00229,0.00168,0.00052,0.00065,0.00025,0.00069,0.00073,0.00016,0.00049,0.00175,0.00198,0.00909,0.00718,0.00183,0.00103,0.00013,0.00020,0.00070,0.00080,0.00048,0.00085,0.00097,0.00034,0.00329,0.00686
0,0.00303,0.00028,0.00014,0.00028,0.00021,0.00031,0.00045,0.00089,0.00181,0.00441,0.02153,0.27450,0.40893,0.15141,0.00884,0.00247,0.00086,0.00059,0.00032,0.00012,0.00003,0.00004,0.00050,0.00283,0.01729,0.01972,0.00518,0.00061,0.00028,0.00012,0.00023,0.00008,0.00007,0.00035,0.00014,0.00078,0.00477,0.01880,0.01645,0.00257,0.00045,0.00031,0.00017,0.00021,0.00014,0.00010,0.00022,0.00032,0.00051,0.00367,0.01050,0.00719,0.00070,0.00006,0.00017,0.00010,0.00012,0.00015,0.00018,0.00023,0.00018,0.00015,0.00063,0.00129
0,0.00064,0.00016,0.00012,0.00022,0.00018,0.00043,0.00072,0.00060,0.00200,0.00471,0.02171,0.28216,0.42079,0.15594,0.00900,0.00256,0.00091,0.00068,0.00021,0.00032,0.00012,0.00024,0.00059,0.00285,0.01716,0.01949,0.00512,0.00051,0.00023,0.00028,0.00029,0.00026,0.00027,0.00025,0.00006,0.00027,0.00290,0.01074,0.00913,0.00125,0.00034,0.00033,0.00020,0.00018,0.00015,0.00015,0.00017,0.00014,0.00024,0.00260,0.00705,0.00491,0.00078,0.00027,0.00050,0.00045,0.00018,0.00011,0.00014,0.00019,0.00022,0.00014,0.00149,0.00299
1,0.00558,0.00326,0.00436,0.00219,0.00101,0.00341,0.00342,0.00066,0.00209,0.00643,0.01445,0.17091,0.24946,0.09079,0.00397,0.00562,0.00091,0.00118,0.00402,0.00256,0.00036,0.00330,0.00439,0.00226,0.00495,0.00559,0.00220,0.00415,0.00374,0.00097,0.00212,0.00390,0.00211,0.00113,0.00379,0.00413,0.02481,0.08600,0.07329,0.01349,0.00235,0.00393,0.00040,0.00250,0.00393,0.00145,0.00149,0.00418,0.00371,0.00258,0.00603,0.00414,0.00266,0.00451,0.00270,0.00037,0.00317,0.00359,0.00090,0.00212,0.00438,0.00339,0.03882,0.07373
1,0.00006,0.00004,0.00006,0.00009,0.00014,0.00021,0.00034,0.00061,0.00124,0.00324,0.01502,0.19385,0.28884,0.10693,0.00624,0.00171,0.00069,0.00034,0.00019,0.00011,0.00007,0.00005,0.00003,0.00002,0.00001,0.00000,0.00001,0.00002,0.00003,0.00005,0.00008,0.00012,0.00022,0.00041,0.00095,0.00301,0.02622,0.10214,0.08956,0.01437,0.00239,0.00084,0.00039,0.00022,0.00013,0.00009,0.00006,0.00004,0.00003,0.00003,0.00002,0.00002,0.00002,0.00002,0.00002,0.00002,0.00002,0.00003,0.00004,0.00005,0.00010,0.00025,0.04631,0.09156
1,0.00350,0.00007,0.00008,0.00011,0.00015,0.00022,0.00035,0.00062,0.00124,0.00323,0.01497,0.19314,0.28780,0.10654,0.00621,0.00170,0.00069,0.00034,0.00019,0.00011,0.00007,0.00005,0.00003,0.00002,0.00002,0.00002,0.00002,0.00003,0.00004,0.00005,0.00008,0.00013,0.00022,0.00042,0.00095,0.00301,0.02613,0.10177,0.08924,0.01432,0.00238,0.00083,0.00039,0.00021,0.00013,0.00008,0.00006,0.00004,0.00003,0.00002,0.00002,0.00002,0.00001,0.00001,0.00001,0.00002,0.00002,0.00002,0.00003,0.00005,0.00009,0.00025,0.04615,0.09123
1,0.00706,0.00012,0.00011,0.00013,0.00017,0.00024,0.00036,0.00062,0.00125,0.00323,0.01492,0.19242,0.28674,0.10615,0.00619,0.00169,0.00069,0.00034,0.00019,0.00012,0.00008,0.00005,0.00004,0.00003,0.00003,0.00003,0.00003,0.00003,0.00004,0.00006,0.00008,0.00013,0.00022,0.00041,0.00094,0.00300,0.02603,0.10139,0.08891,0.01426,0.00237,0.00083,0.00039,0.00021,0.00013,0.00008,0.00006,0.00004,0.00003,0.00002,0.00002,0.00001,0.00001,0.00001,0.00000,0.00001,0.00001,0.00002,0.00003,0.00004,0.00009,0.00024,0.04598,0.09089
1,0.00348,0.00010,0.00010,0.00012,0.00016,0.00023,0.00036,0.00063,0.00125,0.00324,0.01497,0.19312,0.28778,0.10653,0.00621,0.00170,0.00069,0.00034,0.00019,0.00012,0.00008,0.00005,0.00004,0.00003,0.00003,0.00003,0.00003,0.00003,0.00004,0.00006,0.00008,0.00013,0.00022,0.00042,0.00095,0.00301,0.02613,0.10176,0.08923,0.01431,0.00238,0.00083,0.00039,0.00021,0.00013,0.00008,0.00006,0.00004,0.00003,0.00002,0.00002,0.00001,0.00001,0.00001,0.00000,0.00001,0.00001,0.00002,0.00003,0.00004,0.00009,0.00024,0.04615,0.09122
1,0.00368,0.00025,0.00009,0.00015,0.00033,0.00032,0.00017,0.00063,0.00136,0.00318,0.01498,0.19231,0.28668,0.10633,0.00614,0.00159,0.00080,0.00039,0.00002,0.00024,0.00025,0.00015,0.00004,0.00005,0.00010,0.00017,0.00024,0.00025,0.00016,0.00012,0.00023,0.00022,0.00003,0.00050,0.00114,0.00294,0.02601,0.10130,0.08879,0.01441,0.00228,0.00073,0.00046,0.00021,0.00009,0.00024,0.00023,0.00015,0.00013,0.00011,0.00007,0.00013,0.00020,0.00022,0.00018,0.00013,0.00005,0.00008,0.00015,0.00016,0.00018,0.00043,0.04589,0.09074
1,0.00350,0.00007,0.00008,0.00011,0.00015,0.00022,0.00035,0.00062,0.00124,0.00323,0.01497,0.19314,0.28780,0.10654,0.00621,0.00170,0.00069,0.00034,0.00019,0.00011,0.00007,0.00005,0.00003,0.00002,0.00002,0.00002,0.00002,0.00003,0.00004,0.00005,0.00008,0.00013,0.00022,0.00042,0.00095,0.00301,0.02613,0.10176,0.08924,0.01432,0.00238,0.00083,0.00039,0.00021,0.00013,0.00008,0.00006,0.00004,0.00003,0.00002,0.00002,0.00002,0.00001,0.00001,0.00001,0.00002,0.00002,0.00002,0.00003,0.00005,0.00009,0.00025,0.04615,0.09123
1,0.00350,0.00007,0.00008,0.00011,0.00015,0.00022,0.00035,0.00062,0.00124,0.00323,0.01497,0.19314,0.28780,0.10654,0.00621,0.00170,0.00069,0.00034,0.00019,0.00011,0.00007,0.00005,0.00003,0.00002,0.00002,0.00002,0.00002,0.00003,0.00004,0.00005,0.00008,0.00013,0.00022,0.00042,0.00095,0.00301,0.02613,0.10176,0.08924,0.01432,0.00238,0.00083,0.00039,0.00021,0.00013,0.00008,0.00006,0.00004,0.00003,0.00002,0.00002,0.00002,0.00001,0.00001,0.00001,0.00002,0.00002,0.00002,0.00003,0.00005,0.00009,0.00025,0.04615,0.09123
1,0.01736,0.00693,0.00569,0.00586,0.00808,0.01120,0.01419,0.01668,0.01896,0.02185,0.02678,0.14059,0.17705,0.07088,0.00633,0.00727,0.00539,0.00340,0.00287,0.00312,0.00297,0.00225,0.00111,0.00030,0.00180,0.00321,0.00438,0.00524,0.00580,0.00616,0.00657,0.00736,0.00850,0.00949,0.00989,0.01078,0.02805,0.06143,0.05377,0.01783,0.00672,0.00447,0.00308,0.00157,0.00117,0.00218,0.00296,0.00342,0.00379,0.00423,0.00474,0.00528,0.00575,0.00600,0.00591,0.00548,0.00484,0.00427,0.00410,0.00456,0.00550,0.00655,0.03244,0.05363
1,0.00348,0.00010,0.00010,0.00012,0.00016,0.00023,0.00036,0.00063,0.00125,0.00324,0.01497,0.19312,0.28778,0.10653,0.00621,0.00170,0.00069,0.00034,0.00019,0.00012,0.00008,0.00005,0.00004,0.00003,0.00003,0.00003,0.00003,0.00003,0.00004,0.00006,0.00008,0.00013,0.00022,0.00042,0.00095,0.00301,0.02613,0.10176,0.08923,0.01431,0.00238,0.00083,0.00039,0.00021,0.00013,0.00008,0.00006,0.00004,0.00003,0.00002,0.00002,0.00001,0.00001,0.00001,0.00000,0.00001,0.00001,0.00002,0.00003,0.00004,0.00009,0.00024,0.04615,0.09122
1,0.00350,0.00007,0.00008,0.00011,0.00015,0.00022,0.00035,0.00062,0.00124,0.00323,0.01497,0.19314,0.28780,0.10654,0.00621,0.00170,0.00069,0.00034,0.00019,0.00011,0.00007,0.00005,0.00003,0.00002,0.00002,0.00002,0.00002,0.00003,0.00004,0.00005,0.00008,0.00013,0.00022,0.00042,0.00095,0.00301,0.02613,0.10177,0.08924,0.01432,0.00238,0.00083,0.00039,0.00021,0.00013,0.00008,0.00006,0.00004,0.00003,0.00002,0.00002,0.00002,0.00001,0.00001,0.00001,0.00002,0.00002,0.00002,0.00003,0.00005,0.00009,0.00025,0.04615,0.09123
1,0.00717,0.00012,0.00011,0.00013,0.00017,0.00024,0.00036,0.00062,0.00125,0.00323,0.01492,0.19240,0.28670,0.10613,0.00619,0.00169,0.00069,0.00034,0.00019,0.00012,0.00008,0.00005,0.00004,0.00003,0.00003,0.00003,0.00003,0.00003,0.00004,0.00006,0.00008,0.00013,0.00022,0.00041,0.00094,0.00299,0.02603,0.10138,0.08890,0.01426,0.00237,0.00083,0.00039,0.00021,0.00013,0.00008,0.00006,0.00004,0.00003,0.00002,0.00002,0.00001,0.00001,0.00001,0.00000,0.00001,0.00001,0.00002,0.00003,0.00004,0.00009,0.00024,0.04598,0.09088
1,0.00348,0.00010,0.00010,0.00012,0.00016,0.00023,0.00036,0.00063,0.00125,0.00324,0.01497,0.19312,0.28778,0.10653,0.00621,0.00170,0.00069,0.00034,0.00019,0.00012,0.00008,0.00005,0.00004,0.00003,0.00003,0.00003,0.00003,0.00003,0.00004,0.00006,0.00008,0.00013,0.00022,0.00042,0.00095,0.00301,0.02613,0.10176,0.08923,0.01431,0.00238,0.00083,0.00039,0.00021,0.00013,0.00008,0.00006,0.00004,0.00003,0.00002,0.00002,0.00001,0.00001,0.00001,0.00000,0.00001,0.00001,0.00002,0.00003,0.00004,0.00009,0.00024,0.04615,0.09122
1,0.00348,0.00010,0.00010,0.00012,0.00016,0.00023,0.00036,0.00063,0.00125,0.00324,0.01497,0.19312,0.28778,0.10653,0.00621,0.00170,0.00069,0.00034,0.00019,0.00012,0.00008,0.00005,0.00004,0.00003,0.00003,0.00003,0.00003,0.00003,0.00004,0.00006,0.00008,0.00013,0.00022,0.00042,0.00095,0.00301,0.02613,0.10176,0.08923,0.01431,0.00238,0.00083,0.00039,0.00021,0.00013,0.00008,0.00006,0.00004,0.00003,0.00002,0.00002,0.00001,0.00001,0.00001,0.00000,0.00001,0.00001,0.00002,0.00003,0.00004,0.00009,0.00024,0.04615,0.09122
1,0.00350,0.00007,0.00008,0.00011,0.00015,0.00022,0.00035,0.00062,0.00124,0.00323,0.01497,0.19314,0.28780,0.10654,0.00621,0.00170,0.00069,0.00034,0.00019,0.00011,0.00007,0.00005,0.00003,0.00002,0.00002,0.00002,0.00002,0.00003,0.00004,0.00005,0.00008,0.00013,0.00022,0.00042,0.00095,0.00301,0.02613,0.10176,0.08924,0.01432,0.00238,0.00083,0.00039,0.00021,0.00013,0.00008,0.00006,0.00004,0.00003,0.00002,0.00002,0.00002,0.00001,0.00001,0.00001,0.00002,0.00002,0.00002,0.00003,0.00005,0.00009,0.00025,0.04615,0.09123
1,0.00350,0.00007,0.00008,0.00011,0.00015,0.00022,0.00035,0.00062,0.00124,0.00323,0.01497,0.19314,0.28780,0.10654,0.00621,0.00170,0.00069,0.00034,0.00019,0.00011,0.00007,0.00005,0.00003,0.00002,0.00002,0.00002,0.00002,0.00003,0.00004,0.00005,0.00008,0.00013,0.00022,0.00042,0.00095,0.00301,0.02613,0.10176,0.08924,0.01432,0.00238,0.00083,0.00039,0.00021,0.00013,0.00008,0.00006,0.00004,0.00003,0.00002,0.00002,0.00002,0.00001,0.00001,0.00001,0.00002,0.00002,0.00002,0.00003,0.00005,0.00009,0.00025,0.04615,0.09123
1,0.02459,0.01802,0.01772,0.01737,0.01707,0.01675,0.01614,0.01510,0.01419,0.01531,0.02360,0.13584,0.19048,0.08053,0.00735,0.00784,0.00804,0.00716,0.00600,0.00496,0.00409,0.00326,0.00243,0.00168,0.00114,0.00103,0.00137,0.00188,0.00239,0.00283,0.00326,0.00372,0.00411,0.00417,0.00373,0.00433,0.02227,0.06808,0.06052,0.01423,0.00442,0.00328,0.00343,0.00333,0.00293,0.00244,0.00200,0.00162,0.00124,0.00085,0.00062,0.00073,0.00103,0.00138,0.00175,0.00212,0.00246,0.00275,0.00299,0.00321,0.00345,0.00368,0.03341,0.06030
1,0.00006,0.00003,0.00006,0.00009,0.00014,0.00021,0.00035,0.00061,0.00124,0.00324,0.01502,0.19385,0.28884,0.10693,0.00624,0.00171,0.00069,0.00034,0.00019,0.00011,0.00007,0.00005,0.00003,0.00002,0.00001,0.00000,0.00001,0.00002,0.00003,0.00005,0.00008,0.00012,0.00021,0.00041,0.00095,0.00301,0.02622,0.10213,0.08956,0.01437,0.00239,0.00084,0.00039,0.00022,0.00013,0.00009,0.00006,0.00004,0.00003,0.00003,0.00002,0.00002,0.00002,0.00002,0.00002,0.00002,0.00002,0.00003,0.00003,0.00005,0.00010,0.00025,0.04631,0.09156
1,0.00006,0.00004,0.00006,0.00009,0.00014,0.00021,0.00034,0.00061,0.00124,0.00324,0.01502,0.19385,0.28884,0.10693,0.00624,0.00171,0.00069,0.00034,0.00019,0.00011,0.00007,0.00005,0.00003,0.00002,0.00001,0.00000,0.00001,0.00002,0.00003,0.00005,0.00008,0.00012,0.00022,0.00041,0.00095,0.00301,0.02622,0.10214,0.08956,0.01437,0.00239,0.00084,0.00039,0.00022,0.00013,0.00009,0.00006,0.00004,0.00003,0.00003,0.00002,0.00002,0.00002,0.00002,0.00002,0.00002,0.00002,0.00003,0.00004,0.00005,0.00010,0.00025,0.04631,0.09156
1,0.00006,0.00004,0.00006,0.00009,0.00014,0.00021,0.00034,0.00061,0.00124,0.00324,0.01502,0.19385,0.28884,0.10693,0.00624,0.00171,0.00069,0.00034,0.00019,0.00011,0.00007,0.00005,0.00003,0.00002,0.00001,0.00000,0.00001,0.00002,0.00003,0.00005,0.00008,0.00012,0.00022,0.00041,0.00095,0.00301,0.02622,0.10214,0.08956,0.01437,0.00239,0.00084,0.00039,0.00022,0.00013,0.00009,0.00006,0.00004,0.00003,0.00003,0.00002,0.00002,0.00002,0.00002,0.00002,0.00002,0.00002,0.00003,0.00004,0.00005,0.00010,0.00025,0.04631,0.09156
1,0.01096,0.01010,0.01010,0.01002,0.00992,0.01002,0.01016,0.00974,0.00909,0.01100,0.01912,0.13641,0.18728,0.06645,0.00693,0.01018,0.00954,0.00894,0.00894,0.00896,0.00880,0.00863,0.00851,0.00840,0.00825,0.00810,0.00795,0.00779,0.00764,0.00751,0.00731,0.00705,0.00697,0.00705,0.00651,0.00444,0.02028,0.06323,0.05852,0.01498,0.00487,0.00471,0.00513,0.00488,0.00448,0.00427,0.00412,0.00389,0.00362,0.00339,0.00319,0.00294,0.00269,0.00246,0.00223,0.00199,0.00173,0.00150,0.00128,0.00102,0.00072,0.00063,0.03098,0.06152
1,0.00006,0.00004,0.00006,0.00009,0.00014,0.00021,0.00034,0.00061,0.00124,0.00324,0.01502,0.19385,0.28884,0.10693,0.00624,0.00171,0.00069,0.00034,0.00019,0.00011,0.00007,0.00005,0.00003,0.00002,0.00001,0.00000,0.00001,0.00002,0.00003,0.00005,0.00008,0.00012,0.00022,0.00041,0.00095,0.00301,0.02622,0.10214,0.08956,0.01437,0.00239,0.00084,0.00039,0.00022,0.00013,0.00009,0.00006,0.00004,0.00003,0.00003,0.00002,0.00002,0.00002,0.00002,0.00002,0.00002,0.00002,0.00003,0.00004,0.00005,0.00010,0.00025,0.04631,0.09156
1,0.00350,0.00007,0.00008,0.00011,0.00015,0.00022,0.00035,0.00062,0.00124,0.00323,0.01497,0.19314,0.28780,0.10654,0.00621,0.00170,0.00069,0.00034,0.00019,0.00011,0.00007,0.00005,0.00003,0.00002,0.00002,0.00002,0.00002,0.00003,0.00004,0.00005,0.00008,0.00013,0.00022,0.00042,0.00095,0.00301,0.02613,0.10176,0.08924,0.01432,0.00238,0.00083,0.00039,0.00021,0.00013,0.00008,0.00006,0.00004,0.00003,0.00002,0.00002,0.00002,0.00001,0.00001,0.00001,0.00002,0.00002,0.00002,0.00003,0.00005,0.00009,0.00025,0.04615,0.09123
1,0.00350,0.00007,0.00008,0.00011,0.00015,0.00022,0.00035,0.00062,0.00124,0.00323,0.01497,0.19314,0.28780,0.10654,0.00621,0.00170,0.00069,0.00034,0.00019,0.00011,0.00007,0.00005,0.00003,0.00002,0.00002,0.00002,0.00002,0.00003,0.00004,0.00005,0.00008,0.00013,0.00022,0.00042,0.00095,0.00301,0.02613,0.10176,0.08924,0.01432,0.00238,0.00083,0.00039,0.00021,0.00013,0.00008,0.00006,0.00004,0.00003,0.00002,0.00002,0.00002,0.00001,0.00001,0.00001,0.00002,0.00002,0.00002,0.00003,0.00005,0.00009,0.00025,0.04615,0.09123
1,0.00348,0.00010,0.00010,0.00012,0.00016,0.00023,0.00036,0.00063,0.00125,0.00324,0.01497,0.19312,0.28778,0.10653,0.00621,0.00170,0.00069,0.00034,0.00019,0.00012,0.00008,0.00005,0.00004,0.00003,0.00003,0.00003,0.00003,0.00003,0.00004,0.00006,0.00008,0.00013,0.00022,0.00042,0.00095,0.00301,0.02613,0.10176,0.08923,0.01431,0.00238,0.00083,0.00039,0.00021,0.00013,0.00008,0.00006,0.00004,0.00003,0.00002,0.00002,0.00001,0.00001,0.00001,0.00000,0.00001,0.00001,0.00002,0.00003,0.00004,0.00009,0.00024,0.04615,0.09122
1,0.00028,0.00071,0.00089,0.00116,0.00076,0.00077,0.00085,0.00083,0.00099,0.00365,0.01370,0.18782,0.27851,0.10287,0.00640,0.00157,0.00115,0.00081,0.00037,0.00085,0.00059,0.00100,0.00103,0.00070,0.00099,0.00071,0.00137,0.00008,0.00089,0.00074,0.00097,0.00082,0.00075,0.00120,0.00080,0.00363,0.02558,0.09858,0.08588,0.01424,0.00265,0.00103,0.00140,0.00064,0.00111,0.00029,0.00081,0.00065,0.00125,0.00055,0.00030,0.00133,0.00079,0.00100,0.00020,0.00119,0.00054,0.00108,0.00064,0.00067,0.00096,0.00100,0.04594,0.08850
1,0.00348,0.00010,0.00010,0.00012,0.00016,0.00023,0.00036,0.00063,0.00125,0.00324,0.01497,0.19312,0.28778,0.10653,0.00621,0.00170,0.00069,0.00034,0.00019,0.00012,0.00008,0.00005,0.00004,0.00003,0.00003,0.00003,0.00003,0.00003,0.00004,0.00006,0.00008,0.00013,0.00022,0.00042,0.00095,0.00301,0.02613,0.10176,0.08923,0.01431,0.00238,0.00083,0.00039,0.00021,0.00013,0.00008,0.00006,0.00004,0.00003,0.00002,0.00002,0.00001,0.00001,0.00001,0.00000,0.00001,0.00001,0.00002,0.00003,0.00004,0.00009,0.00024,0.04615,0.09122
1,0.00348,0.00010,0.00010,0.00012,0.00016,0.00023,0.00036,0.00063,0.00125,0.00324,0.01497,0.19312,0.28778,0.10653,0.00621,0.00170,0.00069,0.00034,0.00019,0.00012,0.00008,0.00005,0.00004,0.00003,0.00003,0.00003,0.00003,0.00003,0.00004,0.00006,0.00008,0.00013,0.00022,0.00042,0.00095,0.00301,0.02613,0.10176,0.08923,0.01431,0.00238,0.00083,0.00039,0.00021,0.00013,0.00008,0.00006,0.00004,0.00003,0.00002,0.00002,0.00001,0.00001,0.00001,0.00000,0.00001,0.00001,0.00002,0.00003,0.00004,0.00009,0.00024,0.04615,0.09122
1,0.00350,0.00007,0.00008,0.00011,0.00015,0.00022,0.00035,0.00062,0.00124,0.00323,0.01497,0.19314,0.28780,0.10654,0.00621,0.00170,0.00069,0.00034,0.00019,0.00011,0.00007,0.00005,0.00003,0.00002,0.00002,0.00002,0.00002,0.00003,0.00004,0.00005,0.00008,0.00013,0.00022,0.00042,0.00095,0.00301,0.02613,0.10177,0.08924,0.01432,0.00238,0.00083,0.00039,0.00021,0.00013,0.00008,0.00006,0.00004,0.00003,0.00002,0.00002,0.00002,0.00001,0.00001,0.00001,0.00002,0.00002,0.00002,0.00003,0.00005,0.00009,0.00025,0.04615,0.09123
1,0.00350,0.00007,0.00008,0.00011,0.00015,0.00022,0.00035,0.00062,0.00124,0.00323,0.01497,0.19314,0.28780,0.10654,0.00621,0.00170,0.00069,0.00034,0.00019,0.00011,0.00007,0.00005,0.00003,0.00002,0.00002,0.00002,0.00002,0.00003,0.00004,0.00005,0.00008,0.00013,0.00022,0.00042,0.00095,0.00301,0.02613,0.10177,0.08924,0.01432,0.00238,0.00083,0.00039,0.00021,0.00013,0.00008,0.00006,0.00004,0.00003,0.00002,0.00002,0.00002,0.00001,0.00001,0.00001,0.00002,0.00002,0.00002,0.00003,0.00005,0.00009,0.00025,0.04615,0.09123
1,0.00348,0.00010,0.00010,0.00012,0.00016,0.00023,0.00036,0.00063,0.00125,0.00324,0.01497,0.19312,0.28778,0.10653,0.00621,0.00170,0.00069,0.00034,0.00019,0.00012,0.00008,0.00005,0.00004,0.00003,0.00003,0.00003,0.00003,0.00003,0.00004,0.00006,0.00008,0.00013,0.00022,0.00042,0.00095,0.00301,0.02613,0.10176,0.08923,0.01431,0.00238,0.00083,0.00039,0.00021,0.00013,0.00008,0.00006,0.00004,0.00003,0.00002,0.00002,0.00001,0.00001,0.00001,0.00000,0.00001,0.00001,0.00002,0.00003,0.00004,0.00009,0.00024,0.04615,0.09122
1,0.00348,0.00010,0.00010,0.00012,0.00016,0.00023,0.00036,0.00063,0.00125,0.00324,0.01497,0.19312,0.28778,0.10653,0.00621,0.00170,0.00069,0.00034,0.00019,0.00012,0.00008,0.00005,0.00004,0.00003,0.00003,0.00003,0.00003,0.00003,0.00004,0.00006,0.00008,0.00013,0.00022,0.00042,0.00095,0.00301,0.02613,0.10176,0.08923,0.01431,0.00238,0.00083,0.00039,0.00021,0.00013,0.00008,0.00006,0.00004,0.00003,0.00002,0.00002,0.00001,0.00001,0.00001,0.00000,0.00001,0.00001,0.00002,0.00003,0.00004,0.00009,0.00024,0.04615,0.09122
1,0.00350,0.00007,0.00008,0.00011,0.00015,0.00022,0.00035,0.00062,0.00124,0.00323,0.01497,0.19314,0.28780,0.10654,0.00621,0.00170,0.00069,0.00034,0.00019,0.00011,0.00007,0.00005,0.00003,0.00002,0.00002,0.00002,0.00002,0.00003,0.00004,0.00005,0.00008,0.00013,0.00022,0.00042,0.00095,0.00301,0.02613,0.10176,0.08924,0.01432,0.00238,0.00083,0.00039,0.00021,0.00013,0.00008,0.00006,0.00004,0.00003,0.00002,0.00002,0.00002,0.00001,0.00001,0.00001,0.00002,0.00002,0.00002,0.00003,0.00005,0.00009,0.00025,0.04615,0.09123
1,0.01084,0.00557,0.00552,0.00543,0.00532,0.00528,0.00537,0.00570,0.00628,0.00718,0.01315,0.17139,0.24455,0.09480,0.00606,0.00325,0.00379,0.00410,0.00414,0.00402,0.00383,0.00364,0.00345,0.00328,0.00311,0.00294,0.00277,0.00261,0.00245,0.00230,0.00214,0.00193,0.00162,0.00119,0.00092,0.00286,0.02343,0.08728,0.07763,0.01268,0.00254,0.00097,0.00029,0.00026,0.00050,0.00067,0.00077,0.00085,0.00093,0.00103,0.00115,0.00126,0.00136,0.00145,0.00152,0.00158,0.00163,0.00170,0.00177,0.00183,0.00189,0.00187,0.04126,0.07716
1,0.00006,0.00004,0.00006,0.00009,0.00014,0.00021,0.00034,0.00061,0.00124,0.00324,0.01502,0.19385,0.28884,0.10693,0.00624,0.00171,0.00069,0.00034,0.00019,0.00011,0.00007,0.00005,0.00003,0.00002,0.00001,0.00000,0.00001,0.00002,0.00003,0.00005,0.00008,0.00012,0.00022,0.00041,0.00095,0.00301,0.02622,0.10214,0.08956,0.01437,0.00239,0.00084,0.00039,0.00022,0.00013,0.00009,0.00006,0.00004,0.00003,0.00003,0.00002,0.00002,0.00002,0.00002,0.00002,0.00002,0.00002,0.00003,0.00004,0.00005,0.00010,0.00025,0.04631,0.09156
1,0.00350,0.00007,0.00008,0.00011,0.00015,0.00022,0.00035,0.00062,0.00124,0.00323,0.01497,0.19314,0.28780,0.10654,0.00621,0.00170,0.00069,0.00034,0.00019,0.00011,0.00007,0.00005,0.00003,0.00002,0.00002,0.00002,0.00002,0.00003,0.00004,0.00005,0.00008,0.00013,0.00022,0.00042,0.00095,0.00301,0.02613,0.10177,0.08924,0.01432,0.00238,0.00083,0.00039,0.00021,0.00013,0.00008,0.00006,0.00004,0.00003,0.00002,0.00002,0.00002,0.00001,0.00001,0.00001,0.00002,0.00002,0.00002,0.00003,0.00005,0.00009,0.00025,0.04615,0.09123
1,0.00350,0.00007,0.00008,0.00011,0.00015,0.00022,0.00035,0.00062,0.00124,0.00323,0.01497,0.19314,0.28780,0.10654,0.00621,0.00170,0.00069,0.00034,0.00019,0.00011,0.00007,0.00005,0.00003,0.00002,0.00002,0.00002,0.00002,0.00003,0.00004,0.00005,0.00008,0.00013,0.00022,0.00042,0.00095,0.00301,0.02613,0.10177,0.08924,0.01432,0.00238,0.00083,0.00039,0.00021,0.00013,0.00008,0.00006,0.00004,0.00003,0.00002,0.00002,0.00002,0.00001,0.00001,0.00001,0.00002,0.00002,0.00002,0.00003,0.00005,0.00009,0.00025,0.04615,0.09123
1,0.00007,0.00004,0.00007,0.00010,0.00014,0.00022,0.00035,0.00061,0.00124,0.00323,0.01501,0.19384,0.28881,0.10693,0.00624,0.00171,0.00069,0.00034,0.00018,0.00011,0.00007,0.00004,0.00003,0.00002,0.00001,0.00001,0.00000,0.00001,0.00003,0.00005,0.00008,0.00013,0.00022,0.00042,0.00095,0.00302,0.02622,0.10213,0.08955,0.01437,0.00240,0.00084,0.00040,0.00022,0.00013,0.00008,0.00006,0.00004,0.00003,0.00002,0.00002,0.00002,0.00002,0.00002,0.00002,0.00003,0.00003,0.00003,0.00004,0.00005,0.00009,0.00024,0.04632,0.09155
1,0.00374,0.00007,0.00008,0.00011,0.00016,0.00023,0.00036,0.00063,0.00125,0.00324,0.01497,0.19307,0.28768,0.10651,0.00622,0.00171,0.00070,0.00035,0.00020,0.00012,0.00007,0.00005,0.00003,0.00001,0.00001,0.00001,0.00002,0.00003,0.00005,0.00007,0.00009,0.00014,0.00023,0.00042,0.00095,0.00300,0.02611,0.10173,0.08919,0.01432,0.00239,0.00084,0.00040,0.00022,0.00013,0.00008,0.00005,0.00004,0.00002,0.00001,0.00001,0.00001,0.00001,0.00001,0.00001,0.00001,0.00002,0.00002,0.00004,0.00006,0.00010,0.00026,0.04612,0.09121
1,0.00706,0.00012,0.00011,0.00013,0.00017,0.00024,0.00036,0.00062,0.00125,0.00323,0.01492,0.19242,0.28674,0.10615,0.00619,0.00169,0.00069,0.00034,0.00019,0.00012,0.00008,0.00005,0.00004,0.00003,0.00003,0.00003,0.00003,0.00003,0.00004,0.00006,0.00008,0.00013,0.00022,0.00041,0.00094,0.00300,0.02603,0.10139,0.08891,0.01426,0.00237,0.00083,0.00039,0.00021,0.00013,0.00008,0.00006,0.00004,0.00003,0.00002,0.00002,0.00001,0.00001,0.00001,0.00000,0.00001,0.00001,0.00002,0.00003,0.00004,0.00009,0.00024,0.04598,0.09089
1,0.00297,0.00060,0.00076,0.00064,0.00074,0.00074,0.00065,0.00117,0.00075,0.00383,0.01392,0.18766,0.28005,0.10350,0.00625,0.00184,0.00076,0.00094,0.00054,0.00079,0.00061,0.00074,0.00066,0.00071,0.00067,0.00069,0.00069,0.00068,0.00070,0.00064,0.00076,0.00057,0.00090,0.00037,0.00148,0.00270,0.02557,0.09908,0.08667,0.01346,0.00297,0.00014,0.00105,0.00051,0.00078,0.00067,0.00069,0.00069,0.00067,0.00071,0.00067,0.00069,0.00068,0.00069,0.00070,0.00068,0.00069,0.00068,0.00069,0.00070,0.00064,0.00088,0.04565,0.08963
1,0.00348,0.00010,0.00010,0.00012,0.00016,0.00023,0.00036,0.00063,0.00125,0.00324,0.01497,0.19312,0.28778,0.10653,0.00621,0.00170,0.00069,0.00034,0.00019,0.00012,0.00008,0.00005,0.00004,0.00003,0.00003,0.00003,0.00003,0.00003,0.00004,0.00006,0.00008,0.00013,0.00022,0.00042,0.00095,0.00301,0.02613,0.10176,0.08923,0.01431,0.00238,0.00083,0.00039,0.00021,0.00013,0.00008,0.00006,0.00004,0.00003,0.00002,0.00002,0.00001,0.00001,0.00001,0.00000,0.00001,0.00001,0.00002,0.00003,0.00004,0.00009,0.00024,0.04615,0.09122
1,0.00363,0.00036,0.00019,0.00039,0.00044,0.00019,0.00057,0.00090,0.00100,0.00324,0.01514,0.19133,0.28446,0.10510,0.00618,0.00192,0.00039,0.00047,0.00058,0.00032,0.00023,0.00034,0.00034,0.00039,0.00042,0.00033,0.00027,0.00031,0.00032,0.00039,0.00048,0.00034,0.00018,0.00069,0.00093,0.00262,0.02610,0.10046,0.08800,0.01406,0.00215,0.00119,0.00063,0.00015,0.00036,0.00033,0.00027,0.00040,0.00044,0.00036,0.00028,0.00029,0.00032,0.00038,0.00041,0.00039,0.00029,0.00026,0.00035,0.00037,0.00033,0.00056,0.04549,0.08998
1,0.00350,0.00007,0.00008,0.00011,0.00015,0.00022,0.00035,0.00062,0.00124,0.00323,0.01497,0.19314,0.28780,0.10654,0.00621,0.00170,0.00069,0.00034,0.00019,0.00011,0.00007,0.00005,0.00003,0.00002,0.00002,0.00002,0.00002,0.00003,0.00004,0.00005,0.00008,0.00013,0.00022,0.00042,0.00095,0.00301,0.02613,0.10176,0.08924,0.01432,0.00238,0.00083,0.00039,0.00021,0.00013,0.00008,0.00006,0.00004,0.00003,0.00002,0.00002,0.00002,0.00001,0.00001,0.00001,0.00002,0.00002,0.00002,0.00003,0.00005,0.00009,0.00025,0.04615,0.09123
1,0.00006,0.00004,0.00006,0.00009,0.00014,0.00021,0.00034,0.00061,0.00124,0.00324,0.01502,0.19385,0.28884,0.10693,0.00624,0.00171,0.00069,0.00034,0.00019,0.00011,0.00007,0.00005,0.00003,0.00002,0.00001,0.00000,0.00001,0.00002,0.00003,0.00005,0.00008,0.00012,0.00022,0.00041,0.00095,0.00301,0.02622,0.10214,0.08956,0.01437,0.00239,0.00084,0.00039,0.00022,0.00013,0.00009,0.00006,0.00004,0.00003,0.00003,0.00002,0.00002,0.00002,0.00002,0.00002,0.00002,0.00002,0.00003,0.00004,0.00005,0.00010,0.00025,0.04631,0.09156
1,0.00350,0.00007,0.00008,0.00011,0.00015,0.00022,0.00035,0.00062,0.00124,0.00323,0.01497,0.19314,0.28780,0.10654,0.00621,0.00170,0.00069,0.00034,0.00019,0.00011,0.00007,0.00005,0.00003,0.00002,0.00002,0.00002,0.00002,0.00003,0.00004,0.00005,0.00008,0.00013,0.00022,0.00042,0.00095,0.00301,0.02613,0.10177,0.08924,0.01432,0.00238,0.00083,0.00039,0.00021,0.00013,0.00008,0.00006,0.00004,0.00003,0.00002,0.00002,0.00002,0.00001,0.00001,0.00001,0.00002,0.00002,0.00002,0.00003,0.00005,0.00009,0.00025,0.04615,0.09123
1,0.00350,0.00007,0.00008,0.00011,0.00015,0.00022,0.00035,0.00062,0.00124,0.00323,0.01497,0.19314,0.28780,0.10654,0.00621,0.00170,0.00069,0.00034,0.00019,0.00011,0.00007,0.00005,0.00003,0.00002,0.00002,0.00002,0.00002,0.00003,0.00004,0.00005,0.00008,0.00013,0.00022,0.00042,0.00095,0.00301,0.02613,0.10177,0.08924,0.01432,0.00238,0.00083,0.00039,0.00021,0.00013,0.00008,0.00006,0.00004,0.00003,0.00002,0.00002,0.00002,0.00001,0.00001,0.00001,0.00002,0.00002,0.00002,0.00003,0.00005,0.00009,0.00025,0.04615,0.09123
1,0.00024,0.00018,0.00017,0.00017,0.00016,0.00017,0.00026,0.00049,0.00111,0.00309,0.01482,0.19317,0.28754,0.10658,0.00627,0.00174,0.00071,0.00034,0.00018,0.00011,0.00009,0.00009,0.00011,0.00012,0.00013,0.00014,0.00015,0.00016,0.00017,0.00020,0.00022,0.00026,0.00034,0.00052,0.00101,0.00304,0.02612,0.10174,0.08913,0.01440,0.00249,0.00096,0.00053,0.00035,0.00027,0.00022,0.00019,0.00017,0.00016,0.00015,0.00015,0.00014,0.00014,0.00014,0.00014,0.00014,0.00014,0.00013,0.00012,0.00011,0.00009,0.00013,0.04626,0.09104
1,0.00350,0.00007,0.00008,0.00011,0.00015,0.00022,0.00035,0.00062,0.00124,0.00323,0.01497,0.19314,0.28780,0.10654,0.00621,0.00170,0.00069,0.00034,0.00019,0.00011,0.00007,0.00005,0.00003,0.00002,0.00002,0.00002,0.00002,0.00003,0.00004,0.00005,0.00008,0.00013,0.00022,0.00042,0.00095,0.00301,0.02613,0.10177,0.08924,0.01432,0.00238,0.00083,0.00039,0.00021,0.00013,0.00008,0.00006,0.00004,0.00003,0.00002,0.00002,0.00002,0.00001,0.00001,0.00001,0.00002,0.00002,0.00002,0.00003,0.00005,0.00009,0.00025,0.04615,0.09123
1,0.00348,0.00010,0.00010,0.00012,0.00016,0.00023,0.00036,0.00063,0.00125,0.00324,0.01497,0.19312,0.28778,0.10653,0.00621,0.00170,0.00069,0.00034,0.00019,0.00012,0.00008,0.00005,0.00004,0.00003,0.00003,0.00003,0.00003,0.00003,0.00004,0.00006,0.00008,0.00013,0.00022,0.00042,0.00095,0.00301,0.02613,0.10176,0.08923,0.01431,0.00238,0.00083,0.00039,0.00021,0.00013,0.00008,0.00006,0.00004,0.00003,0.00002,0.00002,0.00001,0.00001,0.00001,0.00000,0.00001,0.00001,0.00002,0.00003,0.00004,0.00009,0.00024,0.04615,0.09122
1,0.00348,0.00010,0.00010,0.00012,0.00016,0.00023,0.00036,0.00063,0.00125,0.00324,0.01497,0.19312,0.28778,0.10653,0.00621,0.00170,0.00069,0.00034,0.00019,0.00012,0.00008,0.00005,0.00004,0.00003,0.00003,0.00003,0.00003,0.00003,0.00004,0.00006,0.00008,0.00013,0.00022,0.00042,0.00095,0.00301,0.02613,0.10176,0.08923,0.01431,0.00238,0.00083,0.00039,0.00021,0.00013,0.00008,0.00006,0.00004,0.00003,0.00002,0.00002,0.00001,0.00001,0.00001,0.00000,0.00001,0.00001,0.00002,0.00003,0.00004,0.00009,0.00024,0.04615,0.09122
1,0.00348,0.00010,0.00010,0.00012,0.00016,0.00023,0.00036,0.00063,0.00125,0.00324,0.01497,0.19312,0.28778,0.10653,0.00621,0.00170,0.00069,0.00034,0.00019,0.00012,0.00008,0.00005,0.00004,0.00003,0.00003,0.00003,0.00003,0.00003,0.00004,0.00006,0.00008,0.00013,0.00022,0.00042,0.00095,0.00301,0.02613,0.10176,0.08923,0.01431,0.00238,0.00083,0.00039,0.00021,0.00013,0.00008,0.00006,0.00004,0.00003,0.00002,0.00002,0.00001,0.00001,0.00001,0.00000,0.00001,0.00001,0.00002,0.00003,0.00004,0.00009,0.00024,0.04615,0.09122
1,0.00350,0.00007,0.00008,0.00011,0.00015,0.00022,0.00035,0.00062,0.00124,0.00323,0.01497,0.19314,0.28780,0.10654,0.00621,0.00170,0.00069,0.00034,0.00019,0.00011,0.00007,0.00005,0.00003,0.00002,0.00002,0.00002,0.00002,0.00003,0.00004,0.00005,0.00008,0.00013,0.00022,0.00042,0.00095,0.00301,0.02613,0.10176,0.08924,0.01432,0.00238,0.00083,0.00039,0.00021,0.00013,0.00008,0.00006,0.00004,0.00003,0.00002,0.00002,0.00002,0.00001,0.00001,0.00001,0.00002,0.00002,0.00002,0.00003,0.00005,0.00009,0.00025,0.04615,0.09123
1,0.00006,0.00004,0.00006,0.00009,0.00014,0.00021,0.00034,0.00061,0.00124,0.00324,0.01502,0.19385,0.28884,0.10693,0.00624,0.00171,0.00069,0.00034,0.00019,0.00011,0.00007,0.00005,0.00003,0.00002,0.00001,0.00000,0.00001,0.00002,0.00003,0.00005,0.00008,0.00012,0.00022,0.00041,0.00095,0.00301,0.02622,0.10214,0.08956,0.01437,0.00239,0.00084,0.00039,0.00022,0.00013,0.00009,0.00006,0.00004,0.00003,0.00003,0.00002,0.00002,0.00002,0.00002,0.00002,0.00002,0.00002,0.00003,0.00004,0.00005,0.00010,0.00025,0.04631,0.09156
1,0.00350,0.00007,0.00008,0.00011,0.00015,0.00022,0.00035,0.00062,0.00124,0.00323,0.01497,0.19314,0.28780,0.10654,0.00621,0.00170,0.00069,0.00034,0.00019,0.00011,0.00007,0.00005,0.00003,0.00002,0.00002,0.00002,0.00002,0.00003,0.00004,0.00005,0.00008,0.00013,0.00022,0.00042,0.00095,0.00301,0.02613,0.10177,0.08924,0.01432,0.00238,0.00083,0.00039,0.00021,0.00013,0.00008,0.00006,0.00004,0.00003,0.00002,0.00002,0.00002,0.00001,0.00001,0.00001,0.00002,0.00002,0.00002,0.00003,0.00005,0.00009,0.00025,0.04615,0.09123
1,0.00350,0.00007,0.00008,0.00011,0.00015,0.00022,0.00035,0.00062,0.00124,0.00323,0.01497,0.19314,0.28780,0.10654,0.00621,0.00170,0.00069,0.00034,0.00019,0.00011,0.00007,0.00005,0.00003,0.00002,0.00002,0.00002,0.00002,0.00003,0.00004,0.00005,0.00008,0.00013,0.00022,0.00042,0.00095,0.00301,0.02613,0.10177,0.08924,0.01432,0.00238,0.00083,0.00039,0.00021,0.00013,0.00008,0.00006,0.00004,0.00003,0.00002,0.00002,0.00002,0.00001,0.00001,0.00001,0.00002,0.00002,0.00002,0.00003,0.00005,0.00009,0.00025,0.04615,0.09123
1,0.00006,0.00004,0.00006,0.00009,0.00014,0.00021,0.00034,0.00061,0.00124,0.00324,0.01502,0.19385,0.28884,0.10693,0.00624,0.00171,0.00069,0.00034,0.00019,0.00011,0.00007,0.00005,0.00003,0.00002,0.00001,0.00000,0.00001,0.00002,0.00003,0.00005,0.00008,0.00012,0.00022,0.00041,0.00095,0.00301,0.02622,0.10214,0.08956,0.01437,0.00239,0.00084,0.00039,0.00022,0.00013,0.00009,0.00006,0.00004,0.00003,0.00003,0.00002,0.00002,0.00002,0.00002,0.00002,0.00002,0.00002,0.00003,0.00004,0.00005,0.00010,0.00025,0.04631,0.09156
1,0.00325,0.00040,0.00034,0.00050,0.00028,0.00050,0.00057,0.00042,0.00160,0.00287,0.01502,0.19125,0.28479,0.10520,0.00648,0.00144,0.00086,0.00051,0.00023,0.00042,0.00025,0.00034,0.00032,0.00030,0.00034,0.00031,0.00032,0.00036,0.00030,0.00039,0.00034,0.00034,0.00055,0.00005,0.00128,0.00281,0.02585,0.10053,0.08799,0.01379,0.00265,0.00085,0.00043,0.00058,0.00027,0.00047,0.00037,0.00039,0.00040,0.00036,0.00039,0.00035,0.00037,0.00035,0.00034,0.00035,0.00032,0.00035,0.00030,0.00035,0.00033,0.00029,0.04543,0.09002
1,0.02263,0.01713,0.01686,0.01658,0.01632,0.01596,0.01531,0.01432,0.01363,0.01494,0.02302,0.13893,0.19494,0.08211,0.00735,0.00732,0.00758,0.00685,0.00577,0.00476,0.00390,0.00312,0.00235,0.00165,0.00113,0.00103,0.00135,0.00182,0.00228,0.00270,0.00313,0.00357,0.00391,0.00392,0.00351,0.00440,0.02256,0.06968,0.06193,0.01427,0.00444,0.00313,0.00321,0.00316,0.00281,0.00235,0.00192,0.00155,0.00119,0.00084,0.00062,0.00072,0.00100,0.00133,0.00167,0.00203,0.00235,0.00262,0.00285,0.00307,0.00330,0.00351,0.03413,0.06171
1,0.00348,0.00010,0.00010,0.00012,0.00016,0.00023,0.00036,0.00063,0.00125,0.00324,0.01497,0.19312,0.28778,0.10653,0.00621,0.00170,0.00069,0.00034,0.00019,0.00012,0.00008,0.00005,0.00004,0.00003,0.00003,0.00003,0.00003,0.00003,0.00004,0.00006,0.00008,0.00013,0.00022,0.00042,0.00095,0.00301,0.02613,0.10176,0.08923,0.01431,0.00238,0.00083,0.00039,0.00021,0.00013,0.00008,0.00006,0.00004,0.00003,0.00002,0.00002,0.00001,0.00001,0.00001,0.00000,0.00001,0.00001,0.00002,0.00003,0.00004,0.00009,0.00024,0.04615,0.09122
2,0.00556,0.00051,0.00043,0.00020,0.00023,0.00018,0.00073,0.00097,0.00163,0.00420,0.01976,0.25541,0.38073,0.14104,0.00813,0.00218,0.00103,0.00040,0.00039,0.00009,0.00009,0.00026,0.00053,0.00120,0.00859,0.00980,0.00257,0.00026,0.00034,0.00037,0.00034,0.00036,0.00024,0.00011,0.00064,0.00106,0.01127,0.04310,0.03768,0.00612,0.00094,0.00039,0.00019,0.00022,0.00007,0.00008,0.00020,0.00018,0.00010,0.00285,0.00725,0.00484,0.00058,0.00036,0.00015,0.00022,0.00018,0.00017,0.00006,0.00014,0.00022,0.00027,0.01069,0.02092
2,0.00626,0.00026,0.00023,0.00004,0.00035,0.00036,0.00032,0.00096,0.00141,0.00417,0.01880,0.24172,0.36019,0.13341,0.00776,0.00211,0.00081,0.00052,0.00007,0.00036,0.00012,0.00027,0.00037,0.00161,0.01075,0.01230,0.00316,0.00055,0.00014,0.00005,0.00019,0.00027,0.00016,0.00029,0.00033,0.00141,0.01176,0.04584,0.04035,0.00666,0.00108,0.00036,0.00004,0.00035,0.00022,0.00011,0.00018,0.00026,0.00034,0.00426,0.01139,0.00773,0.00077,0.00005,0.00009,0.00023,0.00035,0.00031,0.00020,0.00012,0.00001,0.00018,0.01839,0.03627
2,0.00633,0.00024,0.00021,0.00016,0.00029,0.00027,0.00057,0.00065,0.00171,0.00438,0.01875,0.24706,0.36847,0.13642,0.00789,0.00232,0.00073,0.00040,0.00032,0.00020,0.00022,0.00028,0.00025,0.00156,0.01061,0.01220,0.00315,0.00040,0.00023,0.00021,0.00039,0.00033,0.00021,0.00014,0.00035,0.00146,0.01126,0.04420,0.03871,0.00610,0.00105,0.00058,0.00022,0.00012,0.00021,0.00012,0.00035,0.00018,0.00029,0.00396,0.01086,0.00730,0.00055,0.00030,0.00017,0.00020,0.00004,0.00011,0.00007,0.00012,0.00008,0.00039,0.01456,0.02853
2,0.00531,0.00017,0.00007,0.00017,0.00048,0.00048,0.00035,0.00098,0.00173,0.00446,0.02121,0.27122,0.40398,0.14952,0.00866,0.00267,0.00078,0.00053,0.00030,0.00014,0.00015,0.00019,0.00035,0.00136,0.00969,0.01127,0.00312,0.00012,0.00020,0.00028,0.00052,0.00042,0.00032,0.00007,0.00049,0.00093,0.00942,0.03668,0.03225,0.00516,0.00082,0.00043,0.00028,0.00035,0.00024,0.00016,0.00010,0.00016,0.00007,0.00147,0.00408,0.00290,0.00041,0.00020,0.00009,0.00015,0.00028,0.00027,0.00011,0.00022,0.00023,0.00021,0.00021,0.00036
2,0.00203,0.00081,0.00063,0.00083,0.00027,0.00015,0.00093,0.00072,0.00160,0.00409,0.01861,0.24233,0.36126,0.13368,0.00787,0.00227,0.00086,0.00026,0.00059,0.00010,0.00025,0.00047,0.00035,0.00222,0.01142,0.01276,0.00317,0.00080,0.00055,0.00057,0.00018,0.00063,0.00063,0.00012,0.00053,0.00111,0.01172,0.04461,0.03900,0.00619,0.00138,0.00024,0.00006,0.00041,0.00025,0.00019,0.00058,0.00065,0.00088,0.00399,0.01188,0.00834,0.00123,0.00042,0.00073,0.00067,0.00005,0.00044,0.00023,0.00025,0.00018,0.00008,0.01659,0.03311
2,0.00020,0.00013,0.00020,0.00035,0.00023,0.00052,0.00030,0.00097,0.00160,0.00401,0.01931,0.24849,0.37030,0.13721,0.00791,0.00218,0.00086,0.00062,0.00016,0.00035,0.00024,0.00046,0.00038,0.00172,0.01043,0.01184,0.00322,0.00011,0.00022,0.00018,0.00020,0.00018,0.00042,0.00011,0.00033,0.00150,0.01101,0.04339,0.03823,0.00632,0.00084,0.00037,0.00037,0.00007,0.00011,0.00014,0.00008,0.00009,0.00028,0.00374,0.01004,0.00691,0.00072,0.00022,0.00011,0.00007,0.00008,0.00027,0.00033,0.00019,0.00012,0.00009,0.01624,0.03215
2,0.00138,0.00034,0.00048,0.00023,0.00014,0.00038,0.00043,0.00082,0.00174,0.00431,0.02026,0.26128,0.38922,0.14384,0.00877,0.00208,0.00101,0.00053,0.00023,0.00007,0.00025,0.00010,0.00034,0.00103,0.00770,0.00899,0.00237,0.00023,0.00034,0.00011,0.00002,0.00009,0.00025,0.00026,0.00047,0.00130,0.01077,0.04228,0.03726,0.00611,0.00095,0.00037,0.00030,0.00018,0.00023,0.00024,0.00008,0.00023,0.00029,0.00222,0.00587,0.00393,0.00033,0.00007,0.00020,0.00026,0.00016,0.00009,0.00015,0.00033,0.00040,0.00036,0.00845,0.01650
2,0.00265,0.00009,0.00026,0.00011,0.00005,0.00060,0.00019,0.00080,0.00136,0.00376,0.01734,0.22296,0.33231,0.12320,0.00716,0.00188,0.00076,0.00070,0.00040,0.00062,0.00012,0.00013,0.00058,0.00256,0.01565,0.01780,0.00460,0.00043,0.00020,0.00019,0.00006,0.00023,0.00014,0.00034,0.00058,0.00158,0.01368,0.05343,0.04684,0.00739,0.00133,0.00046,0.00033,0.00030,0.00030,0.00019,0.00005,0.00016,0.00053,0.00660,0.01803,0.01209,0.00099,0.00012,0.00012,0.00002,0.00016,0.00010,0.00005,0.00014,0.00014,0.00018,0.02480,0.04909
2,0.00528,0.00021,0.00005,0.00027,0.00026,0.00039,0.00067,0.00055,0.00189,0.00421,0.02060,0.26348,0.39256,0.14525,0.00845,0.00239,0.00085,0.00089,0.00032,0.00019,0.00017,0.00033,0.00019,0.00113,0.00730,0.00856,0.00226,0.00029,0.00042,0.00010,0.00025,0.00045,0.00022,0.00034,0.00024,0.00148,0.01097,0.04309,0.03791,0.00609,0.00085,0.00083,0.00033,0.00047,0.00044,0.00044,0.00054,0.00035,0.00029,0.00192,0.00526,0.00368,0.00041,0.00011,0.00037,0.00050,0.00074,0.00062,0.00026,0.00019,0.00017,0.00014,0.00356,0.00696
2,0.00587,0.00041,0.00128,0.00191,0.00146,0.00159,0.00105,0.00148,0.00201,0.00381,0.01836,0.23219,0.34544,0.12824,0.00689,0.00208,0.00115,0.00040,0.00032,0.00060,0.00137,0.00128,0.00097,0.00300,0.01242,0.01333,0.00307,0.00091,0.00007,0.00024,0.00028,0.00066,0.00067,0.00066,0.00066,0.00177,0.01203,0.05057,0.04577,0.00805,0.00143,0.00106,0.00108,0.00023,0.00030,0.00029,0.00064,0.00106,0.00126,0.00426,0.01103,0.00767,0.00086,0.00011,0.00008,0.00010,0.00070,0.00125,0.00130,0.00093,0.00109,0.00163,0.01642,0.03089
2,0.00607,0.00036,0.00010,0.00033,0.00013,0.00043,0.00028,0.00099,0.00148,0.00421,0.01910,0.24715,0.36830,0.13625,0.00804,0.00222,0.00077,0.00053,0.00036,0.00030,0.00031,0.00027,0.00055,0.00155,0.01053,0.01210,0.00318,0.00023,0.00031,0.00035,0.00019,0.00034,0.00013,0.00036,0.00033,0.00146,0.01119,0.04400,0.03849,0.00584,0.00138,0.00022,0.00034,0.00016,0.00019,0.00038,0.00024,0.00028,0.00050,0.00390,0.01100,0.00747,0.00055,0.00016,0.00003,0.00020,0.00011,0.00009,0.00013,0.00018,0.00027,0.00018,0.01447,0.02846
2,0.00500,0.00032,0.00012,0.00041,0.00034,0.00033,0.00063,0.00080,0.00164,0.00455,0.02129,0.27133,0.40399,0.14941,0.00892,0.00232,0.00094,0.00046,0.00049,0.00001,0.00008,0.00041,0.00013,0.00175,0.00971,0.01127,0.00322,0.00020,0.00017,0.00028,0.00023,0.00019,0.00020,0.00016,0.00063,0.00099,0.00956,0.03691,0.03242,0.00536,0.00084,0.00027,0.00034,0.00027,0.00036,0.00011,0.00010,0.00026,0.00024,0.00132,0.00386,0.00263,0.00010,0.00024,0.00012,0.00026,0.00025,0.00012,0.00010,0.00001,0.00012,0.00016,0.00021,0.00054
2,0.00655,0.00009,0.00031,0.00017,0.00013,0.00092,0.00029,0.00084,0.00163,0.00475,0.02074,0.26799,0.39941,0.14806,0.00856,0.00229,0.00102,0.00023,0.00063,0.00026,0.00040,0.00036,0.00044,0.00147,0.00858,0.00968,0.00246,0.00026,0.00014,0.00035,0.00019,0.00069,0.00014,0.00036,0.00067,0.00103,0.00847,0.03326,0.02918,0.00445,0.00104,0.00043,0.00043,0.00022,0.00057,0.00026,0.00007,0.00009,0.00051,0.00131,0.00433,0.00296,0.00026,0.00003,0.00030,0.00010,0.00046,0.00056,0.00014,0.00051,0.00042,0.00021,0.00580,0.01155
2,0.00849,0.00467,0.00454,0.00455,0.00410,0.00435,0.00417,0.00477,0.00530,0.00738,0.01802,0.21815,0.31883,0.12222,0.00890,0.00306,0.00213,0.00206,0.00279,0.00232,0.00219,0.00196,0.00162,0.00243,0.01377,0.01734,0.00283,0.00094,0.00118,0.00079,0.00103,0.00043,0.00076,0.00053,0.00075,0.00165,0.01186,0.04576,0.03984,0.00650,0.00119,0.00023,0.00013,0.00026,0.00026,0.00015,0.00005,0.00015,0.00069,0.00561,0.01572,0.01025,0.00099,0.00012,0.00043,0.00050,0.00016,0.00064,0.00019,0.00042,0.00044,0.00049,0.01904,0.03692
2,0.00547,0.00133,0.00133,0.00107,0.00175,0.00249,0.00270,0.00007,0.00291,0.00384,0.01937,0.25445,0.38038,0.14125,0.00896,0.00163,0.00192,0.00196,0.00090,0.00033,0.00073,0.00114,0.00026,0.00120,0.00651,0.00769,0.00266,0.00079,0.00020,0.00085,0.00109,0.00048,0.00061,0.00257,0.00222,0.00271,0.01141,0.04322,0.03751,0.00672,0.00080,0.00146,0.00124,0.00013,0.00080,0.00242,0.00291,0.00135,0.00090,0.00247,0.00441,0.00232,0.00085,0.00109,0.00176,0.00070,0.00027,0.00050,0.00118,0.00138,0.00165,0.00150,0.00082,0.00239
2,0.00211,0.00031,0.00004,0.00002,0.00040,0.00011,0.00049,0.00087,0.00137,0.00393,0.01801,0.23289,0.34707,0.12832,0.00765,0.00209,0.00082,0.00040,0.00031,0.00014,0.00004,0.00010,0.00031,0.00164,0.01132,0.01300,0.00332,0.00033,0.00019,0.00016,0.00014,0.00025,0.00021,0.00038,0.00058,0.00150,0.01467,0.05696,0.04998,0.00801,0.00145,0.00040,0.00017,0.00028,0.00005,0.00010,0.00005,0.00015,0.00044,0.00491,0.01368,0.00914,0.00061,0.00029,0.00011,0.00011,0.00007,0.00007,0.00020,0.00020,0.00008,0.00031,0.01912,0.03757
2,0.00043,0.00015,0.00029,0.00029,0.00013,0.00026,0.00061,0.00066,0.00171,0.00398,0.01936,0.24870,0.37070,0.13744,0.00803,0.00194,0.00105,0.00055,0.00015,0.00020,0.00003,0.00029,0.00017,0.00160,0.00932,0.01063,0.00283,0.00032,0.00031,0.00030,0.00026,0.00021,0.00033,0.00020,0.00030,0.00143,0.01160,0.04476,0.03921,0.00634,0.00091,0.00075,0.00029,0.00040,0.00019,0.00018,0.00020,0.00034,0.00010,0.00365,0.00960,0.00616,0.00008,0.00050,0.00008,0.00012,0.00020,0.00023,0.00012,0.00028,0.00016,0.00027,0.01622,0.03193
2,0.00240,0.00164,0.00100,0.00057,0.00046,0.00087,0.00047,0.00188,0.00133,0.00491,0.01815,0.25026,0.37455,0.13909,0.00810,0.00193,0.00125,0.00013,0.00096,0.00105,0.00133,0.00124,0.00173,0.00143,0.00925,0.01113,0.00346,0.00037,0.00020,0.00043,0.00081,0.00064,0.00081,0.00069,0.00047,0.00120,0.00967,0.03817,0.03414,0.00625,0.00150,0.00056,0.00017,0.00044,0.00010,0.00009,0.00027,0.00016,0.00035,0.00269,0.00730,0.00584,0.00188,0.00115,0.00085,0.00086,0.00040,0.00042,0.00060,0.00016,0.00096,0.00167,0.01301,0.02417
2,0.00261,0.00020,0.00029,0.00012,0.00023,0.00024,0.00031,0.00072,0.00145,0.00385,0.01704,0.22251,0.33168,0.12277,0.00716,0.00197,0.00081,0.00044,0.00021,0.00027,0.00009,0.00012,0.00051,0.00250,0.01536,0.01738,0.00437,0.00053,0.00025,0.00017,0.00003,0.00016,0.00009,0.00024,0.00072,0.00155,0.01520,0.05894,0.05171,0.00831,0.00140,0.00062,0.00003,0.00036,0.00005,0.00006,0.00007,0.00017,0.00052,0.00675,0.01843,0.01242,0.00089,0.00035,0.00006,0.00004,0.00010,0.00011,0.00021,0.00027,0.00021,0.00019,0.02143,0.04216
2,0.00554,0.00035,0.00023,0.00004,0.00054,0.00016,0.00046,0.00090,0.00172,0.00426,0.02062,0.26302,0.39166,0.14500,0.00829,0.00250,0.00080,0.00062,0.00045,0.00011,0.00031,0.00035,0.00034,0.00153,0.00794,0.00884,0.00233,0.00001,0.00034,0.00014,0.00021,0.00018,0.00033,0.00018,0.00058,0.00111,0.01062,0.04165,0.03652,0.00566,0.00104,0.00048,0.00008,0.00013,0.00026,0.00028,0.00020,0.00005,0.00003,0.00211,0.00504,0.00325,0.00032,0.00042,0.00014,0.00039,0.00034,0.00012,0.00006,0.00011,0.00028,0.00024,0.00609,0.01209
2,0.00698,0.00071,0.00029,0.00094,0.00067,0.00120,0.00108,0.00140,0.00314,0.00337,0.01879,0.24092,0.35926,0.13336,0.00731,0.00248,0.00039,0.00074,0.00061,0.00020,0.00104,0.00151,0.00119,0.00125,0.01006,0.01235,0.00387,0.00046,0.00054,0.00057,0.00028,0.00050,0.00057,0.00065,0.00063,0.00155,0.01069,0.04349,0.03925,0.00745,0.00097,0.00005,0.00074,0.00085,0.00053,0.00063,0.00069,0.00061,0.00020,0.00462,0.01123,0.00763,0.00166,0.00178,0.00161,0.00128,0.00083,0.00033,0.00130,0.00143,0.00095,0.00074,0.01233,0.02526
2,0.00550,0.00010,0.00005,0.00032,0.00029,0.00032,0.00042,0.00071,0.00169,0.00406,0.01811,0.23581,0.35144,0.13016,0.00756,0.00201,0.00077,0.00068,0.00023,0.00027,0.00036,0.00011,0.00051,0.00207,0.01348,0.01536,0.00403,0.00019,0.00053,0.00023,0.00032,0.00015,0.00040,0.00020,0.00051,0.00128,0.01213,0.04737,0.04170,0.00667,0.00123,0.00025,0.00040,0.00009,0.00003,0.00012,0.00010,0.00007,0.00033,0.00539,0.01424,0.00946,0.00056,0.00036,0.00008,0.00013,0.00018,0.00015,0.00011,0.00009,0.00012,0.00023,0.01960,0.03857
2,0.00502,0.00043,0.00020,0.00032,0.00029,0.00027,0.00071,0.00078,0.00186,0.00446,0.02123,0.27233,0.40577,0.15030,0.00867,0.00249,0.00083,0.00073,0.00011,0.00008,0.00055,0.00046,0.00051,0.00105,0.00782,0.00919,0.00245,0.00030,0.00009,0.00011,0.00023,0.00034,0.00040,0.00050,0.00006,0.00120,0.00833,0.03275,0.02866,0.00447,0.00077,0.00046,0.00014,0.00036,0.00027,0.00020,0.00029,0.00019,0.00018,0.00150,0.00396,0.00229,0.00039,0.00038,0.00021,0.00029,0.00027,0.00015,0.00012,0.00003,0.00016,0.00018,0.00363,0.00721
2,0.00609,0.00007,0.00035,0.00031,0.00044,0.00024,0.00047,0.00104,0.00152,0.00476,0.02112,0.27196,0.40504,0.15005,0.00855,0.00244,0.00127,0.00010,0.00053,0.00013,0.00025,0.00016,0.00022,0.00116,0.00823,0.00962,0.00264,0.00037,0.00015,0.00020,0.00019,0.00006,0.00020,0.00046,0.00011,0.00097,0.00846,0.03243,0.02839,0.00462,0.00074,0.00040,0.00012,0.00030,0.00034,0.00007,0.00018,0.00011,0.00011,0.00176,0.00447,0.00290,0.00069,0.00053,0.00022,0.00027,0.00006,0.00034,0.00024,0.00008,0.00007,0.00017,0.00347,0.00699
2,0.00533,0.00033,0.00037,0.00040,0.00014,0.00033,0.00042,0.00072,0.00164,0.00393,0.01815,0.23493,0.35025,0.12986,0.00747,0.00196,0.00095,0.00040,0.00020,0.00015,0.00015,0.00009,0.00043,0.00154,0.01081,0.01235,0.00310,0.00033,0.00044,0.00019,0.00025,0.00026,0.00037,0.00019,0.00088,0.00144,0.01417,0.05492,0.04815,0.00776,0.00112,0.00065,0.00023,0.00018,0.00011,0.00014,0.00025,0.00018,0.00013,0.00496,0.01297,0.00869,0.00075,0.00017,0.00010,0.00037,0.00029,0.00006,0.00018,0.00023,0.00030,0.00030,0.01742,0.03445
2,0.00374,0.00035,0.00007,0.00017,0.00032,0.00050,0.00038,0.00078,0.00194,0.00366,0.01952,0.24829,0.36989,0.13682,0.00812,0.00215,0.00085,0.00048,0.00031,0.00015,0.00006,0.00018,0.00020,0.00133,0.00903,0.01033,0.00270,0.00023,0.00021,0.00022,0.00025,0.00025,0.00016,0.00036,0.00048,0.00109,0.01166,0.04473,0.03910,0.00610,0.00121,0.00036,0.00023,0.00022,0.00016,0.00006,0.00016,0.00031,0.00016,0.00364,0.00960,0.00642,0.00046,0.00019,0.00022,0.00018,0.00020,0.00019,0.00026,0.00020,0.00025,0.00009,0.01611,0.03196
2,0.00150,0.00017,0.00044,0.00042,0.00045,0.00020,0.00056,0.00079,0.00187,0.00448,0.02032,0.26558,0.39601,0.14660,0.00859,0.00235,0.00094,0.00056,0.00016,0.00016,0.00005,0.00019,0.00033,0.00124,0.00908,0.01052,0.00281,0.00021,0.00025,0.00004,0.00018,0.00044,0.00052,0.00042,0.00004,0.00150,0.00971,0.03835,0.03368,0.00561,0.00082,0.00013,0.00024,0.00019,0.00010,0.00022,0.00010,0.00028,0.00044,0.00208,0.00588,0.00400,0.00033,0.00028,0.00043,0.00032,0.00019,0.00003,0.00012,0.00010,0.00022,0.00025,0.00537,0.01054
2,0.00045,0.00016,0.00029,0.00005,0.00016,0.00048,0.00046,0.00067,0.00150,0.00389,0.01796,0.23246,0.34637,0.12813,0.00759,0.00181,0.00117,0.00024,0.00035,0.00007,0.00017,0.00021,0.00028,0.00251,0.01504,0.01706,0.00425,0.00064,0.00011,0.00025,0.00004,0.00036,0.00016,0.00027,0.00046,0.00156,0.01239,0.04871,0.04273,0.00679,0.00113,0.00050,0.00030,0.00028,0.00036,0.00020,0.00025,0.00018,0.00055,0.00616,0.01690,0.01131,0.00079,0.00026,0.00005,0.00004,0.00012,0.00020,0.00004,0.00034,0.00029,0.00004,0.02061,0.04086
2,0.00521,0.00021,0.00025,0.00036,0.00033,0.00050,0.00065,0.00034,0.00183,0.00400,0.01770,0.23248,0.34671,0.12840,0.00749,0.00194,0.00110,0.00035,0.00009,0.00043,0.00022,0.00021,0.00028,0.00175,0.01141,0.01306,0.00343,0.00025,0.00026,0.00017,0.00007,0.00032,0.00017,0.00035,0.00046,0.00149,0.01293,0.05028,0.04391,0.00677,0.00121,0.00064,0.00031,0.00030,0.00010,0.00010,0.00016,0.00013,0.00029,0.00505,0.01343,0.00889,0.00067,0.00023,0.00019,0.00013,0.00021,0.00022,0.00034,0.00023,0.00013,0.00041,0.02305,0.04541
2,0.00369,0.00019,0.00011,0.00029,0.00018,0.00030,0.00051,0.00064,0.00183,0.00404,0.01914,0.24610,0.36665,0.13571,0.00799,0.00200,0.00120,0.00022,0.00051,0.00015,0.00023,0.00020,0.00012,0.00157,0.01002,0.01149,0.00291,0.00040,0.00020,0.00010,0.00002,0.00000,0.00009,0.00039,0.00036,0.00135,0.01140,0.04447,0.03906,0.00637,0.00099,0.00050,0.00021,0.00028,0.00020,0.00006,0.00008,0.00019,0.00003,0.00400,0.01041,0.00675,0.00038,0.00009,0.00006,0.00020,0.00012,0.00008,0.00013,0.00012,0.00024,0.00026,0.01757,0.03485
2,0.00196,0.00033,0.00020,0.00018,0.00026,0.00040,0.00035,0.00111,0.00149,0.00442,0.02015,0.25911,0.38604,0.14311,0.00822,0.00215,0.00122,0.00020,0.00040,0.00045,0.00038,0.00022,0.00039,0.00168,0.00811,0.00904,0.00230,0.00051,0.00019,0.00024,0.00022,0.00015,0.00025,0.00030,0.00048,0.00105,0.01078,0.04115,0.03597,0.00575,0.00107,0.00036,0.00054,0.00019,0.00026,0.00015,0.00022,0.00019,0.00021,0.00220,0.00592,0.00389,0.00031,0.00022,0.00038,0.00046,0.00014,0.00027,0.00032,0.00009,0.00013,0.00037,0.01054,0.02065
2,0.00034,0.00023,0.00006,0.00011,0.00022,0.00040,0.00028,0.00072,0.00158,0.00359,0.01750,0.22472,0.33476,0.12382,0.00726,0.00219,0.00064,0.00032,0.00049,0.00002,0.00013,0.00021,0.00031,0.00255,0.01474,0.01671,0.00433,0.00037,0.00042,0.00003,0.00011,0.00032,0.00029,0.00037,0.00066,0.00172,0.01519,0.05891,0.05161,0.00837,0.00131,0.00039,0.00050,0.00009,0.00023,0.00017,0.00013,0.00032,0.00032,0.00647,0.01737,0.01164,0.00090,0.00018,0.00013,0.00023,0.00037,0.00035,0.00011,0.00005,0.00009,0.00022,0.02078,0.04106
2,0.00220,0.00063,0.00030,0.00053,0.00048,0.00044,0.00085,0.00052,0.00210,0.00401,0.02041,0.26043,0.38777,0.14341,0.00846,0.00244,0.00083,0.00059,0.00017,0.00050,0.00023,0.00056,0.00015,0.00137,0.00757,0.00845,0.00180,0.00062,0.00026,0.00043,0.00017,0.00036,0.00043,0.00057,0.00065,0.00080,0.01082,0.04084,0.03566,0.00571,0.00116,0.00047,0.00045,0.00028,0.00044,0.00042,0.00042,0.00010,0.00018,0.00245,0.00581,0.00394,0.00056,0.00030,0.00044,0.00050,0.00058,0.00066,0.00046,0.00042,0.00046,0.00043,0.00830,0.01627
2,0.00428,0.00074,0.00084,0.00099,0.00172,0.00151,0.00108,0.00150,0.00102,0.00435,0.01774,0.23205,0.34625,0.12836,0.00751,0.00201,0.00167,0.00085,0.00073,0.00138,0.00131,0.00067,0.00140,0.00228,0.01165,0.01259,0.00363,0.00046,0.00057,0.00129,0.00154,0.00072,0.00137,0.00110,0.00110,0.00122,0.01200,0.04675,0.04096,0.00659,0.00096,0.00128,0.00109,0.00112,0.00086,0.00192,0.00136,0.00080,0.00067,0.00371,0.01041,0.00743,0.00053,0.00103,0.00054,0.00170,0.00123,0.00084,0.00130,0.00150,0.00087,0.00019,0.01781,0.03507
2,0.00536,0.00027,0.00016,0.00014,0.00028,0.00019,0.00050,0.00083,0.00147,0.00428,0.01842,0.24099,0.35934,0.13303,0.00768,0.00224,0.00083,0.00046,0.00032,0.00017,0.00017,0.00017,0.00054,0.00148,0.01050,0.01212,0.00298,0.00051,0.00014,0.00005,0.00015,0.00018,0.00014,0.00009,0.00052,0.00156,0.01207,0.04787,0.04208,0.00670,0.00115,0.00050,0.00009,0.00029,0.00025,0.00024,0.00024,0.00017,0.00027,0.00407,0.01109,0.00740,0.00047,0.00026,0.00019,0.00014,0.00011,0.00014,0.00017,0.00021,0.00030,0.00004,0.01853,0.03669
2,0.00653,0.00013,0.00034,0.00022,0.00019,0.00053,0.00055,0.00088,0.00189,0.00434,0.02093,0.26821,0.39965,0.14805,0.00848,0.00248,0.00085,0.00073,0.00045,0.00032,0.00066,0.00035,0.00019,0.00190,0.00883,0.00984,0.00250,0.00050,0.00021,0.00012,0.00029,0.00004,0.00026,0.00051,0.00012,0.00101,0.00868,0.03335,0.02889,0.00430,0.00080,0.00044,0.00004,0.00028,0.00025,0.00038,0.00033,0.00019,0.00021,0.00163,0.00421,0.00266,0.00010,0.00026,0.00003,0.00018,0.00024,0.00020,0.00032,0.00045,0.00023,0.00032,0.00606,0.01191
2,0.00525,0.00006,0.00006,0.00023,0.00020,0.00008,0.00092,0.00053,0.00157,0.00415,0.01895,0.24381,0.36326,0.13450,0.00782,0.00210,0.00092,0.00061,0.00005,0.00023,0.00022,0.00010,0.00040,0.00178,0.01133,0.01301,0.00338,0.00046,0.00015,0.00018,0.00010,0.00010,0.00011,0.00041,0.00035,0.00127,0.01119,0.04371,0.03849,0.00639,0.00087,0.00041,0.00024,0.00008,0.00007,0.00006,0.00017,0.00017,0.00015,0.00463,0.01211,0.00819,0.00075,0.00012,0.00025,0.00020,0.00030,0.00020,0.00016,0.00019,0.00014,0.00023,0.01748,0.03442
2,0.02944,0.03821,0.03685,0.03645,0.03646,0.03502,0.03335,0.03278,0.03258,0.02850,0.03031,0.08691,0.12206,0.03135,0.02420,0.02005,0.01728,0.01661,0.01510,0.01279,0.01168,0.01125,0.00969,0.00879,0.01223,0.01194,0.00740,0.00771,0.00724,0.00631,0.00719,0.00747,0.00642,0.00678,0.00737,0.00657,0.00239,0.01013,0.01213,0.00675,0.00626,0.00638,0.00487,0.00535,0.00547,0.00413,0.00427,0.00483,0.00368,0.00470,0.00578,0.00319,0.00324,0.00450,0.00430,0.00348,0.00426,0.00422,0.00302,0.00338,0.00388,0.00277,0.00726,0.01305
2,0.00643,0.00609,0.00405,0.00672,0.00614,0.00410,0.00635,0.00663,0.00367,0.00242,0.01910,0.20808,0.31570,0.12273,0.00791,0.00377,0.00565,0.00438,0.00556,0.00498,0.00413,0.00536,0.00471,0.00321,0.00567,0.01133,0.00493,0.00542,0.00465,0.00417,0.00525,0.00443,0.00352,0.00458,0.00414,0.00446,0.00625,0.03667,0.03310,0.00420,0.00473,0.00353,0.00438,0.00317,0.00247,0.00375,0.00277,0.00303,0.00436,0.00269,0.00741,0.00554,0.00300,0.00214,0.00353,0.00206,0.00247,0.00352,0.00232,0.00241,0.00378,0.00273,0.00428,0.00930
2,0.01057,0.00336,0.00357,0.00354,0.00311,0.00334,0.00348,0.00405,0.00470,0.00457,0.01289,0.20708,0.30498,0.10991,0.00435,0.00410,0.00390,0.00331,0.00317,0.00298,0.00313,0.00299,0.00258,0.00293,0.01048,0.01665,0.00379,0.00289,0.00273,0.00284,0.00262,0.00274,0.00253,0.00212,0.00202,0.00285,0.01560,0.05036,0.04534,0.00950,0.00293,0.00185,0.00188,0.00182,0.00183,0.00168,0.00183,0.00159,0.00180,0.00577,0.01464,0.00807,0.00218,0.00138,0.00096,0.00124,0.00103,0.00134,0.00114,0.00097,0.00098,0.00119,0.01755,0.03675
2,0.00711,0.00499,0.00591,0.00518,0.00307,0.00231,0.00188,0.00263,0.00339,0.00603,0.01559,0.19261,0.28720,0.10747,0.00550,0.00807,0.00664,0.00630,0.00466,0.00427,0.00411,0.00450,0.00487,0.00275,0.00885,0.01040,0.00311,0.00493,0.00533,0.00538,0.00444,0.00391,0.00336,0.00296,0.00284,0.00424,0.00703,0.03466,0.02969,0.00216,0.00474,0.00412,0.00513,0.00486,0.00438,0.00353,0.00299,0.00318,0.00406,0.00865,0.01564,0.01075,0.00350,0.00222,0.00238,0.00315,0.00388,0.00454,0.00448,0.00372,0.00349,0.00469,0.02243,0.03915
2,0.00701,0.00208,0.00227,0.00193,0.00177,0.00176,0.00163,0.00150,0.00263,0.00561,0.02153,0.25167,0.37708,0.14080,0.01004,0.00374,0.00199,0.00161,0.00173,0.00141,0.00183,0.00179,0.00165,0.00228,0.00641,0.01013,0.00165,0.00166,0.00168,0.00142,0.00175,0.00140,0.00184,0.00148,0.00102,0.00081,0.00887,0.04076,0.03554,0.00453,0.00009,0.00114,0.00112,0.00118,0.00126,0.00149,0.00102,0.00108,0.00134,0.00137,0.00521,0.00199,0.00122,0.00066,0.00081,0.00085,0.00145,0.00060,0.00093,0.00096,0.00069,0.00080,0.00221,0.00222
2,0.00456,0.00518,0.00394,0.00126,0.00581,0.00500,0.00553,0.00614,0.00512,0.00803,0.01632,0.22561,0.33212,0.11879,0.00990,0.00609,0.00597,0.00508,0.00553,0.00450,0.00320,0.00534,0.00447,0.00689,0.00472,0.00974,0.00687,0.00641,0.00436,0.00409,0.00378,0.00747,0.00671,0.00375,0.00429,0.00377,0.01035,0.02357,0.01812,0.00551,0.00212,0.00349,0.00232,0.00362,0.00315,0.00439,0.00503,0.00303,0.00348,0.00305,0.00628,0.00509,0.00191,0.00406,0.00460,0.00213,0.00171,0.00085,0.00260,0.00242,0.00129,0.00139,0.00257,0.00553
2,0.00784,0.00927,0.00940,0.00957,0.00969,0.00958,0.01018,0.00952,0.00974,0.01216,0.00428,0.17187,0.26562,0.10353,0.00565,0.01136,0.00924,0.00965,0.00980,0.00946,0.00933,0.00910,0.00878,0.00932,0.00882,0.00409,0.00592,0.00775,0.00729,0.00720,0.00717,0.00699,0.00673,0.00655,0.00616,0.00601,0.01171,0.03056,0.02654,0.00759,0.00613,0.00577,0.00607,0.00584,0.00560,0.00558,0.00553,0.00558,0.00539,0.00420,0.00456,0.00556,0.00474,0.00434,0.00423,0.00420,0.00391,0.00365,0.00353,0.00321,0.00303,0.00299,0.00280,0.00254
2,0.00568,0.00025,0.00010,0.00023,0.00022,0.00027,0.00037,0.00080,0.00135,0.00397,0.01706,0.22259,0.33185,0.12297,0.00695,0.00208,0.00070,0.00053,0.00007,0.00008,0.00005,0.00018,0.00059,0.00237,0.01516,0.01718,0.00430,0.00059,0.00015,0.00008,0.00024,0.00035,0.00029,0.00016,0.00062,0.00170,0.01511,0.05859,0.05124,0.00805,0.00152,0.00055,0.00023,0.00029,0.00013,0.00007,0.00003,0.00011,0.00061,0.00652,0.01798,0.01215,0.00112,0.00002,0.00040,0.00021,0.00010,0.00001,0.00017,0.00016,0.00004,0.00024,0.02089,0.04129
2,0.00480,0.00014,0.00032,0.00015,0.00037,0.00034,0.00040,0.00099,0.00141,0.00408,0.01885,0.24326,0.36241,0.13422,0.00778,0.00203,0.00102,0.00042,0.00033,0.00018,0.00020,0.00028,0.00049,0.00162,0.01028,0.01158,0.00290,0.00042,0.00041,0.00027,0.00029,0.00010,0.00012,0.00017,0.00069,0.00126,0.01335,0.05148,0.04520,0.00751,0.00106,0.00045,0.00025,0.00050,0.00022,0.00013,0.00014,0.00004,0.00018,0.00404,0.01062,0.00713,0.00054,0.00021,0.00028,0.00027,0.00021,0.00014,0.00020,0.00031,0.00021,0.00017,0.01369,0.02687
2,0.00593,0.00029,0.00027,0.00034,0.00020,0.00027,0.00057,0.00085,0.00174,0.00407,0.02031,0.25792,0.38406,0.14223,0.00822,0.00214,0.00107,0.00045,0.00034,0.00015,0.00010,0.00014,0.00053,0.00116,0.00812,0.00926,0.00231,0.00021,0.00026,0.00019,0.00015,0.00011,0.00039,0.00026,0.00032,0.00140,0.01064,0.04143,0.03634,0.00583,0.00112,0.00004,0.00050,0.00021,0.00032,0.00025,0.00025,0.00018,0.00031,0.00231,0.00619,0.00431,0.00065,0.00017,0.00007,0.00030,0.00035,0.00023,0.00018,0.00024,0.00024,0.00023,0.01034,0.02042
2,0.00465,0.00016,0.00007,0.00018,0.00028,0.00019,0.00058,0.00062,0.00156,0.00368,0.01804,0.22892,0.34078,0.12591,0.00750,0.00217,0.00065,0.00050,0.00030,0.00005,0.00019,0.00027,0.00059,0.00254,0.01616,0.01853,0.00488,0.00042,0.00037,0.00034,0.00020,0.00014,0.00015,0.00021,0.00044,0.00163,0.01304,0.05090,0.04464,0.00724,0.00120,0.00032,0.00028,0.00004,0.00026,0.00013,0.00014,0.00014,0.00052,0.00663,0.01809,0.01217,0.00101,0.00017,0.00001,0.00003,0.00021,0.00011,0.00014,0.00020,0.00013,0.00006,0.01958,0.03877
2,0.00469,0.00022,0.00048,0.00027,0.00008,0.00068,0.00034,0.00052,0.00200,0.00398,0.01957,0.25157,0.37484,0.13867,0.00828,0.00204,0.00098,0.00051,0.00032,0.00012,0.00018,0.00032,0.00049,0.00140,0.00930,0.01058,0.00264,0.00050,0.00025,0.00028,0.00019,0.00016,0.00029,0.00020,0.00070,0.00126,0.01250,0.04816,0.04223,0.00687,0.00138,0.00021,0.00075,0.00016,0.00011,0.00002,0.00010,0.00017,0.00038,0.00320,0.00831,0.00551,0.00029,0.00032,0.00027,0.00010,0.00015,0.00014,0.00018,0.00008,0.00025,0.00008,0.00977,0.01941
2,0.00687,0.00724,0.00809,0.00936,0.01043,0.01118,0.01250,0.01392,0.01468,0.01279,0.01743,0.13331,0.22430,0.09923,0.01691,0.01555,0.01690,0.01631,0.01553,0.01505,0.01452,0.01370,0.01304,0.01282,0.01671,0.00984,0.00784,0.00890,0.00817,0.00740,0.00689,0.00619,0.00580,0.00533,0.00463,0.00337,0.00735,0.02698,0.02669,0.00642,0.00152,0.00075,0.00066,0.00050,0.00092,0.00139,0.00210,0.00260,0.00275,0.00384,0.00226,0.00519,0.00469,0.00478,0.00493,0.00526,0.00555,0.00568,0.00575,0.00597,0.00607,0.00619,0.01021,0.02025
2,0.00553,0.00006,0.00026,0.00007,0.00018,0.00035,0.00049,0.00070,0.00143,0.00397,0.01768,0.22836,0.34016,0.12580,0.00744,0.00186,0.00085,0.00059,0.00026,0.00010,0.00028,0.00022,0.00030,0.00202,0.01327,0.01539,0.00404,0.00044,0.00029,0.00018,0.00015,0.00014,0.00012,0.00013,0.00066,0.00139,0.01331,0.05175,0.04533,0.00730,0.00113,0.00036,0.00030,0.00022,0.00009,0.00015,0.00011,0.00018,0.00024,0.00564,0.01530,0.01022,0.00067,0.00041,0.00009,0.00009,0.00020,0.00021,0.00007,0.00011,0.00023,0.00009,0.02380,0.04724
2,0.00500,0.00030,0.00022,0.00027,0.00023,0.00044,0.00030,0.00094,0.00172,0.00441,0.02068,0.26543,0.39550,0.14637,0.00863,0.00233,0.00100,0.00041,0.00035,0.00043,0.00036,0.00037,0.00051,0.00125,0.00803,0.00909,0.00225,0.00048,0.00004,0.00029,0.00032,0.00035,0.00054,0.00020,0.00033,0.00167,0.01098,0.04358,0.03814,0.00599,0.00106,0.00045,0.00018,0.00013,0.00019,0.00011,0.00017,0.00028,0.00024,0.00155,0.00410,0.00296,0.00048,0.00022,0.00015,0.00035,0.00049,0.00031,0.00029,0.00007,0.00024,0.00012,0.00199,0.00414
2,0.00229,0.00178,0.00112,0.00118,0.00080,0.00066,0.00069,0.00076,0.00288,0.00281,0.01858,0.23250,0.34562,0.12737,0.00729,0.00295,0.00176,0.00157,0.00141,0.00062,0.00127,0.00137,0.00100,0.00048,0.00891,0.01118,0.00328,0.00007,0.00085,0.00184,0.00145,0.00089,0.00118,0.00121,0.00109,0.00138,0.01296,0.04845,0.04213,0.00650,0.00112,0.00060,0.00094,0.00061,0.00168,0.00189,0.00083,0.00078,0.00055,0.00344,0.01189,0.00839,0.00062,0.00068,0.00123,0.00043,0.00071,0.00075,0.00170,0.00055,0.00137,0.00109,0.01867,0.03736
2,0.00003,0.00045,0.00052,0.00061,0.00037,0.00048,0.00039,0.00073,0.00221,0.00357,0.01900,0.24619,0.36708,0.13563,0.00839,0.00223,0.00060,0.00044,0.00077,0.00041,0.00055,0.00073,0.00016,0.00162,0.00993,0.01134,0.00264,0.00082,0.00038,0.00041,0.00033,0.00025,0.00015,0.00040,0.00085,0.00115,0.01105,0.04355,0.03824,0.00606,0.00135,0.00041,0.00040,0.00018,0.00045,0.00066,0.00043,0.00050,0.00082,0.00359,0.01020,0.00696,0.00062,0.00032,0.00008,0.00026,0.00016,0.00028,0.00025,0.00024,0.00042,0.00033,0.01705,0.03333
2,0.00119,0.00021,0.00029,0.00013,0.00016,0.00050,0.00012,0.00129,0.00149,0.00459,0.02080,0.26958,0.40183,0.14876,0.00876,0.00231,0.00117,0.00051,0.00025,0.00025,0.00024,0.00024,0.00021,0.00127,0.00823,0.00933,0.00228,0.00039,0.00032,0.00035,0.00021,0.00030,0.00018,0.00052,0.00018,0.00109,0.00937,0.03616,0.03177,0.00538,0.00067,0.00034,0.00037,0.00013,0.00011,0.00014,0.00024,0.00028,0.00023,0.00206,0.00551,0.00367,0.00042,0.00017,0.00019,0.00038,0.00046,0.00034,0.00031,0.00016,0.00016,0.00035,0.00380,0.00730
2,0.00273,0.00021,0.00016,0.00014,0.00025,0.00030,0.00039,0.00076,0.00144,0.00370,0.01752,0.22472,0.33471,0.12376,0.00744,0.00186,0.00079,0.00055,0.00012,0.00025,0.00017,0.00041,0.00047,0.00260,0.01551,0.01765,0.00462,0.00038,0.00019,0.00029,0.00019,0.00025,0.00010,0.00032,0.00051,0.00156,0.01362,0.05299,0.04636,0.00729,0.00128,0.00051,0.00015,0.00010,0.00014,0.00016,0.00007,0.00012,0.00058,0.00653,0.01805,0.01221,0.00099,0.00026,0.00008,0.00019,0.00006,0.00017,0.00001,0.00004,0.00007,0.00035,0.02378,0.04674
2,0.00484,0.00018,0.00022,0.00029,0.00040,0.00020,0.00051,0.00106,0.00162,0.00435,0.02036,0.26233,0.39081,0.14452,0.00863,0.00218,0.00119,0.00025,0.00029,0.00021,0.00034,0.00027,0.00014,0.00146,0.00830,0.00946,0.00237,0.00038,0.00012,0.00025,0.00017,0.00022,0.00022,0.00032,0.00048,0.00105,0.00945,0.03692,0.03237,0.00515,0.00111,0.00008,0.00030,0.00027,0.00028,0.00030,0.00044,0.00043,0.00012,0.00212,0.00585,0.00391,0.00026,0.00027,0.00025,0.00019,0.00018,0.00006,0.00022,0.00008,0.00042,0.00034,0.00966,0.01901
2,0.00579,0.00020,0.00009,0.00026,0.00036,0.00024,0.00049,0.00089,0.00156,0.00404,0.01909,0.24464,0.36445,0.13482,0.00797,0.00218,0.00084,0.00049,0.00010,0.00032,0.00022,0.00022,0.00025,0.00184,0.01045,0.01178,0.00287,0.00059,0.00006,0.00016,0.00015,0.00007,0.00014,0.00041,0.00041,0.00140,0.01188,0.04615,0.04031,0.00623,0.00139,0.00025,0.00029,0.00029,0.00010,0.00011,0.00009,0.00018,0.00030,0.00371,0.01007,0.00679,0.00043,0.00021,0.00029,0.00016,0.00012,0.00015,0.00011,0.00026,0.00020,0.00022,0.01681,0.03306
2,0.00063,0.00026,0.00027,0.00014,0.00006,0.00051,0.00036,0.00088,0.00153,0.00421,0.01934,0.24911,0.37101,0.13737,0.00810,0.00202,0.00115,0.00020,0.00050,0.00004,0.00023,0.00015,0.00044,0.00158,0.00964,0.01116,0.00288,0.00062,0.00023,0.00017,0.00016,0.00034,0.00024,0.00044,0.00031,0.00176,0.01266,0.04968,0.04359,0.00713,0.00095,0.00061,0.00024,0.00016,0.00025,0.00016,0.00028,0.00016,0.00009,0.00353,0.00937,0.00637,0.00055,0.00030,0.00018,0.00013,0.00013,0.00006,0.00013,0.00002,0.00012,0.00033,0.01169,0.02312
2,0.00245,0.00018,0.00012,0.00012,0.00013,0.00053,0.00020,0.00077,0.00162,0.00410,0.01804,0.23645,0.35255,0.13058,0.00746,0.00227,0.00088,0.00034,0.00039,0.00003,0.00025,0.00002,0.00059,0.00207,0.01363,0.01564,0.00396,0.00059,0.00014,0.00027,0.00011,0.00018,0.00007,0.00027,0.00041,0.00149,0.01262,0.04937,0.04330,0.00676,0.00135,0.00027,0.00044,0.00028,0.00011,0.00012,0.00006,0.00019,0.00034,0.00541,0.01452,0.00955,0.00051,0.00019,0.00017,0.00007,0.00012,0.00013,0.00006,0.00001,0.00016,0.00015,0.01840,0.03644
0,0.00377,0.00011,0.00011,0.00004,0.00010,0.00030,0.00016,0.00004,0.00021,0.00033,0.00044,0.00033,0.00029,0.00036,0.00017,0.00030,0.00031,0.00016,0.00064,0.00095,0.00141,0.00334,0.00924,0.05574,0.34806,0.39702,0.10197,0.01161,0.00374,0.00174,0.00070,0.00059,0.00029,0.00034,0.00010,0.00023,0.00015,0.00019,0.00021,0.00028,0.00030,0.00022,0.00004,0.00016,0.00027,0.00028,0.00021,0.00021,0.00038,0.00888,0.02398,0.01598,0.00109,0.00031,0.00011,0.00011,0.00014,0.00036,0.00022,0.00024,0.00020,0.00016,0.00006,0.00002
0,0.00611,0.00038,0.00050,0.00074,0.00074,0.00055,0.00032,0.00002,0.00012,0.00032,0.00072,0.00131,0.00125,0.00111,0.00087,0.00036,0.00031,0.00058,0.00063,0.00103,0.00124,0.00359,0.00861,0.05377,0.33543,0.38261,0.09795,0.01194,0.00287,0.00244,0.00077,0.00071,0.00059,0.00015,0.00037,0.00077,0.00105,0.00127,0.00115,0.00089,0.00054,0.00041,0.00017,0.00053,0.00063,0.00078,0.00080,0.00055,0.00072,0.01068,0.02951,0.01979,0.00143,0.00068,0.00089,0.00088,0.00036,0.00023,0.00039,0.00020,0.00048,0.00089,0.00112,0.00123
0,0.00515,0.00025,0.00015,0.00024,0.00043,0.00050,0.00045,0.00041,0.00012,0.00017,0.00008,0.00012,0.00012,0.00047,0.00019,0.00027,0.00030,0.00041,0.00042,0.00080,0.00171,0.00295,0.00925,0.05503,0.34257,0.39058,0.10030,0.01142,0.00380,0.00151,0.00087,0.00049,0.00033,0.00030,0.00035,0.00028,0.00014,0.00014,0.00006,0.00026,0.00040,0.00030,0.00012,0.00029,0.00018,0.00009,0.00008,0.00025,0.00070,0.01081,0.02945,0.01983,0.00176,0.00025,0.00003,0.00016,0.00008,0.00024,0.00021,0.00012,0.00049,0.00046,0.00020,0.00010
0,0.00349,0.00241,0.00263,0.00189,0.00170,0.00160,0.00044,0.00033,0.00048,0.00031,0.00139,0.00122,0.00074,0.00245,0.00132,0.00131,0.00114,0.00126,0.00205,0.00053,0.00214,0.00300,0.00896,0.05375,0.33712,0.38585,0.09989,0.01237,0.00279,0.00152,0.00139,0.00075,0.00109,0.00029,0.00028,0.00112,0.00175,0.00121,0.00120,0.00317,0.00233,0.00112,0.00179,0.00156,0.00206,0.00271,0.00169,0.00177,0.00077,0.00383,0.01140,0.00783,0.00035,0.00166,0.00061,0.00263,0.00250,0.00049,0.00079,0.00022,0.00102,0.00123,0.00058,0.00074
0,0.00240,0.00009,0.00013,0.00020,0.00019,0.00006,0.00008,0.00013,0.00012,0.00023,0.00015,0.00006,0.00031,0.00019,0.00030,0.00017,0.00006,0.00057,0.00056,0.00069,0.00150,0.00331,0.00884,0.05519,0.34250,0.39070,0.10051,0.01144,0.00357,0.00176,0.00073,0.00055,0.00035,0.00021,0.00015,0.00045,0.00014,0.00017,0.00007,0.00020,0.00020,0.00016,0.00031,0.00037,0.00018,0.00016,0.00017,0.00032,0.00058,0.01173,0.03134,0.02094,0.00166,0.00046,0.00024,0.00045,0.00033,0.00016,0.00018,0.00007,0.00029,0.00042,0.00015,0.00012
0,0.00559,0.00029,0.00024,0.00020,0.00035,0.00025,0.00008,0.00030,0.00031,0.00009,0.00025,0.00019,0.00002,0.00021,0.00025,0.00017,0.00008,0.00061,0.00051,0.00067,0.00177,0.00290,0.00910,0.05414,0.33721,0.38443,0.09858,0.01153,0.00335,0.00179,0.00086,0.00055,0.00032,0.00027,0.00019,0.00037,0.00027,0.00030,0.00037,0.00009,0.00006,0.00018,0.00032,0.00026,0.00010,0.00010,0.00018,0.00027,0.00102,0.01330,0.03627,0.02435,0.00187,0.00048,0.00022,0.00021,0.00035,0.00022,0.00016,0.00010,0.00039,0.00031,0.00013,0.00008
0,0.00637,0.00057,0.00029,0.00023,0.00055,0.00135,0.00111,0.00056,0.00008,0.00024,0.00028,0.00013,0.00035,0.00062,0.00031,0.00019,0.00055,0.00051,0.00139,0.00101,0.00099,0.00358,0.00915,0.05427,0.33890,0.38651,0.09964,0.01094,0.00413,0.00119,0.00131,0.00117,0.00112,0.00051,0.00027,0.00037,0.00046,0.00028,0.00037,0.00031,0.00042,0.00009,0.00022,0.00076,0.00097,0.00052,0.00043,0.00042,0.00042,0.01077,0.02828,0.01861,0.00108,0.00043,0.00054,0.00048,0.00084,0.00104,0.00044,0.00021,0.00021,0.00031,0.00017,0.00017
0,0.00255,0.00010,0.00010,0.00026,0.00032,0.00021,0.00011,0.00014,0.00019,0.00008,0.00006,0.00027,0.00008,0.00010,0.00022,0.00021,0.00027,0.00038,0.00041,0.00106,0.00124,0.00389,0.00937,0.05839,0.36362,0.41467,0.10643,0.01239,0.00372,0.00165,0.00093,0.00058,0.00028,0.00020,0.00042,0.00040,0.00012,0.00015,0.00010,0.00017,0.00004,0.00013,0.00017,0.00008,0.00016,0.00016,0.00008,0.00011,0.00004,0.00201,0.00519,0.00353,0.00036,0.00015,0.00012,0.00020,0.00023,0.00012,0.00010,0.00017,0.00024,0.00030,0.00028,0.00019
0,0.00260,0.00023,0.00021,0.00017,0.00013,0.00011,0.00006,0.00015,0.00027,0.00021,0.00032,0.00026,0.00011,0.00017,0.00024,0.00020,0.00014,0.00054,0.00039,0.00086,0.00133,0.00337,0.00878,0.05402,0.33628,0.38359,0.09865,0.01125,0.00358,0.00150,0.00089,0.00043,0.00036,0.00020,0.00016,0.00024,0.00009,0.00011,0.00022,0.00041,0.00027,0.00023,0.00022,0.00005,0.00007,0.00034,0.00048,0.00049,0.00068,0.01452,0.03917,0.02629,0.00196,0.00046,0.00018,0.00026,0.00020,0.00021,0.00034,0.00011,0.00014,0.00013,0.00013,0.00024
0,0.00568,0.00014,0.00029,0.00024,0.00019,0.00011,0.00008,0.00019,0.00024,0.00024,0.00038,0.00035,0.00022,0.00038,0.00026,0.00041,0.00073,0.00025,0.00050,0.00069,0.00162,0.00335,0.00929,0.05514,0.34518,0.39393,0.10142,0.01137,0.00377,0.00147,0.00114,0.00041,0.00020,0.00058,0.00021,0.00028,0.00017,0.00030,0.00014,0.00012,0.00027,0.00018,0.00024,0.00024,0.00036,0.00022,0.00007,0.00047,0.00052,0.00943,0.02564,0.01736,0.00141,0.00031,0.00025,0.00016,0.00008,0.00009,0.00024,0.00026,0.00017,0.00023,0.00016,0.00002
0,0.00530,0.00048,0.00081,0.00076,0.00069,0.00105,0.00115,0.00114,0.00075,0.00060,0.00111,0.00100,0.00042,0.00065,0.00082,0.00063,0.00018,0.00045,0.00095,0.00064,0.00136,0.00300,0.00965,0.05455,0.34077,0.38822,0.09908,0.01183,0.00423,0.00076,0.00124,0.00150,0.00107,0.00119,0.00036,0.00078,0.00075,0.00036,0.00066,0.00087,0.00022,0.00056,0.00117,0.00107,0.00073,0.00042,0.00055,0.00057,0.00079,0.00752,0.02057,0.01411,0.00152,0.00031,0.00056,0.00014,0.00043,0.00101,0.00116,0.00061,0.00054,0.00132,0.00143,0.00086
0,0.00129,0.00043,0.00071,0.00108,0.00117,0.00113,0.00165,0.00155,0.00134,0.00092,0.00054,0.00060,0.00080,0.00089,0.00076,0.00072,0.00055,0.00025,0.00115,0.00102,0.00189,0.00337,0.00882,0.05334,0.33280,0.37940,0.09734,0.01086,0.00396,0.00138,0.00101,0.00059,0.00028,0.00068,0.00064,0.00097,0.00123,0.00081,0.00028,0.00029,0.00036,0.00047,0.00026,0.00093,0.00120,0.00112,0.00099,0.00087,0.00111,0.01094,0.03067,0.02108,0.00250,0.00047,0.00051,0.00053,0.00037,0.00025,0.00059,0.00134,0.00151,0.00130,0.00120,0.00095
0,0.00239,0.00168,0.00076,0.00044,0.00077,0.00102,0.00124,0.00054,0.00087,0.00137,0.00148,0.00238,0.00341,0.00153,0.00182,0.00074,0.00058,0.00074,0.00117,0.00097,0.00192,0.00283,0.00940,0.05338,0.33316,0.38027,0.09897,0.00964,0.00422,0.00108,0.00187,0.00079,0.00113,0.00100,0.00108,0.00155,0.00127,0.00326,0.00269,0.00113,0.00161,0.00095,0.00069,0.00108,0.00108,0.00116,0.00058,0.00088,0.00148,0.00743,0.01940,0.01211,0.00106,0.00126,0.00035,0.00069,0.00090,0.00121,0.00062,0.00073,0.00110,0.00171,0.00191,0.00349
0,0.00595,0.00027,0.00008,0.00007,0.00019,0.00031,0.00046,0.00024,0.00014,0.00015,0.00026,0.00025,0.00013,0.00004,0.00023,0.00021,0.00021,0.00010,0.00075,0.00086,0.00137,0.00337,0.00928,0.05545,0.34654,0.39536,0.10173,0.01147,0.00366,0.00178,0.00068,0.00052,0.00032,0.00035,0.00021,0.00011,0.00036,0.00032,0.00014,0.00015,0.00040,0.00033,0.00027,0.00018,0.00015,0.00014,0.00027,0.00038,0.00059,0.00905,0.02459,0.01651,0.00136,0.00024,0.00019,0.00017,0.00005,0.00023,0.00023,0.00013,0.00011,0.00008,0.00014,0.00019
0,0.00497,0.00036,0.00015,0.00015,0.00014,0.00025,0.00025,0.00028,0.00032,0.00024,0.00023,0.00011,0.00010,0.00024,0.00008,0.00021,0.00020,0.00047,0.00046,0.00090,0.00149,0.00315,0.00904,0.05463,0.34046,0.38831,0.09968,0.01156,0.00343,0.00176,0.00074,0.00055,0.00028,0.00033,0.00031,0.00027,0.00021,0.00021,0.00017,0.00017,0.00004,0.00012,0.00015,0.00026,0.00016,0.00014,0.00020,0.00022,0.00072,0.01217,0.03315,0.02225,0.00160,0.00052,0.00007,0.00019,0.00016,0.00017,0.00018,0.00024,0.00013,0.00014,0.00009,0.00005
0,0.00021,0.00022,0.00016,0.00017,0.00031,0.00019,0.00027,0.00025,0.00011,0.00019,0.00053,0.00031,0.00034,0.00059,0.00019,0.00030,0.00043,0.00014,0.00095,0.00051,0.00165,0.00310,0.00981,0.05653,0.35353,0.40315,0.10344,0.01188,0.00371,0.00185,0.00084,0.00042,0.00034,0.00039,0.00035,0.00016,0.00025,0.00013,0.00010,0.00010,0.00030,0.00038,0.00052,0.00034,0.00012,0.00020,0.00022,0.00008,0.00037,0.00668,0.01786,0.01207,0.00105,0.00018,0.00025,0.00014,0.00014,0.00017,0.00015,0.00007,0.00026,0.00027,0.00004,0.00004
0,0.00405,0.00023,0.00025,0.00018,0.00014,0.00005,0.00020,0.00024,0.00024,0.00015,0.00023,0.00015,0.00016,0.00031,0.00023,0.00072,0.00046,0.00077,0.00062,0.00063,0.00170,0.00293,0.00949,0.05570,0.34665,0.39479,0.10083,0.01200,0.00358,0.00176,0.00082,0.00037,0.00039,0.00056,0.00024,0.00032,0.00027,0.00013,0.00033,0.00054,0.00064,0.00056,0.00050,0.00039,0.00028,0.00023,0.00027,0.00012,0.00052,0.00891,0.02387,0.01592,0.00113,0.00044,0.00012,0.00026,0.00044,0.00032,0.00046,0.00062,0.00032,0.00013,0.00003,0.00009
0,0.00563,0.00007,0.00011,0.00008,0.00028,0.00027,0.00024,0.00008,0.00006,0.00009,0.00016,0.00012,0.00024,0.00027,0.00030,0.00012,0.00038,0.00030,0.00046,0.00094,0.00148,0.00321,0.00931,0.05501,0.34345,0.39169,0.10066,0.01148,0.00380,0.00159,0.00079,0.00065,0.00021,0.00026,0.00014,0.00019,0.00007,0.00009,0.00012,0.00010,0.00006,0.00010,0.00008,0.00005,0.00021,0.00014,0.00025,0.00015,0.00068,0.01116,0.02984,0.01993,0.00151,0.00027,0.00020,0.00016,0.00016,0.00010,0.00004,0.00004,0.00009,0.00007,0.00016,0.00006
0,0.00257,0.00325,0.00394,0.00477,0.00568,0.00651,0.00715,0.00782,0.00874,0.00962,0.01035,0.01080,0.01127,0.01192,0.01230,0.01291,0.01313,0.01303,0.01303,0.01364,0.01455,0.01258,0.00938,0.04569,0.21392,0.24311,0.07184,0.00594,0.01125,0.01229,0.01095,0.00993,0.00961,0.00922,0.00861,0.00783,0.00723,0.00656,0.00618,0.00543,0.00471,0.00411,0.00360,0.00310,0.00259,0.00212,0.00163,0.00137,0.00069,0.00701,0.01744,0.01124,0.00240,0.00183,0.00233,0.00272,0.00281,0.00299,0.00314,0.00336,0.00359,0.00368,0.00363,0.00337
0,0.00295,0.00125,0.00135,0.00196,0.00262,0.00245,0.00220,0.00144,0.00041,0.00146,0.00182,0.00126,0.00065,0.00087,0.00089,0.00050,0.00185,0.00207,0.00245,0.00105,0.00349,0.00110,0.01014,0.05097,0.32527,0.37164,0.09485,0.01186,0.00355,0.00140,0.00071,0.00087,0.00198,0.00123,0.00093,0.00108,0.00080,0.00104,0.00186,0.00158,0.00063,0.00092,0.00135,0.00166,0.00135,0.00096,0.00062,0.00115,0.00020,0.01151,0.03056,0.02024,0.00215,0.00208,0.00150,0.00086,0.00102,0.00090,0.00032,0.00030,0.00025,0.00015,0.00050,0.00097
0,0.00545,0.00160,0.00146,0.00028,0.00023,0.00066,0.00095,0.00130,0.00191,0.00228,0.00169,0.00161,0.00204,0.00217,0.00150,0.00119,0.00056,0.00098,0.00066,0.00076,0.00183,0.00360,0.00891,0.05071,0.32521,0.37189,0.09461,0.01279,0.00252,0.00268,0.00186,0.00137,0.00078,0.00173,0.00268,0.00219,0.00198,0.00405,0.00453,0.00233,0.00012,0.00135,0.00174,0.00060,0.00202,0.00249,0.00262,0.00245,0.00210,0.00406,0.01273,0.00924,0.00183,0.00265,0.00278,0.00336,0.00260,0.00123,0.00073,0.00262,0.00239,0.00143,0.00361,0.00569
0,0.00559,0.00022,0.00000,0.00070,0.00054,0.00026,0.00022,0.00040,0.00035,0.00071,0.00033,0.00053,0.00067,0.00030,0.00035,0.00066,0.00010,0.00045,0.00034,0.00097,0.00148,0.00343,0.00939,0.05492,0.34307,0.39137,0.10059,0.01158,0.00367,0.00132,0.00118,0.00058,0.00031,0.00046,0.00043,0.00066,0.00047,0.00044,0.00031,0.00048,0.00071,0.00051,0.00012,0.00041,0.00047,0.00028,0.00036,0.00036,0.00035,0.00928,0.02461,0.01650,0.00141,0.00029,0.00009,0.00036,0.00030,0.00010,0.00024,0.00042,0.00109,0.00095,0.00045,0.00052
0,0.00420,0.00029,0.00029,0.00023,0.00018,0.00020,0.00023,0.00024,0.00024,0.00027,0.00021,0.00022,0.00027,0.00016,0.00048,0.00027,0.00052,0.00032,0.00035,0.00098,0.00120,0.00334,0.00921,0.05483,0.34315,0.39134,0.10053,0.01159,0.00370,0.00150,0.00094,0.00037,0.00043,0.00011,0.00026,0.00009,0.00009,0.00017,0.00007,0.00016,0.00038,0.00032,0.00026,0.00003,0.00014,0.00023,0.00005,0.00046,0.00054,0.01116,0.02990,0.02005,0.00170,0.00009,0.00036,0.00007,0.00027,0.00013,0.00008,0.00011,0.00017,0.00009,0.00008,0.00011
0,0.00551,0.00032,0.00036,0.00030,0.00022,0.00012,0.00008,0.00020,0.00020,0.00015,0.00023,0.00034,0.00019,0.00019,0.00041,0.00013,0.00042,0.00024,0.00060,0.00066,0.00171,0.00319,0.00888,0.05533,0.34286,0.39080,0.10036,0.01138,0.00386,0.00149,0.00089,0.00034,0.00052,0.00040,0.00049,0.00021,0.00013,0.00026,0.00023,0.00015,0.00003,0.00031,0.00028,0.00011,0.00020,0.00026,0.00025,0.00017,0.00064,0.01076,0.02926,0.01968,0.00154,0.00010,0.00039,0.00032,0.00021,0.00023,0.00020,0.00013,0.00011,0.00013,0.00017,0.00016
0,0.00505,0.00017,0.00030,0.00028,0.00009,0.00013,0.00011,0.00016,0.00032,0.00014,0.00024,0.00031,0.00039,0.00023,0.00045,0.00037,0.00036,0.00025,0.00078,0.00055,0.00175,0.00330,0.00937,0.05680,0.35396,0.40360,0.10354,0.01207,0.00360,0.00169,0.00090,0.00049,0.00025,0.00037,0.00026,0.00022,0.00014,0.00008,0.00017,0.00007,0.00015,0.00005,0.00004,0.00004,0.00020,0.00024,0.00018,0.00009,0.00048,0.00579,0.01596,0.01072,0.00074,0.00046,0.00020,0.00020,0.00009,0.00024,0.00029,0.00022,0.00003,0.00003,0.00011,0.00010
0,0.00105,0.00008,0.00020,0.00014,0.00012,0.00009,0.00007,0.00010,0.00010,0.00010,0.00012,0.00019,0.00024,0.00009,0.00012,0.00028,0.00016,0.00039,0.00051,0.00076,0.00173,0.00299,0.00914,0.05493,0.34220,0.39024,0.10021,0.01144,0.00375,0.00159,0.00076,0.00064,0.00032,0.00052,0.00023,0.00024,0.00026,0.00028,0.00007,0.00012,0.00017,0.00009,0.00016,0.00015,0.00015,0.00003,0.00006,0.00022,0.00067,0.01222,0.03286,0.02208,0.00189,0.00016,0.00039,0.00031,0.00013,0.00018,0.00026,0.00023,0.00023,0.00016,0.00027,0.00033
0,0.00432,0.00036,0.00024,0.00046,0.00058,0.00027,0.00066,0.00069,0.00051,0.00070,0.00030,0.00026,0.00024,0.00016,0.00015,0.00070,0.00021,0.00077,0.00063,0.00061,0.00183,0.00266,0.00950,0.05528,0.34203,0.38973,0.10030,0.01172,0.00287,0.00244,0.00059,0.00065,0.00058,0.00041,0.00083,0.00047,0.00025,0.00013,0.00019,0.00019,0.00047,0.00055,0.00046,0.00057,0.00045,0.00075,0.00072,0.00037,0.00066,0.00977,0.02572,0.01752,0.00152,0.00071,0.00032,0.00074,0.00033,0.00037,0.00058,0.00057,0.00060,0.00031,0.00026,0.00021
0,0.00649,0.00017,0.00019,0.00019,0.00008,0.00030,0.00023,0.00026,0.00026,0.00032,0.00040,0.00027,0.00008,0.00008,0.00020,0.00040,0.00040,0.00033,0.00060,0.00087,0.00169,0.00287,0.00970,0.05608,0.35042,0.39976,0.10273,0.01195,0.00338,0.00181,0.00093,0.00049,0.00019,0.00033,0.00013,0.00040,0.00037,0.00020,0.00021,0.00050,0.00045,0.00023,0.00007,0.00016,0.00019,0.00023,0.00037,0.00031,0.00064,0.00675,0.01842,0.01233,0.00089,0.00038,0.00002,0.00021,0.00024,0.00028,0.00042,0.00032,0.00025,0.00031,0.00026,0.00000
0,0.00478,0.00088,0.00044,0.00036,0.00053,0.00085,0.00042,0.00058,0.00028,0.00016,0.00050,0.00088,0.00035,0.00018,0.00090,0.00132,0.00061,0.00029,0.00051,0.00031,0.00182,0.00425,0.00872,0.05546,0.34668,0.39538,0.10120,0.01251,0.00312,0.00184,0.00057,0.00072,0.00051,0.00074,0.00050,0.00051,0.00077,0.00091,0.00064,0.00045,0.00029,0.00075,0.00067,0.00041,0.00057,0.00054,0.00017,0.00056,0.00055,0.00656,0.01744,0.01222,0.00129,0.00053,0.00064,0.00058,0.00091,0.00058,0.00030,0.00027,0.00075,0.00064,0.00021,0.00014
0,0.00188,0.00179,0.00082,0.00033,0.00087,0.00092,0.00067,0.00124,0.00063,0.00066,0.00110,0.00102,0.00064,0.00091,0.00029,0.00109,0.00189,0.00106,0.00154,0.00179,0.00142,0.00471,0.00825,0.05469,0.33961,0.38766,0.10023,0.01115,0.00333,0.00213,0.00162,0.00056,0.00142,0.00065,0.00038,0.00055,0.00077,0.00068,0.00055,0.00079,0.00078,0.00042,0.00046,0.00023,0.00065,0.00087,0.00070,0.00067,0.00090,0.00807,0.02228,0.01459,0.00068,0.00141,0.00059,0.00077,0.00022,0.00017,0.00009,0.00025,0.00015,0.00038,0.00093,0.00145
0,0.00434,0.00027,0.00019,0.00003,0.00016,0.00025,0.00024,0.00011,0.00010,0.00015,0.00008,0.00011,0.00013,0.00016,0.00013,0.00026,0.00036,0.00023,0.00052,0.00082,0.00152,0.00318,0.00900,0.05464,0.34016,0.38784,0.09947,0.01161,0.00351,0.00159,0.00093,0.00034,0.00047,0.00023,0.00008,0.00021,0.00020,0.00008,0.00004,0.00018,0.00020,0.00017,0.00014,0.00037,0.00042,0.00019,0.00011,0.00032,0.00072,0.01261,0.03398,0.02292,0.00207,0.00018,0.00031,0.00007,0.00014,0.00008,0.00019,0.00028,0.00023,0.00016,0.00017,0.00002
0,0.00624,0.00002,0.00014,0.00014,0.00016,0.00020,0.00007,0.00033,0.00024,0.00015,0.00019,0.00003,0.00012,0.00015,0.00022,0.00007,0.00020,0.00049,0.00057,0.00081,0.00154,0.00340,0.00931,0.05643,0.35194,0.40138,0.10319,0.01163,0.00384,0.00170,0.00084,0.00040,0.00043,0.00042,0.00024,0.00040,0.00040,0.00023,0.00015,0.00035,0.00018,0.00032,0.00022,0.00034,0.00028,0.00020,0.00015,0.00022,0.00041,0.00641,0.01723,0.01162,0.00100,0.00019,0.00014,0.00038,0.00031,0.00021,0.00031,0.00029,0.00021,0.00021,0.00022,0.00017
0,0.00417,0.00022,0.00025,0.00039,0.00044,0.00037,0.00027,0.00007,0.00007,0.00044,0.00086,0.00098,0.00033,0.00034,0.00049,0.00025,0.00054,0.00082,0.00032,0.00151,0.00198,0.00261,0.00924,0.05526,0.34405,0.39271,0.10069,0.01191,0.00345,0.00171,0.00085,0.00125,0.00017,0.00014,0.00028,0.00095,0.00071,0.00029,0.00027,0.00054,0.00042,0.00013,0.00073,0.00091,0.00076,0.00058,0.00033,0.00036,0.00038,0.00845,0.02327,0.01597,0.00146,0.00038,0.00061,0.00078,0.00072,0.00044,0.00020,0.00009,0.00018,0.00011,0.00010,0.00044
0,0.00029,0.00063,0.00031,0.00045,0.00043,0.00015,0.00049,0.00040,0.00052,0.00041,0.00055,0.00033,0.00016,0.00084,0.00049,0.00072,0.00029,0.00053,0.00073,0.00096,0.00148,0.00288,0.00938,0.05475,0.33854,0.38540,0.09854,0.01204,0.00375,0.00115,0.00084,0.00050,0.00068,0.00048,0.00068,0.00013,0.00040,0.00035,0.00018,0.00058,0.00066,0.00042,0.00021,0.00033,0.00040,0.00041,0.00011,0.00035,0.00108,0.01187,0.03267,0.02243,0.00202,0.00076,0.00007,0.00070,0.00040,0.00035,0.00040,0.00061,0.00046,0.00039,0.00025,0.00026
0,0.00560,0.00016,0.00015,0.00014,0.00016,0.00009,0.00015,0.00020,0.00009,0.00021,0.00025,0.00013,0.00021,0.00022,0.00030,0.00042,0.00031,0.00022,0.00050,0.00114,0.00148,0.00313,0.00984,0.05765,0.35965,0.41011,0.10532,0.01206,0.00385,0.00164,0.00088,0.00063,0.00034,0.00019,0.00014,0.00041,0.00015,0.00012,0.00020,0.00011,0.00005,0.00005,0.00023,0.00023,0.00016,0.00016,0.00017,0.00014,0.00028,0.00290,0.00806,0.00548,0.00040,0.00030,0.00025,0.00021,0.00024,0.00038,0.00028,0.00021,0.00034,0.00022,0.00029,0.00040
0,0.00557,0.00014,0.00016,0.00025,0.00015,0.00008,0.00003,0.00012,0.00021,0.00023,0.00008,0.00020,0.00006,0.00018,0.00011,0.00031,0.00021,0.00028,0.00064,0.00070,0.00152,0.00308,0.00907,0.05397,0.33700,0.38446,0.09886,0.01111,0.00372,0.00153,0.00092,0.00041,0.00041,0.00008,0.00027,0.00027,0.00020,0.00011,0.00018,0.00011,0.00023,0.00025,0.00016,0.00011,0.00001,0.00008,0.00009,0.00026,0.00074,0.01394,0.03743,0.02515,0.00194,0.00053,0.00013,0.00013,0.00009,0.00025,0.00016,0.00017,0.00036,0.00033,0.00020,0.00032
0,0.00461,0.00060,0.00096,0.00102,0.00074,0.00094,0.00064,0.00235,0.00374,0.00232,0.00088,0.00088,0.00106,0.00060,0.00112,0.00329,0.00332,0.00177,0.00115,0.00048,0.00113,0.00437,0.00815,0.05053,0.31669,0.36047,0.09252,0.01053,0.00334,0.00168,0.00154,0.00079,0.00094,0.00345,0.00331,0.00148,0.00054,0.00075,0.00084,0.00059,0.00193,0.00366,0.00280,0.00086,0.00088,0.00089,0.00079,0.00125,0.00064,0.01356,0.03531,0.02357,0.00211,0.00144,0.00114,0.00062,0.00132,0.00073,0.00181,0.00352,0.00271,0.00084,0.00063,0.00087
0,0.00077,0.00010,0.00017,0.00008,0.00023,0.00024,0.00003,0.00025,0.00033,0.00014,0.00013,0.00025,0.00031,0.00033,0.00036,0.00022,0.00018,0.00037,0.00071,0.00069,0.00172,0.00316,0.00989,0.05740,0.35885,0.40921,0.10506,0.01211,0.00378,0.00165,0.00097,0.00038,0.00054,0.00011,0.00037,0.00024,0.00018,0.00027,0.00017,0.00016,0.00021,0.00028,0.00013,0.00002,0.00012,0.00007,0.00008,0.00001,0.00040,0.00420,0.01179,0.00795,0.00043,0.00042,0.00009,0.00024,0.00032,0.00017,0.00011,0.00024,0.00014,0.00014,0.00025,0.00010
0,0.00375,0.00017,0.00018,0.00006,0.00020,0.00024,0.00024,0.00030,0.00016,0.00002,0.00017,0.00017,0.00029,0.00026,0.00019,0.00030,0.00045,0.00038,0.00042,0.00082,0.00160,0.00332,0.00934,0.05567,0.34821,0.39730,0.10218,0.01153,0.00375,0.00157,0.00105,0.00033,0.00044,0.00019,0.00014,0.00013,0.00011,0.00025,0.00032,0.00029,0.00021,0.00027,0.00037,0.00025,0.00007,0.00015,0.00020,0.00027,0.00068,0.00859,0.02332,0.01579,0.00149,0.00010,0.00031,0.00011,0.00019,0.00012,0.00022,0.00008,0.00008,0.00012,0.00024,0.00032
0,0.00557,0.00010,0.00019,0.00014,0.00012,0.00013,0.00013,0.00018,0.00024,0.00003,0.00010,0.00003,0.00019,0.00005,0.00021,0.00007,0.00020,0.00039,0.00045,0.00095,0.00134,0.00338,0.00904,0.05473,0.34155,0.38957,0.10004,0.01156,0.00341,0.00182,0.00077,0.00041,0.00050,0.00009,0.00050,0.00017,0.00024,0.00009,0.00003,0.00011,0.00010,0.00018,0.00023,0.00015,0.00008,0.00019,0.00009,0.00010,0.00088,0.01182,0.03211,0.02158,0.00172,0.00035,0.00018,0.00012,0.00005,0.00023,0.00012,0.00015,0.00014,0.00013,0.00027,0.00022
0,0.00426,0.00010,0.00005,0.00008,0.00006,0.00023,0.00014,0.00003,0.00007,0.00005,0.00003,0.00015,0.00002,0.00016,0.00012,0.00034,0.00020,0.00056,0.00046,0.00088,0.00142,0.00327,0.00961,0.05688,0.35479,0.40455,0.10387,0.01162,0.00433,0.00132,0.00092,0.00052,0.00032,0.00029,0.00027,0.00028,0.00008,0.00020,0.00007,0.00007,0.00023,0.00040,0.00020,0.00028,0.00037,0.00044,0.00026,0.00029,0.00016,0.00586,0.01574,0.01048,0.00080,0.00029,0.00029,0.00009,0.00021,0.00031,0.00011,0.00011,0.00010,0.00022,0.00004,0.00006
0,0.00036,0.00027,0.00012,0.00010,0.00014,0.00002,0.00012,0.00031,0.00028,0.00019,0.00026,0.00016,0.00022,0.00011,0.00025,0.00005,0.00053,0.00015,0.00078,0.00075,0.00151,0.00326,0.00917,0.05624,0.34899,0.39794,0.10251,0.01133,0.00394,0.00155,0.00070,0.00072,0.00028,0.00025,0.00012,0.00036,0.00013,0.00021,0.00013,0.00022,0.00026,0.00011,0.00004,0.00010,0.00014,0.00012,0.00012,0.00013,0.00042,0.00928,0.02467,0.01666,0.00149,0.00018,0.00032,0.00017,0.00006,0.00014,0.00019,0.00008,0.00006,0.00011,0.00021,0.00023
0,0.00459,0.00027,0.00021,0.00020,0.00034,0.00035,0.00023,0.00007,0.00018,0.00008,0.00014,0.00015,0.00033,0.00009,0.00023,0.00023,0.00013,0.00040,0.00058,0.00076,0.00159,0.00318,0.00926,0.05543,0.34593,0.39448,0.10115,0.01174,0.00365,0.00165,0.00084,0.00054,0.00020,0.00043,0.00012,0.00024,0.00010,0.00012,0.00009,0.00019,0.00020,0.00017,0.00024,0.00032,0.00023,0.00024,0.00024,0.00022,0.00058,0.00974,0.02643,0.01775,0.00132,0.00039,0.00015,0.00017,0.00021,0.00021,0.00014,0.00008,0.00016,0.00010,0.00008,0.00015
0,0.00420,0.00228,0.00246,0.00363,0.00381,0.00438,0.00595,0.00629,0.00704,0.00748,0.00822,0.00857,0.00906,0.00962,0.00970,0.01036,0.01056,0.01020,0.01126,0.01192,0.01093,0.00860,0.01252,0.04985,0.24205,0.27380,0.08071,0.00914,0.00705,0.00974,0.00915,0.00767,0.00774,0.00770,0.00716,0.00671,0.00620,0.00533,0.00520,0.00471,0.00401,0.00415,0.00341,0.00245,0.00210,0.00245,0.00257,0.00161,0.00165,0.00650,0.01350,0.00930,0.00217,0.00193,0.00183,0.00186,0.00243,0.00270,0.00211,0.00229,0.00243,0.00258,0.00259,0.00240
0,0.00218,0.00017,0.00007,0.00004,0.00017,0.00029,0.00027,0.00009,0.00009,0.00011,0.00023,0.00032,0.00026,0.00026,0.00033,0.00026,0.00027,0.00028,0.00065,0.00068,0.00178,0.00310,0.00937,0.05624,0.35096,0.40020,0.10254,0.01197,0.00383,0.00145,0.00091,0.00055,0.00027,0.00007,0.00018,0.00033,0.00023,0.00025,0.00031,0.00020,0.00021,0.00011,0.00017,0.00008,0.00018,0.00014,0.00018,0.00027,0.00023,0.00787,0.02100,0.01391,0.00081,0.00058,0.00013,0.00019,0.00009,0.00031,0.00035,0.00010,0.00021,0.00037,0.00050,0.00025
0,0.00212,0.00007,0.00013,0.00013,0.00028,0.00032,0.00020,0.00006,0.00009,0.00008,0.00006,0.00018,0.00026,0.00026,0.00024,0.00012,0.00040,0.00050,0.00044,0.00104,0.00153,0.00319,0.00925,0.05561,0.34656,0.39512,0.10131,0.01176,0.00367,0.00164,0.00066,0.00084,0.00017,0.00023,0.00014,0.00019,0.00034,0.00028,0.00010,0.00003,0.00014,0.00017,0.00016,0.00008,0.00015,0.00003,0.00009,0.00015,0.00058,0.01014,0.02716,0.01833,0.00158,0.00033,0.00015,0.00003,0.00016,0.00015,0.00017,0.00020,0.00017,0.00006,0.00003,0.00017
0,0.00562,0.00015,0.00011,0.00012,0.00022,0.00008,0.00029,0.00019,0.00011,0.00009,0.00023,0.00026,0.00016,0.00020,0.00011,0.00026,0.00033,0.00032,0.00051,0.00083,0.00135,0.00332,0.00895,0.05459,0.33956,0.38723,0.09953,0.01142,0.00339,0.00187,0.00061,0.00066,0.00010,0.00053,0.00019,0.00012,0.00009,0.00009,0.00006,0.00014,0.00007,0.00023,0.00041,0.00034,0.00014,0.00007,0.00025,0.00009,0.00089,0.01260,0.03424,0.02292,0.00160,0.00053,0.00007,0.00020,0.00006,0.00011,0.00013,0.00018,0.00028,0.00008,0.00019,0.00031
0,0.00526,0.00015,0.00019,0.00022,0.00026,0.00025,0.00039,0.00014,0.00016,0.00019,0.00026,0.00015,0.00030,0.00009,0.00023,0.00027,0.00009,0.00048,0.00030,0.00106,0.00146,0.00341,0.00950,0.05665,0.35408,0.40378,0.10363,0.01171,0.00402,0.00164,0.00084,0.00059,0.00045,0.00053,0.00015,0.00018,0.00014,0.00015,0.00030,0.00029,0.00014,0.00006,0.00013,0.00016,0.00019,0.00044,0.00038,0.00042,0.00017,0.00549,0.01514,0.01030,0.00085,0.00020,0.00002,0.00022,0.00025,0.00023,0.00040,0.00025,0.00015,0.00005,0.00021,0.00021
0,0.00473,0.00027,0.00026,0.00024,0.00029,0.00029,0.00020,0.00007,0.00003,0.00013,0.00017,0.00022,0.00023,0.00015,0.00013,0.00029,0.00020,0.00025,0.00057,0.00101,0.00127,0.00343,0.00901,0.05550,0.34495,0.39339,0.10112,0.01165,0.00357,0.00163,0.00095,0.00039,0.00043,0.00012,0.00041,0.00021,0.00034,0.00018,0.00018,0.00032,0.00017,0.00025,0.00014,0.00030,0.00042,0.00060,0.00053,0.00039,0.00027,0.00992,0.02617,0.01765,0.00146,0.00052,0.00035,0.00037,0.00012,0.00003,0.00018,0.00026,0.00032,0.00025,0.00024,0.00030
0,0.00046,0.00028,0.00033,0.00031,0.00019,0.00020,0.00015,0.00003,0.00011,0.00008,0.00017,0.00020,0.00017,0.00023,0.00009,0.00017,0.00015,0.00044,0.00041,0.00078,0.00155,0.00314,0.00910,0.05453,0.33980,0.38738,0.09931,0.01152,0.00344,0.00186,0.00073,0.00055,0.00015,0.00038,0.00012,0.00028,0.00002,0.00007,0.00004,0.00010,0.00023,0.00029,0.00028,0.00031,0.00035,0.00017,0.00015,0.00012,0.00113,0.01329,0.03619,0.02431,0.00191,0.00041,0.00041,0.00026,0.00020,0.00017,0.00006,0.00013,0.00015,0.00021,0.00018,0.00007
0,0.00687,0.00154,0.00066,0.00111,0.00096,0.00091,0.00092,0.00134,0.00252,0.00349,0.00284,0.00134,0.00048,0.00194,0.00340,0.00319,0.00234,0.00091,0.00114,0.00116,0.00218,0.00267,0.00899,0.05262,0.32829,0.37323,0.09415,0.01151,0.00396,0.00116,0.00165,0.00056,0.00123,0.00171,0.00297,0.00360,0.00247,0.00071,0.00102,0.00236,0.00341,0.00294,0.00174,0.00091,0.00098,0.00100,0.00111,0.00079,0.00059,0.00796,0.01635,0.00935,0.00104,0.00056,0.00088,0.00057,0.00080,0.00098,0.00147,0.00246,0.00325,0.00294,0.00154,0.00025
0,0.00584,0.00014,0.00018,0.00020,0.00029,0.00007,0.00009,0.00017,0.00011,0.00016,0.00012,0.00038,0.00015,0.00007,0.00022,0.00021,0.00023,0.00021,0.00066,0.00073,0.00158,0.00333,0.00919,0.05561,0.34707,0.39592,0.10174,0.01167,0.00363,0.00153,0.00095,0.00057,0.00015,0.00035,0.00016,0.00024,0.00015,0.00004,0.00007,0.00023,0.00016,0.00030,0.00043,0.00020,0.00013,0.00015,0.00018,0.00029,0.00061,0.00884,0.02423,0.01640,0.00153,0.00022,0.00022,0.00013,0.00012,0.00020,0.00025,0.00025,0.00018,0.00011,0.00019,0.00026
0,0.00367,0.00020,0.00018,0.00015,0.00013,0.00034,0.00033,0.00020,0.00003,0.00025,0.00044,0.00022,0.00011,0.00019,0.00026,0.00030,0.00032,0.00030,0.00060,0.00091,0.00143,0.00329,0.00921,0.05500,0.34302,0.39114,0.10048,0.01146,0.00375,0.00154,0.00084,0.00045,0.00052,0.00005,0.00024,0.00018,0.00021,0.00013,0.00017,0.00009,0.00011,0.00016,0.00018,0.00015,0.00017,0.00030,0.00001,0.00030,0.00073,0.01117,0.03020,0.02036,0.00160,0.00037,0.00032,0.00009,0.00012,0.00016,0.00013,0.00019,0.00021,0.00025,0.00020,0.00017
0,0.00124,0.00028,0.00015,0.00018,0.00025,0.00037,0.00025,0.00026,0.00024,0.00012,0.00037,0.00039,0.00039,0.00010,0.00021,0.00039,0.00031,0.00027,0.00068,0.00069,0.00165,0.00339,0.00978,0.05818,0.36341,0.41458,0.10639,0.01238,0.00386,0.00167,0.00097,0.00058,0.00019,0.00031,0.00030,0.00032,0.00012,0.00022,0.00051,0.00041,0.00006,0.00020,0.00019,0.00018,0.00009,0.00010,0.00029,0.00024,0.00018,0.00187,0.00481,0.00307,0.00020,0.00028,0.00018,0.00012,0.00026,0.00027,0.00037,0.00026,0.00009,0.00011,0.00016,0.00008
0,0.00530,0.00026,0.00015,0.00014,0.00018,0.00020,0.00012,0.00006,0.00008,0.00011,0.00014,0.00017,0.00019,0.00012,0.00011,0.00022,0.00022,0.00028,0.00062,0.00079,0.00145,0.00323,0.00904,0.05449,0.33988,0.38764,0.09952,0.01147,0.00362,0.00148,0.00091,0.00047,0.00040,0.00021,0.00012,0.00024,0.00023,0.00016,0.00017,0.00006,0.00014,0.00013,0.00017,0.00029,0.00032,0.00027,0.00031,0.00011,0.00069,0.01263,0.03392,0.02271,0.00180,0.00026,0.00026,0.00020,0.00015,0.00020,0.00036,0.00023,0.00026,0.00024,0.00008,0.00003
0,0.00571,0.00005,0.00016,0.00024,0.00011,0.00007,0.00020,0.00030,0.00024,0.00010,0.00037,0.00039,0.00036,0.00021,0.00021,0.00027,0.00035,0.00048,0.00038,0.00101,0.00138,0.00325,0.00933,0.05548,0.34619,0.39485,0.10141,0.01163,0.00375,0.00164,0.00081,0.00054,0.00048,0.00019,0.00040,0.00003,0.00013,0.00016,0.00009,0.00009,0.00005,0.00022,0.00027,0.00015,0.00009,0.00020,0.00032,0.00053,0.00042,0.00914,0.02472,0.01666,0.00139,0.00035,0.00040,0.00016,0.00018,0.00021,0.00028,0.00017,0.00014,0.00029,0.00033,0.00030
0,0.00268,0.00011,0.00027,0.00021,0.00029,0.00017,0.00008,0.00007,0.00021,0.00016,0.00008,0.00017,0.00014,0.00008,0.00019,0.00026,0.00029,0.00045,0.00060,0.00071,0.00165,0.00328,0.00964,0.05716,0.35721,0.40758,0.10480,0.01200,0.00368,0.00184,0.00079,0.00041,0.00042,0.00035,0.00008,0.00008,0.00010,0.00023,0.00017,0.00018,0.00014,0.00015,0.00016,0.00003,0.00002,0.00013,0.00027,0.00020,0.00050,0.00471,0.01302,0.00877,0.00079,0.00031,0.00016,0.00004,0.00009,0.00007,0.00011,0.00026,0.00032,0.00018,0.00031,0.00036
0,0.00230,0.00054,0.00062,0.00014,0.00035,0.00043,0.00027,0.00007,0.00012,0.00008,0.00026,0.00048,0.00050,0.00030,0.00016,0.00037,0.00045,0.00036,0.00088,0.00082,0.00147,0.00291,0.00942,0.05466,0.34006,0.38735,0.09961,0.01079,0.00405,0.00146,0.00100,0.00040,0.00028,0.00037,0.00016,0.00009,0.00028,0.00043,0.00040,0.00026,0.00027,0.00030,0.00015,0.00028,0.00049,0.00037,0.00022,0.00029,0.00111,0.01201,0.03230,0.02152,0.00189,0.00050,0.00035,0.00043,0.00031,0.00010,0.00011,0.00047,0.00059,0.00021,0.00040,0.00038
0,0.00584,0.00025,0.00050,0.00046,0.00016,0.00029,0.00026,0.00005,0.00014,0.00039,0.00036,0.00033,0.00006,0.00019,0.00025,0.00024,0.00042,0.00028,0.00070,0.00063,0.00175,0.00309,0.00911,0.05524,0.34407,0.39238,0.10069,0.01161,0.00384,0.00132,0.00087,0.00073,0.00022,0.00026,0.00033,0.00018,0.00021,0.00027,0.00008,0.00024,0.00025,0.00032,0.00025,0.00007,0.00014,0.00010,0.00026,0.00022,0.00070,0.01017,0.02762,0.01845,0.00121,0.00059,0.00009,0.00007,0.00004,0.00013,0.00029,0.00018,0.00015,0.00016,0.00012,0.00010
0,0.00544,0.00021,0.00011,0.00005,0.00016,0.00015,0.00012,0.00001,0.00011,0.00023,0.00017,0.00006,0.00013,0.00014,0.00024,0.00014,0.00034,0.00037,0.00050,0.00090,0.00141,0.00324,0.00928,0.05545,0.34594,0.39457,0.10137,0.01164,0.00367,0.00154,0.00104,0.00035,0.00041,0.00020,0.00012,0.00011,0.00009,0.00016,0.00006,0.00012,0.00017,0.00011,0.00012,0.00006,0.00007,0.00014,0.00018,0.00015,0.00059,0.00999,0.02696,0.01812,0.00143,0.00034,0.00017,0.00020,0.00003,0.00006,0.00013,0.00013,0.00011,0.00013,0.00010,0.00016
1,0.00491,0.00004,0.00002,0.00002,0.00002,0.00002,0.00002,0.00002,0.00003,0.00003,0.00004,0.00005,0.00006,0.00007,0.00009,0.00013,0.00018,0.00026,0.00039,0.00064,0.00117,0.00251,0.00717,0.04306,0.26841,0.30610,0.07859,0.00904,0.00284,0.00125,0.00065,0.00038,0.00024,0.00016,0.00011,0.00008,0.00006,0.00004,0.00003,0.00002,0.00001,0.00000,0.00002,0.00004,0.00007,0.00014,0.00030,0.00074,0.00272,0.04675,0.12630,0.08476,0.00657,0.00142,0.00055,0.00027,0.00015,0.00009,0.00006,0.00004,0.00003,0.00002,0.00001,0.00000
1,0.00078,0.00001,0.00001,0.00001,0.00001,0.00001,0.00002,0.00002,0.00002,0.00003,0.00003,0.00004,0.00005,0.00007,0.00009,0.00013,0.00018,0.00025,0.00039,0.00064,0.00117,0.00251,0.00720,0.04323,0.26950,0.30734,0.07891,0.00908,0.00285,0.00125,0.00066,0.00039,0.00025,0.00016,0.00012,0.00008,0.00006,0.00005,0.00004,0.00003,0.00002,0.00002,0.00003,0.00005,0.00008,0.00015,0.00030,0.00075,0.00274,0.04695,0.12681,0.08510,0.00660,0.00142,0.00055,0.00027,0.00016,0.00010,0.00007,0.00005,0.00003,0.00003,0.00002,0.00002
1,0.00336,0.00003,0.00002,0.00002,0.00002,0.00002,0.00002,0.00002,0.00003,0.00003,0.00004,0.00005,0.00006,0.00007,0.00009,0.00013,0.00018,0.00026,0.00039,0.00064,0.00117,0.00251,0.00718,0.04311,0.26874,0.30647,0.07869,0.00905,0.00285,0.00125,0.00066,0.00039,0.00025,0.00017,0.00012,0.00009,0.00007,0.00005,0.00004,0.00004,0.00004,0.00004,0.00005,0.00006,0.00009,0.00016,0.00031,0.00075,0.00273,0.04681,0.12645,0.08486,0.00658,0.00142,0.00055,0.00027,0.00016,0.00010,0.00007,0.00005,0.00004,0.00004,0.00003,0.00003
1,0.00748,0.00005,0.00003,0.00002,0.00002,0.00002,0.00002,0.00002,0.00003,0.00003,0.00004,0.00005,0.00006,0.00007,0.00009,0.00013,0.00018,0.00025,0.00039,0.00064,0.00117,0.00250,0.00715,0.04293,0.26761,0.30519,0.07836,0.00901,0.00283,0.00125,0.00065,0.00038,0.00024,0.00016,0.00012,0.00009,0.00007,0.00005,0.00004,0.00004,0.00004,0.00004,0.00004,0.00006,0.00009,0.00016,0.00031,0.00075,0.00272,0.04662,0.12592,0.08451,0.00655,0.00141,0.00055,0.00027,0.00016,0.00010,0.00007,0.00005,0.00004,0.00003,0.00003,0.00003
1,0.00078,0.00001,0.00001,0.00001,0.00001,0.00001,0.00002,0.00002,0.00002,0.00003,0.00003,0.00004,0.00005,0.00007,0.00009,0.00013,0.00018,0.00025,0.00039,0.00064,0.00117,0.00251,0.00720,0.04323,0.26950,0.30734,0.07891,0.00908,0.00285,0.00125,0.00066,0.00039,0.00025,0.00016,0.00012,0.00008,0.00006,0.00005,0.00004,0.00003,0.00002,0.00002,0.00003,0.00005,0.00008,0.00015,0.00030,0.00075,0.00274,0.04695,0.12681,0.08510,0.00660,0.00142,0.00055,0.00027,0.00016,0.00010,0.00007,0.00005,0.00003,0.00003,0.00002,0.00002
1,0.00078,0.00001,0.00001,0.00001,0.00001,0.00001,0.00002,0.00002,0.00002,0.00003,0.00003,0.00004,0.00005,0.00007,0.00009,0.00013,0.00018,0.00025,0.00039,0.00064,0.00117,0.00251,0.00720,0.04323,0.26950,0.30734,0.07891,0.00908,0.00285,0.00125,0.00066,0.00039,0.00025,0.00016,0.00012,0.00008,0.00006,0.00005,0.00004,0.00003,0.00002,0.00002,0.00003,0.00005,0.00008,0.00015,0.00030,0.00075,0.00274,0.04695,0.12681,0.08510,0.00660,0.00142,0.00055,0.00027,0.00016,0.00010,0.00007,0.00005,0.00003,0.00003,0.00002,0.00002
1,0.00300,0.00059,0.00018,0.00019,0.00052,0.00078,0.00086,0.00063,0.00041,0.00020,0.00025,0.00066,0.00102,0.00088,0.00044,0.00027,0.00036,0.00034,0.00128,0.00089,0.00137,0.00284,0.00659,0.04233,0.26251,0.29928,0.07683,0.00870,0.00301,0.00108,0.00048,0.00090,0.00067,0.00062,0.00055,0.00028,0.00029,0.00072,0.00099,0.00106,0.00087,0.00057,0.00045,0.00039,0.00053,0.00079,0.00096,0.00043,0.00341,0.04559,0.12418,0.08322,0.00599,0.00198,0.00010,0.00056,0.00031,0.00043,0.00069,0.00083,0.00077,0.00086,0.00071,0.00054
1,0.00078,0.00001,0.00001,0.00001,0.00001,0.00001,0.00002,0.00002,0.00002,0.00003,0.00003,0.00004,0.00005,0.00007,0.00009,0.00013,0.00018,0.00025,0.00039,0.00064,0.00117,0.00251,0.00720,0.04323,0.26950,0.30734,0.07891,0.00908,0.00285,0.00125,0.00066,0.00039,0.00025,0.00016,0.00012,0.00008,0.00006,0.00005,0.00004,0.00003,0.00002,0.00002,0.00003,0.00005,0.00008,0.00015,0.00030,0.00075,0.00274,0.04695,0.12681,0.08510,0.00660,0.00142,0.00055,0.00027,0.00016,0.00010,0.00007,0.00005,0.00003,0.00003,0.00002,0.00002
1,0.00336,0.00003,0.00002,0.00002,0.00002,0.00002,0.00002,0.00002,0.00003,0.00003,0.00004,0.00005,0.00006,0.00007,0.00009,0.00013,0.00018,0.00026,0.00039,0.00064,0.00117,0.00251,0.00718,0.04311,0.26874,0.30647,0.07869,0.00905,0.00285,0.00125,0.00066,0.00039,0.00025,0.00017,0.00012,0.00009,0.00007,0.00005,0.00004,0.00004,0.00004,0.00004,0.00005,0.00006,0.00009,0.00016,0.00031,0.00075,0.00273,0.04681,0.12645,0.08486,0.00658,0.00142,0.00055,0.00027,0.00016,0.00010,0.00007,0.00005,0.00004,0.00004,0.00003,0.00003
1,0.00491,0.00004,0.00002,0.00002,0.00002,0.00002,0.00002,0.00002,0.00003,0.00003,0.00004,0.00005,0.00006,0.00007,0.00009,0.00013,0.00018,0.00026,0.00039,0.00064,0.00117,0.00251,0.00717,0.04306,0.26841,0.30610,0.07859,0.00904,0.00284,0.00125,0.00065,0.00038,0.00024,0.00016,0.00011,0.00008,0.00006,0.00004,0.00003,0.00002,0.00001,0.00000,0.00002,0.00004,0.00007,0.00014,0.00030,0.00074,0.00272,0.04675,0.12630,0.08476,0.00657,0.00142,0.00055,0.00027,0.00015,0.00009,0.00006,0.00004,0.00003,0.00002,0.00001,0.00000
1,0.00078,0.00001,0.00001,0.00001,0.00001,0.00001,0.00002,0.00002,0.00002,0.00003,0.00003,0.00004,0.00005,0.00007,0.00009,0.00013,0.00018,0.00025,0.00039,0.00064,0.00117,0.00251,0.00720,0.04323,0.26950,0.30734,0.07891,0.00908,0.00285,0.00125,0.00066,0.00039,0.00025,0.00016,0.00012,0.00008,0.00006,0.00005,0.00004,0.00003,0.00002,0.00002,0.00003,0.00005,0.00008,0.00015,0.00030,0.00075,0.00274,0.04695,0.12681,0.08510,0.00660,0.00142,0.00055,0.00027,0.00016,0.00010,0.00007,0.00005,0.00003,0.00003,0.00002,0.00002
1,0.00078,0.00001,0.00001,0.00001,0.00001,0.00001,0.00002,0.00002,0.00002,0.00003,0.00003,0.00004,0.00005,0.00007,0.00009,0.00013,0.00018,0.00025,0.00039,0.00064,0.00117,0.00251,0.00720,0.04323,0.26950,0.30734,0.07891,0.00908,0.00285,0.00125,0.00066,0.00039,0.00025,0.00016,0.00012,0.00008,0.00006,0.00005,0.00004,0.00003,0.00002,0.00002,0.00003,0.00005,0.00008,0.00015,0.00030,0.00075,0.00274,0.04695,0.12681,0.08510,0.00660,0.00142,0.00055,0.00027,0.00016,0.00010,0.00007,0.00005,0.00003,0.00003,0.00002,0.00002
1,0.00336,0.00003,0.00002,0.00002,0.00002,0.00002,0.00002,0.00002,0.00003,0.00003,0.00004,0.00005,0.00006,0.00007,0.00009,0.00013,0.00018,0.00026,0.00039,0.00064,0.00117,0.00251,0.00718,0.04311,0.26874,0.30647,0.07869,0.00905,0.00285,0.00125,0.00066,0.00039,0.00025,0.00017,0.00012,0.00009,0.00007,0.00005,0.00004,0.00004,0.00004,0.00004,0.00005,0.00006,0.00009,0.00016,0.00031,0.00075,0.00273,0.04681,0.12645,0.08486,0.00658,0.00142,0.00055,0.00027,0.00016,0.00010,0.00007,0.00005,0.00004,0.00004,0.00003,0.00003
1,0.00748,0.00005,0.00003,0.00002,0.00002,0.00002,0.00002,0.00002,0.00003,0.00003,0.00004,0.00005,0.00006,0.00007,0.00009,0.00013,0.00018,0.00025,0.00039,0.00064,0.00117,0.00250,0.00715,0.04293,0.26761,0.30519,0.07836,0.00901,0.00283,0.00125,0.00065,0.00038,0.00024,0.00016,0.00012,0.00009,0.00007,0.00005,0.00004,0.00004,0.00004,0.00004,0.00004,0.00006,0.00009,0.00016,0.00031,0.00075,0.00272,0.04662,0.12592,0.08451,0.00655,0.00141,0.00055,0.00027,0.00016,0.00010,0.00007,0.00005,0.00004,0.00003,0.00003,0.00003
1,0.00034,0.00055,0.00056,0.00054,0.00056,0.00054,0.00057,0.00054,0.00058,0.00053,0.00059,0.00051,0.00060,0.00049,0.00065,0.00043,0.00073,0.00031,0.00094,0.00015,0.00169,0.00196,0.00757,0.04193,0.26393,0.30107,0.07700,0.00930,0.00249,0.00161,0.00059,0.00080,0.00051,0.00063,0.00054,0.00057,0.00055,0.00055,0.00056,0.00054,0.00057,0.00053,0.00059,0.00051,0.00062,0.00046,0.00077,0.00064,0.00298,0.04584,0.12423,0.08335,0.00640,0.00155,0.00076,0.00060,0.00060,0.00054,0.00058,0.00054,0.00058,0.00053,0.00057,0.00053
1,0.00078,0.00001,0.00001,0.00001,0.00001,0.00001,0.00002,0.00002,0.00002,0.00003,0.00003,0.00004,0.00005,0.00007,0.00009,0.00013,0.00018,0.00025,0.00039,0.00064,0.00117,0.00251,0.00720,0.04323,0.26950,0.30734,0.07891,0.00908,0.00285,0.00125,0.00066,0.00039,0.00025,0.00016,0.00012,0.00008,0.00006,0.00005,0.00004,0.00003,0.00002,0.00002,0.00003,0.00005,0.00008,0.00015,0.00030,0.00075,0.00274,0.04695,0.12681,0.08510,0.00660,0.00142,0.00055,0.00027,0.00016,0.00010,0.00007,0.00005,0.00003,0.00003,0.00002,0.00002
1,0.00336,0.00003,0.00002,0.00002,0.00002,0.00002,0.00002,0.00002,0.00003,0.00003,0.00004,0.00005,0.00006,0.00007,0.00009,0.00013,0.00018,0.00026,0.00039,0.00064,0.00117,0.00251,0.00718,0.04311,0.26874,0.30647,0.07869,0.00905,0.00285,0.00125,0.00066,0.00039,0.00025,0.00017,0.00012,0.00009,0.00007,0.00005,0.00004,0.00004,0.00004,0.00004,0.00005,0.00006,0.00009,0.00016,0.00031,0.00075,0.00273,0.04681,0.12645,0.08486,0.00658,0.00142,0.00055,0.00027,0.00016,0.00010,0.00007,0.00005,0.00004,0.00004,0.00003,0.00003
1,0.00096,0.00021,0.00022,0.00020,0.00022,0.00021,0.00021,0.00022,0.00019,0.00024,0.00019,0.00023,0.00022,0.00018,0.00029,0.00009,0.00037,0.00024,0.00043,0.00077,0.00099,0.00271,0.00698,0.04308,0.26790,0.30542,0.07826,0.00923,0.00265,0.00137,0.00068,0.00035,0.00044,0.00005,0.00032,0.00018,0.00023,0.00023,0.00019,0.00023,0.00019,0.00023,0.00018,0.00026,0.00016,0.00030,0.00038,0.00066,0.00291,0.04646,0.12588,0.08449,0.00656,0.00133,0.00073,0.00006,0.00036,0.00017,0.00023,0.00023,0.00019,0.00023,0.00019,0.00023
1,0.00336,0.00003,0.00002,0.00002,0.00002,0.00002,0.00002,0.00002,0.00003,0.00003,0.00004,0.00005,0.00006,0.00007,0.00009,0.00013,0.00018,0.00026,0.00039,0.00064,0.00117,0.00251,0.00718,0.04311,0.26874,0.30647,0.07869,0.00905,0.00285,0.00125,0.00066,0.00039,0.00025,0.00017,0.00012,0.00009,0.00007,0.00005,0.00004,0.00004,0.00004,0.00004,0.00004,0.00006,0.00009,0.00016,0.00031,0.00075,0.00273,0.04681,0.12645,0.08486,0.00658,0.00142,0.00055,0.00027,0.00016,0.00010,0.00007,0.00005,0.00004,0.00003,0.00003,0.00003
1,0.00477,0.00004,0.00003,0.00002,0.00002,0.00002,0.00002,0.00002,0.00002,0.00003,0.00003,0.00004,0.00006,0.00007,0.00009,0.00013,0.00018,0.00026,0.00039,0.00064,0.00117,0.00251,0.00717,0.04306,0.26845,0.30614,0.07861,0.00905,0.00285,0.00125,0.00066,0.00039,0.00025,0.00016,0.00011,0.00008,0.00006,0.00004,0.00002,0.00001,0.00000,0.00001,0.00002,0.00004,0.00007,0.00014,0.00030,0.00074,0.00272,0.04676,0.12632,0.08477,0.00657,0.00142,0.00054,0.00027,0.00015,0.00009,0.00006,0.00004,0.00002,0.00001,0.00001,0.00001
1,0.00075,0.00010,0.00011,0.00012,0.00011,0.00011,0.00010,0.00011,0.00013,0.00012,0.00008,0.00007,0.00013,0.00017,0.00017,0.00008,0.00010,0.00029,0.00050,0.00069,0.00110,0.00242,0.00721,0.04323,0.26881,0.30652,0.07882,0.00904,0.00274,0.00120,0.00074,0.00048,0.00025,0.00006,0.00012,0.00017,0.00017,0.00012,0.00007,0.00009,0.00011,0.00012,0.00014,0.00013,0.00006,0.00007,0.00034,0.00085,0.00279,0.04676,0.12660,0.08490,0.00648,0.00137,0.00062,0.00038,0.00018,0.00004,0.00008,0.00014,0.00014,0.00012,0.00010,0.00008
1,0.00077,0.00001,0.00001,0.00001,0.00001,0.00001,0.00001,0.00002,0.00002,0.00003,0.00003,0.00004,0.00006,0.00007,0.00009,0.00013,0.00018,0.00026,0.00039,0.00064,0.00117,0.00251,0.00720,0.04323,0.26951,0.30734,0.07892,0.00908,0.00286,0.00125,0.00066,0.00039,0.00024,0.00016,0.00011,0.00008,0.00006,0.00005,0.00003,0.00003,0.00002,0.00002,0.00003,0.00005,0.00008,0.00015,0.00030,0.00075,0.00274,0.04695,0.12681,0.08511,0.00659,0.00142,0.00055,0.00027,0.00016,0.00010,0.00007,0.00005,0.00004,0.00003,0.00002,0.00002
1,0.00336,0.00003,0.00002,0.00002,0.00002,0.00002,0.00002,0.00002,0.00003,0.00003,0.00004,0.00005,0.00006,0.00007,0.00009,0.00013,0.00018,0.00026,0.00039,0.00064,0.00117,0.00251,0.00718,0.04311,0.26874,0.30647,0.07869,0.00905,0.00285,0.00125,0.00066,0.00039,0.00025,0.00017,0.00012,0.00009,0.00007,0.00005,0.00004,0.00004,0.00004,0.00004,0.00005,0.00006,0.00009,0.00016,0.00031,0.00075,0.00273,0.04681,0.12645,0.08486,0.00658,0.00142,0.00055,0.00027,0.00016,0.00010,0.00007,0.00005,0.00004,0.00004,0.00003,0.00003
1,0.01988,0.01378,0.01366,0.01356,0.01346,0.01336,0.01323,0.01305,0.01285,0.01267,0.01247,0.01222,0.01192,0.01164,0.01142,0.01114,0.01069,0.01025,0.01011,0.01009,0.00935,0.00732,0.00860,0.03533,0.16893,0.19072,0.05526,0.00502,0.00458,0.00593,0.00545,0.00455,0.00401,0.00373,0.00335,0.00285,0.00237,0.00197,0.00160,0.00119,0.00079,0.00052,0.00049,0.00065,0.00093,0.00136,0.00179,0.00174,0.00097,0.03095,0.07841,0.05416,0.00751,0.00372,0.00337,0.00384,0.00414,0.00423,0.00428,0.00438,0.00450,0.00456,0.00457,0.00456
1,0.00336,0.00003,0.00002,0.00002,0.00002,0.00002,0.00002,0.00002,0.00003,0.00003,0.00004,0.00005,0.00006,0.00007,0.00009,0.00013,0.00018,0.00026,0.00039,0.00064,0.00117,0.00251,0.00718,0.04311,0.26874,0.30647,0.07869,0.00905,0.00285,0.00125,0.00066,0.00039,0.00025,0.00017,0.00012,0.00009,0.00007,0.00005,0.00004,0.00004,0.00004,0.00004,0.00005,0.00006,0.00009,0.00016,0.00031,0.00075,0.00273,0.04681,0.12645,0.08486,0.00658,0.00142,0.00055,0.00027,0.00016,0.00010,0.00007,0.00005,0.00004,0.00004,0.00003,0.00003
1,0.00078,0.00001,0.00001,0.00001,0.00001,0.00001,0.00002,0.00002,0.00002,0.00003,0.00003,0.00004,0.00005,0.00007,0.00009,0.00013,0.00018,0.00025,0.00039,0.00064,0.00117,0.00251,0.00720,0.04323,0.26950,0.30734,0.07891,0.00908,0.00285,0.00125,0.00066,0.00039,0.00025,0.00016,0.00012,0.00008,0.00006,0.00005,0.00004,0.00003,0.00002,0.00002,0.00003,0.00005,0.00008,0.00015,0.00030,0.00075,0.00274,0.04695,0.12681,0.08510,0.00660,0.00142,0.00055,0.00027,0.00016,0.00010,0.00007,0.00005,0.00003,0.00003,0.00002,0.00002
1,0.00336,0.00003,0.00002,0.00002,0.00002,0.00002,0.00002,0.00002,0.00003,0.00003,0.00004,0.00005,0.00006,0.00007,0.00009,0.00013,0.00018,0.00026,0.00039,0.00064,0.00117,0.00251,0.00718,0.04311,0.26874,0.30647,0.07869,0.00905,0.00285,0.00125,0.00066,0.00039,0.00025,0.00017,0.00012,0.00009,0.00007,0.00005,0.00004,0.00004,0.00004,0.00004,0.00005,0.00006,0.00009,0.00016,0.00031,0.00075,0.00273,0.04681,0.12645,0.08486,0.00658,0.00142,0.00055,0.00027,0.00016,0.00010,0.00007,0.00005,0.00004,0.00004,0.00003,0.00003
1,0.00491,0.00004,0.00002,0.00002,0.00002,0.00002,0.00002,0.00002,0.00003,0.00003,0.00004,0.00005,0.00006,0.00007,0.00009,0.00013,0.00018,0.00026,0.00039,0.00064,0.00117,0.00251,0.00717,0.04306,0.26841,0.30610,0.07859,0.00904,0.00284,0.00125,0.00065,0.00038,0.00024,0.00016,0.00011,0.00008,0.00006,0.00004,0.00003,0.00002,0.00001,0.00000,0.00002,0.00004,0.00007,0.00014,0.00030,0.00074,0.00272,0.04675,0.12630,0.08476,0.00657,0.00142,0.00055,0.00027,0.00015,0.00009,0.00006,0.00004,0.00003,0.00002,0.00001,0.00000
1,0.00078,0.00001,0.00001,0.00001,0.00001,0.00001,0.00002,0.00002,0.00002,0.00003,0.00003,0.00004,0.00005,0.00007,0.00009,0.00013,0.00018,0.00025,0.00039,0.00064,0.00117,0.00251,0.00720,0.04323,0.26950,0.30734,0.07891,0.00908,0.00285,0.00125,0.00066,0.00039,0.00025,0.00016,0.00012,0.00008,0.00006,0.00005,0.00004,0.00003,0.00002,0.00002,0.00003,0.00005,0.00008,0.00015,0.00030,0.00075,0.00274,0.04695,0.12681,0.08510,0.00660,0.00142,0.00055,0.00027,0.00016,0.00010,0.00007,0.00005,0.00003,0.00003,0.00002,0.00002
1,0.00078,0.00001,0.00001,0.00001,0.00001,0.00001,0.00002,0.00002,0.00002,0.00003,0.00003,0.00004,0.00005,0.00007,0.00009,0.00013,0.00018,0.00025,0.00039,0.00064,0.00117,0.00251,0.00720,0.04323,0.26950,0.30734,0.07891,0.00908,0.00285,0.00125,0.00066,0.00039,0.00025,0.00016,0.00012,0.00008,0.00006,0.00005,0.00004,0.00003,0.00002,0.00002,0.00003,0.00005,0.00008,0.00015,0.00030,0.00075,0.00274,0.04695,0.12681,0.08510,0.00660,0.00142,0.00055,0.00027,0.00016,0.00010,0.00007,0.00005,0.00003,0.00003,0.00002,0.00002
1,0.00336,0.00003,0.00002,0.00002,0.00002,0.00002,0.00002,0.00002,0.00003,0.00003,0.00004,0.00005,0.00006,0.00007,0.00009,0.00013,0.00018,0.00026,0.00039,0.00064,0.00117,0.00251,0.00718,0.04311,0.26874,0.30647,0.07869,0.00905,0.00285,0.00125,0.00066,0.00039,0.00025,0.00017,0.00012,0.00009,0.00007,0.00005,0.00004,0.00004,0.00004,0.00004,0.00005,0.00006,0.00009,0.00016,0.00031,0.00075,0.00273,0.04681,0.12645,0.08486,0.00658,0.00142,0.00055,0.00027,0.00016,0.00010,0.00007,0.00005,0.00004,0.00004,0.00003,0.00003
1,0.00491,0.00004,0.00002,0.00002,0.00002,0.00002,0.00002,0.00002,0.00003,0.00003,0.00004,0.00005,0.00006,0.00007,0.00009,0.00013,0.00018,0.00026,0.00039,0.00064,0.00117,0.00251,0.00717,0.04306,0.26841,0.30610,0.07859,0.00904,0.00284,0.00125,0.00065,0.00038,0.00024,0.00016,0.00011,0.00008,0.00006,0.00004,0.00003,0.00002,0.00001,0.00000,0.00002,0.00004,0.00007,0.00014,0.00030,0.00074,0.00272,0.04675,0.12630,0.08476,0.00657,0.00142,0.00055,0.00027,0.00015,0.00009,0.00006,0.00004,0.00003,0.00002,0.00001,0.00000
1,0.00105,0.00000,0.00000,0.00000,0.00000,0.00001,0.00001,0.00002,0.00002,0.00003,0.00004,0.00005,0.00006,0.00008,0.00010,0.00014,0.00018,0.00026,0.00040,0.00065,0.00118,0.00251,0.00719,0.04321,0.26940,0.30721,0.07889,0.00908,0.00286,0.00126,0.00067,0.00039,0.00025,0.00016,0.00011,0.00008,0.00005,0.00004,0.00003,0.00002,0.00002,0.00003,0.00004,0.00006,0.00009,0.00016,0.00031,0.00075,0.00274,0.04693,0.12676,0.08506,0.00660,0.00143,0.00056,0.00028,0.00016,0.00011,0.00007,0.00005,0.00003,0.00002,0.00001,0.00001
1,0.00078,0.00001,0.00001,0.00001,0.00001,0.00001,0.00002,0.00002,0.00002,0.00003,0.00003,0.00004,0.00005,0.00007,0.00009,0.00013,0.00018,0.00025,0.00039,0.00064,0.00117,0.00251,0.00720,0.04323,0.26950,0.30734,0.07891,0.00908,0.00285,0.00125,0.00066,0.00039,0.00025,0.00016,0.00012,0.00008,0.00006,0.00005,0.00004,0.00003,0.00002,0.00002,0.00003,0.00005,0.00008,0.00015,0.00030,0.00075,0.00274,0.04695,0.12681,0.08510,0.00660,0.00142,0.00055,0.00027,0.00016,0.00010,0.00007,0.00005,0.00003,0.00003,0.00002,0.00002
1,0.00336,0.00003,0.00002,0.00002,0.00002,0.00002,0.00002,0.00002,0.00003,0.00003,0.00004,0.00005,0.00006,0.00007,0.00009,0.00013,0.00018,0.00026,0.00039,0.00064,0.00117,0.00251,0.00718,0.04311,0.26874,0.30647,0.07869,0.00905,0.00285,0.00125,0.00066,0.00039,0.00025,0.00017,0.00012,0.00009,0.00007,0.00005,0.00004,0.00004,0.00004,0.00004,0.00005,0.00006,0.00009,0.00016,0.00031,0.00075,0.00273,0.04681,0.12645,0.08486,0.00658,0.00142,0.00055,0.00027,0.00016,0.00010,0.00007,0.00005,0.00004,0.00004,0.00003,0.00003
1,0.00080,0.00014,0.00028,0.00022,0.00003,0.00031,0.00028,0.00005,0.00023,0.00030,0.00008,0.00022,0.00034,0.00014,0.00027,0.00016,0.00035,0.00031,0.00045,0.00066,0.00113,0.00274,0.00691,0.04301,0.26782,0.30551,0.07846,0.00916,0.00257,0.00139,0.00078,0.00039,0.00031,0.00019,0.00038,0.00014,0.00004,0.00034,0.00027,0.00005,0.00023,0.00029,0.00009,0.00025,0.00027,0.00025,0.00049,0.00064,0.00271,0.04662,0.12582,0.08440,0.00665,0.00120,0.00066,0.00028,0.00039,0.00024,0.00010,0.00027,0.00027,0.00014,0.00015,0.00037
1,0.00336,0.00003,0.00002,0.00002,0.00002,0.00002,0.00002,0.00002,0.00003,0.00003,0.00004,0.00005,0.00006,0.00007,0.00009,0.00013,0.00018,0.00026,0.00039,0.00064,0.00117,0.00251,0.00718,0.04311,0.26874,0.30647,0.07869,0.00905,0.00285,0.00125,0.00066,0.00039,0.00025,0.00017,0.00012,0.00009,0.00007,0.00005,0.00004,0.00004,0.00004,0.00004,0.00005,0.00006,0.00009,0.00016,0.00031,0.00075,0.00273,0.04681,0.12645,0.08486,0.00658,0.00142,0.00055,0.00027,0.00016,0.00010,0.00007,0.00005,0.00004,0.00004,0.00003,0.00003
1,0.00491,0.00004,0.00002,0.00002,0.00002,0.00002,0.00002,0.00002,0.00003,0.00003,0.00004,0.00005,0.00006,0.00007,0.00009,0.00013,0.00018,0.00026,0.00039,0.00064,0.00117,0.00251,0.00717,0.04306,0.26841,0.30610,0.07859,0.00904,0.00284,0.00125,0.00065,0.00038,0.00024,0.00016,0.00011,0.00008,0.00006,0.00004,0.00003,0.00002,0.00001,0.00000,0.00002,0.00004,0.00007,0.00014,0.00030,0.00074,0.00272,0.04675,0.12630,0.08476,0.00657,0.00142,0.00055,0.00027,0.00015,0.00009,0.00006,0.00004,0.00003,0.00002,0.00001,0.00000
1,0.00336,0.00003,0.00002,0.00002,0.00002,0.00002,0.00002,0.00002,0.00003,0.00003,0.00004,0.00005,0.00006,0.00007,0.00009,0.00013,0.00018,0.00026,0.00039,0.00064,0.00117,0.00251,0.00718,0.04311,0.26874,0.30647,0.07869,0.00905,0.00285,0.00125,0.00066,0.00039,0.00025,0.00017,0.00012,0.00009,0.00007,0.00005,0.00004,0.00004,0.00004,0.00004,0.00005,0.00006,0.00009,0.00016,0.00031,0.00075,0.00273,0.04681,0.12645,0.08486,0.00658,0.00142,0.00055,0.00027,0.00016,0.00010,0.00007,0.00005,0.00004,0.00004,0.00003,0.00003
1,0.00078,0.00001,0.00001,0.00001,0.00001,0.00001,0.00002,0.00002,0.00002,0.00003,0.00003,0.00004,0.00005,0.00007,0.00009,0.00013,0.00018,0.00025,0.00039,0.00064,0.00117,0.00251,0.00720,0.04323,0.26950,0.30734,0.07891,0.00908,0.00285,0.00125,0.00066,0.00039,0.00025,0.00016,0.00012,0.00008,0.00006,0.00005,0.00004,0.00003,0.00002,0.00002,0.00003,0.00005,0.00008,0.00015,0.00030,0.00075,0.00274,0.04695,0.12681,0.08510,0.00660,0.00142,0.00055,0.00027,0.00016,0.00010,0.00007,0.00005,0.00003,0.00003,0.00002,0.00002
1,0.00336,0.00003,0.00002,0.00002,0.00002,0.00002,0.00002,0.00002,0.00003,0.00003,0.00004,0.00005,0.00006,0.00007,0.00009,0.00013,0.00018,0.00026,0.00039,0.00064,0.00117,0.00251,0.00718,0.04311,0.26874,0.30647,0.07869,0.00905,0.00285,0.00125,0.00066,0.00039,0.00025,0.00017,0.00012,0.00009,0.00007,0.00005,0.00004,0.00004,0.00004,0.00004,0.00005,0.00006,0.00009,0.00016,0.00031,0.00075,0.00273,0.04681,0.12645,0.08486,0.00658,0.00142,0.00055,0.00027,0.00016,0.00010,0.00007,0.00005,0.00004,0.00004,0.00003,0.00003
1,0.00491,0.00004,0.00002,0.00002,0.00002,0.00002,0.00002,0.00002,0.00003,0.00003,0.00004,0.00005,0.00006,0.00007,0.00009,0.00013,0.00018,0.00026,0.00039,0.00064,0.00117,0.00251,0.00717,0.04306,0.26841,0.30610,0.07859,0.00904,0.00284,0.00125,0.00065,0.00038,0.00024,0.00016,0.00011,0.00008,0.00006,0.00004,0.00003,0.00002,0.00001,0.00000,0.00002,0.00004,0.00007,0.00014,0.00030,0.00074,0.00272,0.04675,0.12630,0.08476,0.00657,0.00142,0.00055,0.00027,0.00015,0.00009,0.00006,0.00004,0.00003,0.00002,0.00001,0.00000
1,0.00078,0.00001,0.00001,0.00001,0.00001,0.00001,0.00002,0.00002,0.00002,0.00003,0.00003,0.00004,0.00005,0.00007,0.00009,0.00013,0.00018,0.00025,0.00039,0.00064,0.00117,0.00251,0.00720,0.04323,0.26950,0.30734,0.07891,0.00908,0.00285,0.00125,0.00066,0.00039,0.00025,0.00016,0.00012,0.00008,0.00006,0.00005,0.00004,0.00003,0.00002,0.00002,0.00003,0.00005,0.00008,0.00015,0.00030,0.00075,0.00274,0.04695,0.12681,0.08510,0.00660,0.00142,0.00055,0.00027,0.00016,0.00010,0.00007,0.00005,0.00003,0.00003,0.00002,0.00002
1,0.00078,0.00001,0.00001,0.00001,0.00001,0.00001,0.00002,0.00002,0.00002,0.00003,0.00003,0.00004,0.00005,0.00007,0.00009,0.00013,0.00018,0.00025,0.00039,0.00064,0.00117,0.00251,0.00720,0.04323,0.26950,0.30734,0.07891,0.00908,0.00285,0.00125,0.00066,0.00039,0.00025,0.00016,0.00012,0.00008,0.00006,0.00005,0.00004,0.00003,0.00002,0.00002,0.00003,0.00005,0.00008,0.00015,0.00030,0.00075,0.00274,0.04695,0.12681,0.08510,0.00660,0.00142,0.00055,0.00027,0.00016,0.00010,0.00007,0.00005,0.00003,0.00003,0.00002,0.00002
1,0.00336,0.00003,0.00002,0.00002,0.00002,0.00002,0.00002,0.00002,0.00003,0.00003,0.00004,0.00005,0.00006,0.00007,0.00009,0.00013,0.00018,0.00026,0.00039,0.00064,0.00117,0.00251,0.00718,0.04311,0.26874,0.30647,0.07869,0.00905,0.00285,0.00125,0.00066,0.00039,0.00025,0.00017,0.00012,0.00009,0.00007,0.00005,0.00004,0.00004,0.00004,0.00004,0.00005,0.00006,0.00009,0.00016,0.00031,0.00075,0.00273,0.04681,0.12645,0.08486,0.00658,0.00142,0.00055,0.00027,0.00016,0.00010,0.00007,0.00005,0.00004,0.00004,0.00003,0.00003
1,0.00078,0.00001,0.00001,0.00001,0.00001,0.00001,0.00002,0.00002,0.00002,0.00003,0.00003,0.00004,0.00005,0.00007,0.00009,0.00013,0.00018,0.00025,0.00039,0.00064,0.00117,0.00251,0.00720,0.04323,0.26950,0.30734,0.07891,0.00908,0.00285,0.00125,0.00066,0.00039,0.00025,0.00016,0.00012,0.00008,0.00006,0.00005,0.00004,0.00003,0.00002,0.00002,0.00003,0.00005,0.00008,0.00015,0.00030,0.00075,0.00274,0.04695,0.12681,0.08510,0.00660,0.00142,0.00055,0.00027,0.00016,0.00010,0.00007,0.00005,0.00003,0.00003,0.00002,0.00002
1,0.00336,0.00003,0.00002,0.00002,0.00002,0.00002,0.00002,0.00002,0.00003,0.00003,0.00004,0.00005,0.00006,0.00007,0.00009,0.00013,0.00018,0.00026,0.00039,0.00064,0.00117,0.00251,0.00718,0.04311,0.26874,0.30647,0.07869,0.00905,0.00285,0.00125,0.00066,0.00039,0.00025,0.00017,0.00012,0.00009,0.00007,0.00005,0.00004,0.00004,0.00004,0.00004,0.00005,0.00006,0.00009,0.00016,0.00031,0.00075,0.00273,0.04681,0.12645,0.08486,0.00658,0.00142,0.00055,0.00027,0.00016,0.00010,0.00007,0.00005,0.00004,0.00004,0.00003,0.00003
1,0.00491,0.00004,0.00002,0.00002,0.00002,0.00002,0.00002,0.00002,0.00003,0.00003,0.00004,0.00005,0.00006,0.00007,0.00009,0.00013,0.00018,0.00026,0.00039,0.00064,0.00117,0.00251,0.00717,0.04306,0.26841,0.30610,0.07859,0.00904,0.00284,0.00125,0.00065,0.00038,0.00024,0.00016,0.00011,0.00008,0.00006,0.00004,0.00003,0.00002,0.00001,0.00000,0.00002,0.00004,0.00007,0.00014,0.00030,0.00074,0.00272,0.04675,0.12630,0.08476,0.00657,0.00142,0.00055,0.00027,0.00015,0.00009,0.00006,0.00004,0.00003,0.00002,0.00001,0.00000
1,0.01014,0.00871,0.00868,0.00867,0.00865,0.00862,0.00857,0.00853,0.00850,0.00847,0.00840,0.00831,0.00825,0.00823,0.00819,0.00803,0.00784,0.00782,0.00802,0.00802,0.00720,0.00578,0.00907,0.03768,0.18750,0.21200,0.06150,0.00738,0.00461,0.00642,0.00675,0.00632,0.00589,0.00575,0.00571,0.00559,0.00538,0.00516,0.00500,0.00486,0.00469,0.00449,0.00427,0.00408,0.00395,0.00384,0.00357,0.00286,0.00254,0.03516,0.08720,0.05966,0.00700,0.00257,0.00159,0.00160,0.00158,0.00137,0.00109,0.00086,0.00069,0.00053,0.00036,0.00026
1,0.00078,0.00001,0.00001,0.00001,0.00001,0.00001,0.00002,0.00002,0.00002,0.00003,0.00003,0.00004,0.00005,0.00007,0.00009,0.00013,0.00018,0.00025,0.00039,0.00064,0.00117,0.00251,0.00720,0.04323,0.26950,0.30734,0.07891,0.00908,0.00285,0.00125,0.00066,0.00039,0.00025,0.00016,0.00012,0.00008,0.00006,0.00005,0.00004,0.00003,0.00002,0.00002,0.00003,0.00005,0.00008,0.00015,0.00030,0.00075,0.00274,0.04695,0.12681,0.08510,0.00660,0.00142,0.00055,0.00027,0.00016,0.00010,0.00007,0.00005,0.00003,0.00003,0.00002,0.00002
1,0.00336,0.00003,0.00002,0.00002,0.00002,0.00002,0.00002,0.00002,0.00003,0.00003,0.00004,0.00005,0.00006,0.00007,0.00009,0.00013,0.00018,0.00026,0.00039,0.00064,0.00117,0.00251,0.00718,0.04311,0.26874,0.30647,0.07869,0.00905,0.00285,0.00125,0.00066,0.00039,0.00025,0.00017,0.00012,0.00009,0.00007,0.00005,0.00004,0.00004,0.00004,0.00004,0.00005,0.00006,0.00009,0.00016,0.00031,0.00075,0.00273,0.04681,0.12645,0.08486,0.00658,0.00142,0.00055,0.00027,0.00016,0.00010,0.00007,0.00005,0.00004,0.00004,0.00003,0.00003
1,0.00504,0.00004,0.00002,0.00002,0.00002,0.00002,0.00002,0.00002,0.00003,0.00003,0.00004,0.00005,0.00006,0.00007,0.00010,0.00013,0.00018,0.00026,0.00039,0.00064,0.00117,0.00251,0.00717,0.04305,0.26837,0.30605,0.07858,0.00904,0.00284,0.00125,0.00066,0.00038,0.00024,0.00016,0.00011,0.00008,0.00006,0.00004,0.00003,0.00002,0.00001,0.00000,0.00002,0.00004,0.00007,0.00014,0.00030,0.00074,0.00272,0.04675,0.12628,0.08475,0.00657,0.00142,0.00054,0.00027,0.00015,0.00009,0.00006,0.00004,0.00003,0.00002,0.00001,0.00000
1,0.00106,0.00002,0.00002,0.00003,0.00003,0.00003,0.00004,0.00005,0.00005,0.00006,0.00006,0.00006,0.00006,0.00006,0.00007,0.00010,0.00015,0.00024,0.00038,0.00065,0.00119,0.00254,0.00722,0.04323,0.26933,0.30716,0.07888,0.00909,0.00288,0.00128,0.00068,0.00040,0.00025,0.00015,0.00009,0.00006,0.00004,0.00004,0.00004,0.00005,0.00005,0.00005,0.00005,0.00004,0.00006,0.00012,0.00028,0.00073,0.00273,0.04693,0.12672,0.08508,0.00656,0.00140,0.00054,0.00027,0.00017,0.00012,0.00009,0.00007,0.00005,0.00004,0.00002,0.00001
1,0.00078,0.00001,0.00001,0.00001,0.00001,0.00001,0.00002,0.00002,0.00002,0.00003,0.00003,0.00004,0.00005,0.00007,0.00009,0.00013,0.00018,0.00025,0.00039,0.00064,0.00117,0.00251,0.00720,0.04323,0.26950,0.30734,0.07891,0.00908,0.00285,0.00125,0.00066,0.00039,0.00025,0.00016,0.00012,0.00008,0.00006,0.00005,0.00004,0.00003,0.00002,0.00002,0.00003,0.00005,0.00008,0.00015,0.00030,0.00075,0.00274,0.04695,0.12681,0.08510,0.00660,0.00142,0.00055,0.00027,0.00016,0.00010,0.00007,0.00005,0.00003,0.00003,0.00002,0.00002
1,0.00307,0.00006,0.00004,0.00004,0.00003,0.00002,0.00001,0.00001,0.00003,0.00004,0.00005,0.00006,0.00007,0.00008,0.00009,0.00011,0.00015,0.00023,0.00037,0.00064,0.00119,0.00254,0.00722,0.04315,0.26873,0.30649,0.07871,0.00908,0.00288,0.00128,0.00068,0.00039,0.00024,0.00015,0.00009,0.00007,0.00006,0.00006,0.00006,0.00006,0.00006,0.00005,0.00005,0.00005,0.00007,0.00012,0.00028,0.00073,0.00273,0.04683,0.12643,0.08491,0.00654,0.00139,0.00054,0.00028,0.00018,0.00013,0.00010,0.00007,0.00005,0.00003,0.00002,0.00001
1,0.00078,0.00001,0.00001,0.00001,0.00001,0.00001,0.00002,0.00002,0.00002,0.00003,0.00003,0.00004,0.00005,0.00007,0.00009,0.00013,0.00018,0.00025,0.00039,0.00064,0.00117,0.00251,0.00720,0.04323,0.26950,0.30734,0.07891,0.00908,0.00285,0.00125,0.00066,0.00039,0.00025,0.00016,0.00012,0.00008,0.00006,0.00005,0.00004,0.00003,0.00002,0.00002,0.00003,0.00005,0.00008,0.00015,0.00030,0.00075,0.00274,0.04695,0.12681,0.08510,0.00660,0.00142,0.00055,0.00027,0.00016,0.00010,0.00007,0.00005,0.00003,0.00003,0.00002,0.00002
1,0.00336,0.00003,0.00002,0.00002,0.00002,0.00002,0.00002,0.00002,0.00003,0.00003,0.00004,0.00005,0.00006,0.00007,0.00009,0.00013,0.00018,0.00026,0.00039,0.00064,0.00117,0.00251,0.00718,0.04311,0.26874,0.30647,0.07869,0.00905,0.00285,0.00125,0.00066,0.00039,0.00025,0.00017,0.00012,0.00009,0.00007,0.00005,0.00004,0.00004,0.00004,0.00004,0.00005,0.00006,0.00009,0.00016,0.00031,0.00075,0.00273,0.04681,0.12645,0.08486,0.00658,0.00142,0.00055,0.00027,0.00016,0.00010,0.00007,0.00005,0.00004,0.00004,0.00003,0.00003
1,0.00491,0.00004,0.00002,0.00002,0.00002,0.00002,0.00002,0.00002,0.00003,0.00003,0.00004,0.00005,0.00006,0.00007,0.00009,0.00013,0.00018,0.00026,0.00039,0.00064,0.00117,0.00251,0.00717,0.04306,0.26841,0.30610,0.07859,0.00904,0.00284,0.00125,0.00065,0.00038,0.00024,0.00016,0.00011,0.00008,0.00006,0.00004,0.00003,0.00002,0.00001,0.00000,0.00002,0.00004,0.00007,0.00014,0.00030,0.00074,0.00272,0.04675,0.12630,0.08476,0.00657,0.00142,0.00055,0.00027,0.00015,0.00009,0.00006,0.00004,0.00003,0.00002,0.00001,0.00000
1,0.00286,0.00037,0.00043,0.00053,0.00068,0.00066,0.00049,0.00024,0.00049,0.00058,0.00060,0.00040,0.00032,0.00028,0.00063,0.00049,0.00059,0.00011,0.00063,0.00053,0.00170,0.00195,0.00738,0.04247,0.26541,0.30255,0.07726,0.00938,0.00260,0.00154,0.00033,0.00096,0.00016,0.00042,0.00017,0.00050,0.00048,0.00048,0.00014,0.00019,0.00028,0.00041,0.00033,0.00029,0.00013,0.00031,0.00031,0.00104,0.00251,0.04632,0.12497,0.08403,0.00686,0.00115,0.00058,0.00029,0.00037,0.00029,0.00045,0.00020,0.00003,0.00020,0.00035,0.00031
1,0.00078,0.00001,0.00001,0.00001,0.00001,0.00001,0.00002,0.00002,0.00002,0.00003,0.00003,0.00004,0.00005,0.00007,0.00009,0.00013,0.00018,0.00025,0.00039,0.00064,0.00117,0.00251,0.00720,0.04323,0.26950,0.30734,0.07891,0.00908,0.00285,0.00125,0.00066,0.00039,0.00025,0.00016,0.00012,0.00008,0.00006,0.00005,0.00004,0.00003,0.00002,0.00002,0.00003,0.00005,0.00008,0.00015,0.00030,0.00075,0.00274,0.04695,0.12681,0.08510,0.00660,0.00142,0.00055,0.00027,0.00016,0.00010,0.00007,0.00005,0.00003,0.00003,0.00002,0.00002
2,0.00128,0.00073,0.00009,0.00028,0.00020,0.00061,0.00044,0.00023,0.00079,0.00038,0.00041,0.00037,0.00044,0.00016,0.00022,0.00043,0.00057,0.00073,0.00022,0.00058,0.00164,0.00311,0.00862,0.05192,0.32414,0.36984,0.09510,0.01067,0.00338,0.00206,0.00041,0.00027,0.00094,0.00036,0.00045,0.00083,0.00046,0.00026,0.00006,0.00041,0.00046,0.00006,0.00042,0.00033,0.00008,0.00053,0.00055,0.00044,0.00076,0.01962,0.05086,0.03414,0.00278,0.00060,0.00049,0.00024,0.00030,0.00020,0.00034,0.00080,0.00081,0.00061,0.00042,0.00009
2,0.00442,0.00016,0.00029,0.00029,0.00032,0.00043,0.00047,0.00009,0.00034,0.00035,0.00006,0.00034,0.00041,0.00026,0.00023,0.00038,0.00018,0.00025,0.00050,0.00089,0.00143,0.00318,0.00892,0.05390,0.33649,0.38415,0.09894,0.01129,0.00350,0.00142,0.00103,0.00048,0.00015,0.00032,0.00016,0.00030,0.00050,0.00053,0.00044,0.00019,0.00012,0.00023,0.00016,0.00017,0.00024,0.00019,0.00008,0.00031,0.00066,0.01381,0.03678,0.02456,0.00179,0.00054,0.00016,0.00030,0.00037,0.00047,0.00028,0.00026,0.00023,0.00009,0.00011,0.00013
2,0.00535,0.00019,0.00018,0.00029,0.00029,0.00019,0.00018,0.00003,0.00016,0.00023,0.00010,0.00020,0.00042,0.00024,0.00035,0.00044,0.00012,0.00029,0.00041,0.00086,0.00128,0.00296,0.00851,0.05074,0.31633,0.36069,0.09250,0.01071,0.00334,0.00152,0.00094,0.00016,0.00046,0.00031,0.00010,0.00016,0.00016,0.00015,0.00004,0.00003,0.00016,0.00006,0.00011,0.00020,0.00021,0.00026,0.00005,0.00044,0.00152,0.02349,0.06371,0.04265,0.00332,0.00059,0.00037,0.00019,0.00012,0.00008,0.00008,0.00015,0.00016,0.00020,0.00021,0.00007
2,0.01555,0.00800,0.00813,0.00829,0.00824,0.00839,0.00869,0.00877,0.00884,0.00931,0.00905,0.00920,0.00923,0.00978,0.00891,0.00953,0.00928,0.00935,0.00973,0.00963,0.00841,0.00738,0.01265,0.04610,0.23273,0.26330,0.07623,0.01032,0.00508,0.00634,0.00688,0.00678,0.00603,0.00529,0.00521,0.00468,0.00422,0.00426,0.00349,0.00308,0.00302,0.00255,0.00217,0.00186,0.00188,0.00144,0.00135,0.00096,0.00084,0.01349,0.03407,0.02371,0.00261,0.00072,0.00070,0.00064,0.00038,0.00079,0.00055,0.00055,0.00030,0.00057,0.00024,0.00028
2,0.00085,0.00015,0.00021,0.00022,0.00005,0.00024,0.00024,0.00012,0.00009,0.00011,0.00018,0.00036,0.00046,0.00028,0.00010,0.00017,0.00013,0.00030,0.00052,0.00064,0.00139,0.00295,0.00801,0.04847,0.30307,0.34590,0.08886,0.01037,0.00311,0.00139,0.00067,0.00065,0.00020,0.00033,0.00018,0.00039,0.00043,0.00027,0.00014,0.00006,0.00025,0.00006,0.00007,0.00017,0.00027,0.00034,0.00031,0.00051,0.00176,0.03010,0.08159,0.05495,0.00431,0.00110,0.00021,0.00031,0.00025,0.00022,0.00022,0.00002,0.00006,0.00021,0.00025,0.00022
2,0.00485,0.00008,0.00020,0.00027,0.00032,0.00015,0.00016,0.00027,0.00029,0.00018,0.00006,0.00019,0.00017,0.00021,0.00008,0.00014,0.00045,0.00033,0.00054,0.00078,0.00114,0.00345,0.00836,0.05169,0.32174,0.36684,0.09425,0.01083,0.00324,0.00162,0.00088,0.00042,0.00033,0.00025,0.00023,0.00050,0.00017,0.00006,0.00004,0.00033,0.00033,0.00031,0.00023,0.00018,0.00017,0.00002,0.00015,0.00031,0.00130,0.02083,0.05642,0.03786,0.00292,0.00069,0.00028,0.00021,0.00028,0.00012,0.00025,0.00029,0.00012,0.00011,0.00020,0.00033
2,0.00546,0.00189,0.00274,0.00110,0.00064,0.00020,0.00046,0.00074,0.00122,0.00159,0.00085,0.00094,0.00111,0.00124,0.00104,0.00120,0.00074,0.00081,0.00090,0.00020,0.00198,0.00140,0.01063,0.04771,0.30350,0.34618,0.08866,0.01201,0.00232,0.00187,0.00101,0.00072,0.00043,0.00048,0.00079,0.00130,0.00103,0.00116,0.00127,0.00105,0.00170,0.00106,0.00069,0.00067,0.00018,0.00088,0.00083,0.00251,0.00175,0.02282,0.06082,0.04053,0.00307,0.00270,0.00119,0.00087,0.00062,0.00027,0.00044,0.00093,0.00118,0.00138,0.00118,0.00120
2,0.00415,0.00022,0.00017,0.00006,0.00002,0.00004,0.00006,0.00008,0.00003,0.00013,0.00021,0.00009,0.00017,0.00007,0.00008,0.00031,0.00027,0.00035,0.00047,0.00077,0.00170,0.00299,0.00920,0.05434,0.33976,0.38764,0.09945,0.01169,0.00332,0.00198,0.00040,0.00078,0.00021,0.00031,0.00021,0.00036,0.00013,0.00027,0.00013,0.00017,0.00009,0.00014,0.00017,0.00015,0.00016,0.00031,0.00010,0.00040,0.00057,0.01271,0.03433,0.02326,0.00200,0.00049,0.00038,0.00026,0.00003,0.00024,0.00028,0.00047,0.00035,0.00013,0.00014,0.00008
2,0.00133,0.00252,0.00321,0.00227,0.00069,0.00234,0.00181,0.00063,0.00113,0.00019,0.00151,0.00262,0.00159,0.00069,0.00130,0.00155,0.00101,0.00116,0.00055,0.00283,0.00235,0.00461,0.00815,0.04857,0.30735,0.35188,0.09148,0.01054,0.00292,0.00181,0.00134,0.00029,0.00203,0.00185,0.00151,0.00134,0.00178,0.00099,0.00086,0.00125,0.00136,0.00225,0.00251,0.00100,0.00104,0.00164,0.00041,0.00215,0.00205,0.01844,0.04446,0.02842,0.00160,0.00081,0.00281,0.00223,0.00054,0.00193,0.00095,0.00127,0.00256,0.00226,0.00135,0.00213
2,0.00409,0.00034,0.00014,0.00009,0.00029,0.00024,0.00014,0.00016,0.00008,0.00039,0.00030,0.00020,0.00048,0.00031,0.00045,0.00014,0.00021,0.00063,0.00028,0.00079,0.00132,0.00341,0.00857,0.05245,0.32756,0.37364,0.09577,0.01117,0.00362,0.00137,0.00082,0.00042,0.00026,0.00052,0.00006,0.00004,0.00023,0.00002,0.00028,0.00031,0.00026,0.00013,0.00009,0.00007,0.00018,0.00008,0.00005,0.00033,0.00123,0.01816,0.04941,0.03319,0.00260,0.00065,0.00010,0.00033,0.00026,0.00027,0.00007,0.00018,0.00010,0.00029,0.00025,0.00013
2,0.00569,0.00005,0.00014,0.00024,0.00028,0.00032,0.00024,0.00022,0.00007,0.00014,0.00019,0.00026,0.00020,0.00025,0.00004,0.00042,0.00003,0.00047,0.00052,0.00068,0.00174,0.00297,0.00892,0.05407,0.33623,0.38335,0.09844,0.01138,0.00353,0.00147,0.00082,0.00054,0.00028,0.00036,0.00044,0.00023,0.00022,0.00008,0.00013,0.00008,0.00011,0.00010,0.00009,0.00014,0.00013,0.00016,0.00031,0.00013,0.00088,0.01403,0.03790,0.02542,0.00200,0.00052,0.00016,0.00025,0.00026,0.00017,0.00014,0.00014,0.00027,0.00035,0.00031,0.00025
2,0.00449,0.00022,0.00022,0.00007,0.00020,0.00012,0.00007,0.00007,0.00009,0.00014,0.00012,0.00010,0.00012,0.00008,0.00013,0.00039,0.00022,0.00052,0.00034,0.00075,0.00134,0.00298,0.00810,0.04929,0.30716,0.35038,0.09003,0.01045,0.00301,0.00150,0.00088,0.00040,0.00028,0.00030,0.00004,0.00018,0.00024,0.00018,0.00029,0.00013,0.00009,0.00013,0.00002,0.00003,0.00007,0.00013,0.00005,0.00045,0.00178,0.02804,0.07593,0.05094,0.00397,0.00082,0.00039,0.00016,0.00012,0.00015,0.00013,0.00032,0.00020,0.00015,0.00015,0.00016
2,0.00199,0.00097,0.00122,0.00106,0.00120,0.00070,0.00114,0.00193,0.00115,0.00165,0.00206,0.00172,0.00234,0.00198,0.00091,0.00049,0.00093,0.00058,0.00043,0.00057,0.00241,0.00267,0.00879,0.04710,0.30427,0.34904,0.08967,0.01217,0.00206,0.00132,0.00315,0.00157,0.00118,0.00095,0.00133,0.00160,0.00278,0.00294,0.00225,0.00095,0.00146,0.00096,0.00019,0.00066,0.00152,0.00081,0.00031,0.00144,0.00118,0.02171,0.05358,0.03507,0.00260,0.00105,0.00097,0.00153,0.00125,0.00226,0.00261,0.00184,0.00124,0.00140,0.00052,0.00064
2,0.00202,0.00088,0.00172,0.00107,0.00053,0.00151,0.00139,0.00038,0.00068,0.00068,0.00038,0.00050,0.00031,0.00034,0.00055,0.00072,0.00012,0.00067,0.00149,0.00098,0.00161,0.00294,0.00775,0.04851,0.29837,0.33986,0.08705,0.00952,0.00423,0.00109,0.00146,0.00090,0.00083,0.00016,0.00107,0.00081,0.00060,0.00057,0.00017,0.00035,0.00077,0.00054,0.00020,0.00090,0.00131,0.00043,0.00079,0.00087,0.00251,0.02819,0.07640,0.05108,0.00339,0.00167,0.00062,0.00052,0.00095,0.00090,0.00027,0.00056,0.00076,0.00059,0.00051,0.00051
2,0.00564,0.00099,0.00075,0.00061,0.00046,0.00105,0.00188,0.00137,0.00088,0.00054,0.00060,0.00055,0.00025,0.00075,0.00057,0.00082,0.00087,0.00096,0.00189,0.00135,0.00100,0.00286,0.00955,0.05156,0.32574,0.37154,0.09476,0.01141,0.00395,0.00084,0.00082,0.00171,0.00160,0.00076,0.00104,0.00071,0.00069,0.00011,0.00019,0.00083,0.00062,0.00066,0.00125,0.00164,0.00145,0.00090,0.00055,0.00056,0.00101,0.01331,0.03656,0.02482,0.00233,0.00061,0.00047,0.00074,0.00126,0.00159,0.00123,0.00133,0.00098,0.00061,0.00064,0.00040
2,0.00437,0.00078,0.00048,0.00101,0.00078,0.00035,0.00014,0.00097,0.00096,0.00098,0.00072,0.00057,0.00099,0.00137,0.00145,0.00097,0.00013,0.00071,0.00038,0.00174,0.00218,0.00298,0.00869,0.05268,0.32744,0.37329,0.09583,0.01173,0.00282,0.00140,0.00144,0.00067,0.00036,0.00067,0.00067,0.00115,0.00139,0.00113,0.00121,0.00163,0.00161,0.00138,0.00145,0.00105,0.00067,0.00080,0.00020,0.00025,0.00063,0.01256,0.03337,0.02245,0.00239,0.00079,0.00118,0.00152,0.00188,0.00192,0.00141,0.00076,0.00041,0.00048,0.00084,0.00084
2,0.00210,0.00015,0.00003,0.00010,0.00033,0.00027,0.00008,0.00030,0.00021,0.00024,0.00004,0.00017,0.00023,0.00025,0.00016,0.00020,0.00029,0.00026,0.00048,0.00088,0.00148,0.00291,0.00867,0.05213,0.32467,0.37020,0.09516,0.01068,0.00361,0.00136,0.00091,0.00058,0.00017,0.00024,0.00011,0.00018,0.00021,0.00036,0.00030,0.00047,0.00024,0.00006,0.00005,0.00032,0.00037,0.00018,0.00025,0.00025,0.00120,0.01991,0.05372,0.03606,0.00278,0.00053,0.00058,0.00026,0.00033,0.00050,0.00024,0.00010,0.00005,0.00024,0.00028,0.00034
2,0.00452,0.00030,0.00041,0.00038,0.00053,0.00026,0.00054,0.00073,0.00060,0.00081,0.00087,0.00045,0.00030,0.00061,0.00036,0.00026,0.00018,0.00074,0.00050,0.00088,0.00112,0.00297,0.00817,0.04842,0.30268,0.34506,0.08865,0.00980,0.00348,0.00161,0.00074,0.00031,0.00035,0.00030,0.00047,0.00039,0.00049,0.00018,0.00020,0.00068,0.00079,0.00074,0.00090,0.00053,0.00015,0.00024,0.00080,0.00056,0.00163,0.02781,0.07561,0.05090,0.00358,0.00118,0.00065,0.00049,0.00039,0.00018,0.00025,0.00045,0.00061,0.00070,0.00039,0.00012
2,0.00367,0.00046,0.00025,0.00015,0.00029,0.00051,0.00059,0.00032,0.00026,0.00069,0.00067,0.00023,0.00014,0.00025,0.00077,0.00046,0.00038,0.00055,0.00017,0.00110,0.00121,0.00310,0.00887,0.05169,0.32436,0.36991,0.09449,0.01139,0.00334,0.00131,0.00125,0.00054,0.00047,0.00038,0.00036,0.00076,0.00043,0.00009,0.00025,0.00038,0.00060,0.00068,0.00028,0.00051,0.00065,0.00037,0.00012,0.00014,0.00179,0.01774,0.05012,0.03369,0.00227,0.00086,0.00025,0.00019,0.00045,0.00044,0.00043,0.00016,0.00040,0.00061,0.00035,0.00043
2,0.01875,0.01214,0.01256,0.01309,0.01223,0.01139,0.01147,0.01232,0.01136,0.01019,0.01044,0.01140,0.01000,0.00879,0.00884,0.00949,0.00871,0.00760,0.00758,0.00776,0.00646,0.00627,0.01154,0.04434,0.23567,0.26411,0.07368,0.00993,0.00324,0.00333,0.00391,0.00477,0.00461,0.00298,0.00311,0.00391,0.00341,0.00215,0.00248,0.00274,0.00244,0.00106,0.00210,0.00248,0.00165,0.00122,0.00188,0.00215,0.00133,0.01137,0.02809,0.02074,0.00198,0.00168,0.00205,0.00149,0.00018,0.00129,0.00151,0.00101,0.00060,0.00117,0.00120,0.00058
2,0.01265,0.01267,0.01226,0.01243,0.01269,0.01291,0.01329,0.01342,0.01310,0.01265,0.01202,0.01150,0.01156,0.01199,0.01226,0.01202,0.01193,0.01140,0.01110,0.00977,0.01009,0.00738,0.01398,0.01787,0.16311,0.18872,0.04374,0.01313,0.00728,0.00947,0.00795,0.00764,0.00775,0.00799,0.00762,0.00775,0.00779,0.00734,0.00747,0.00806,0.00810,0.00758,0.00709,0.00649,0.00625,0.00629,0.00637,0.00625,0.00793,0.00596,0.02769,0.01688,0.00582,0.00776,0.00770,0.00807,0.00756,0.00729,0.00786,0.00828,0.00812,0.00793,0.00761,0.00734
2,0.00621,0.00015,0.00004,0.00020,0.00029,0.00028,0.00039,0.00023,0.00042,0.00033,0.00014,0.00016,0.00015,0.00033,0.00026,0.00016,0.00037,0.00026,0.00060,0.00079,0.00164,0.00276,0.00866,0.05150,0.32113,0.36627,0.09421,0.01075,0.00361,0.00155,0.00075,0.00034,0.00061,0.00009,0.00043,0.00013,0.00024,0.00007,0.00034,0.00022,0.00006,0.00020,0.00020,0.00010,0.00012,0.00013,0.00020,0.00038,0.00108,0.02092,0.05630,0.03764,0.00258,0.00078,0.00048,0.00024,0.00013,0.00017,0.00012,0.00016,0.00019,0.00027,0.00030,0.00023
2,0.01057,0.01095,0.01083,0.01082,0.01072,0.01081,0.01076,0.01052,0.01066,0.01066,0.01061,0.01042,0.01023,0.01053,0.01021,0.01005,0.01030,0.01005,0.00975,0.01014,0.00993,0.00784,0.01061,0.03959,0.19335,0.20873,0.04869,0.00832,0.01061,0.00870,0.00792,0.00839,0.00817,0.00779,0.00783,0.00770,0.00733,0.00730,0.00720,0.00707,0.00683,0.00666,0.00658,0.00631,0.00612,0.00613,0.00575,0.00585,0.00590,0.00543,0.02793,0.02270,0.00538,0.00518,0.00467,0.00482,0.00462,0.00441,0.00443,0.00443,0.00440,0.00419,0.00420,0.00442
2,0.00462,0.00577,0.00488,0.00623,0.00523,0.00532,0.00624,0.00495,0.00595,0.00619,0.00489,0.00640,0.00584,0.00531,0.00666,0.00539,0.00607,0.00674,0.00512,0.00703,0.00586,0.00533,0.01211,0.02855,0.21248,0.24633,0.06712,0.00114,0.00894,0.00566,0.00656,0.00697,0.00589,0.00735,0.00629,0.00641,0.00756,0.00618,0.00704,0.00732,0.00627,0.00777,0.00720,0.00677,0.00799,0.00683,0.00747,0.00798,0.00739,0.00972,0.03108,0.02594,0.00979,0.00694,0.00715,0.00820,0.00675,0.00766,0.00791,0.00665,0.00806,0.00742,0.00693,0.00824
2,0.00109,0.00069,0.00034,0.00048,0.00061,0.00072,0.00061,0.00060,0.00046,0.00062,0.00055,0.00027,0.00050,0.00051,0.00049,0.00021,0.00050,0.00023,0.00058,0.00095,0.00154,0.00304,0.00830,0.05291,0.32639,0.37213,0.09610,0.01068,0.00345,0.00171,0.00079,0.00077,0.00033,0.00029,0.00014,0.00041,0.00052,0.00087,0.00062,0.00038,0.00030,0.00020,0.00019,0.00044,0.00083,0.00071,0.00071,0.00028,0.00081,0.01745,0.04589,0.03109,0.00305,0.00009,0.00077,0.00062,0.00064,0.00053,0.00040,0.00017,0.00056,0.00062,0.00061,0.00066
2,0.00677,0.00867,0.00989,0.00986,0.00970,0.00835,0.00784,0.00774,0.00872,0.01016,0.01037,0.01079,0.00969,0.00907,0.00844,0.00901,0.00977,0.01108,0.01109,0.01075,0.01073,0.00830,0.00712,0.03956,0.19753,0.21651,0.04701,0.01595,0.00835,0.00664,0.00766,0.00734,0.00841,0.00887,0.00858,0.00722,0.00628,0.00500,0.00546,0.00585,0.00683,0.00678,0.00616,0.00503,0.00374,0.00398,0.00451,0.00594,0.00584,0.01629,0.03189,0.01863,0.00258,0.00490,0.00602,0.00668,0.00689,0.00619,0.00509,0.00440,0.00508,0.00591,0.00728,0.00720
2,0.00397,0.00131,0.00209,0.00175,0.00109,0.00103,0.00053,0.00142,0.00282,0.00244,0.00133,0.00083,0.00220,0.00238,0.00081,0.00175,0.00160,0.00162,0.00008,0.00167,0.00100,0.00481,0.00800,0.05020,0.31682,0.36162,0.09194,0.01183,0.00310,0.00130,0.00131,0.00189,0.00346,0.00403,0.00188,0.00123,0.00124,0.00148,0.00146,0.00062,0.00144,0.00070,0.00196,0.00343,0.00246,0.00128,0.00115,0.00080,0.00123,0.01179,0.03290,0.02263,0.00376,0.00167,0.00060,0.00140,0.00101,0.00019,0.00120,0.00167,0.00199,0.00144,0.00037,0.00100
2,0.00512,0.00011,0.00004,0.00017,0.00012,0.00025,0.00020,0.00011,0.00014,0.00022,0.00015,0.00011,0.00011,0.00011,0.00014,0.00058,0.00052,0.00013,0.00075,0.00084,0.00128,0.00304,0.00836,0.05115,0.31774,0.36228,0.09307,0.01064,0.00369,0.00096,0.00107,0.00038,0.00057,0.00019,0.00037,0.00017,0.00029,0.00025,0.00025,0.00025,0.00010,0.00013,0.00031,0.00022,0.00025,0.00010,0.00035,0.00022,0.00158,0.02247,0.06127,0.04108,0.00290,0.00094,0.00055,0.00037,0.00021,0.00031,0.00014,0.00009,0.00010,0.00020,0.00018,0.00002
2,0.00388,0.00030,0.00024,0.00018,0.00027,0.00023,0.00032,0.00027,0.00002,0.00016,0.00041,0.00040,0.00052,0.00008,0.00016,0.00008,0.00039,0.00055,0.00040,0.00074,0.00131,0.00319,0.00810,0.05182,0.32053,0.36534,0.09382,0.01081,0.00365,0.00120,0.00094,0.00060,0.00025,0.00026,0.00006,0.00011,0.00032,0.00029,0.00019,0.00015,0.00008,0.00005,0.00017,0.00026,0.00057,0.00024,0.00021,0.00048,0.00142,0.02142,0.05776,0.03868,0.00313,0.00041,0.00044,0.00019,0.00018,0.00019,0.00039,0.00017,0.00011,0.00002,0.00031,0.00058
2,0.00540,0.00031,0.00003,0.00011,0.00014,0.00016,0.00022,0.00032,0.00026,0.00019,0.00037,0.00026,0.00012,0.00025,0.00021,0.00038,0.00035,0.00038,0.00029,0.00102,0.00133,0.00300,0.00876,0.05312,0.33082,0.37737,0.09693,0.01091,0.00359,0.00160,0.00085,0.00046,0.00043,0.00024,0.00012,0.00026,0.00003,0.00023,0.00039,0.00026,0.00008,0.00027,0.00007,0.00018,0.00039,0.00030,0.00036,0.00044,0.00093,0.01653,0.04459,0.02982,0.00247,0.00054,0.00012,0.00011,0.00008,0.00008,0.00018,0.00023,0.00008,0.00012,0.00036,0.00020
2,0.00518,0.00025,0.00010,0.00012,0.00022,0.00027,0.00026,0.00021,0.00009,0.00013,0.00031,0.00018,0.00020,0.00021,0.00034,0.00023,0.00060,0.00013,0.00071,0.00073,0.00155,0.00273,0.00884,0.05214,0.32443,0.36985,0.09506,0.01085,0.00342,0.00162,0.00073,0.00062,0.00017,0.00045,0.00029,0.00025,0.00013,0.00025,0.00012,0.00007,0.00026,0.00031,0.00041,0.00045,0.00038,0.00028,0.00011,0.00021,0.00107,0.01957,0.05236,0.03522,0.00300,0.00033,0.00042,0.00016,0.00017,0.00007,0.00019,0.00007,0.00033,0.00036,0.00008,0.00013
2,0.00184,0.00076,0.00060,0.00256,0.00266,0.00263,0.00217,0.00170,0.00131,0.00143,0.00155,0.00129,0.00083,0.00083,0.00080,0.00205,0.00195,0.00092,0.00233,0.00182,0.00220,0.00343,0.00847,0.05174,0.32011,0.36393,0.09331,0.01009,0.00394,0.00181,0.00058,0.00164,0.00186,0.00171,0.00015,0.00067,0.00080,0.00111,0.00125,0.00147,0.00140,0.00094,0.00006,0.00038,0.00050,0.00128,0.00105,0.00151,0.00044,0.01383,0.03714,0.02482,0.00195,0.00241,0.00219,0.00161,0.00112,0.00080,0.00050,0.00089,0.00065,0.00105,0.00065,0.00052
2,0.00074,0.00037,0.00057,0.00052,0.00039,0.00025,0.00038,0.00016,0.00045,0.00067,0.00029,0.00036,0.00021,0.00058,0.00065,0.00022,0.00014,0.00016,0.00098,0.00095,0.00107,0.00300,0.00912,0.05319,0.33090,0.37695,0.09664,0.01093,0.00386,0.00163,0.00080,0.00050,0.00078,0.00037,0.00039,0.00036,0.00032,0.00021,0.00040,0.00043,0.00058,0.00076,0.00049,0.00050,0.00043,0.00044,0.00057,0.00027,0.00086,0.01629,0.04256,0.02830,0.00250,0.00016,0.00040,0.00052,0.00057,0.00054,0.00036,0.00041,0.00045,0.00053,0.00032,0.00032
2,0.00370,0.00267,0.00252,0.00261,0.00219,0.00203,0.00190,0.00094,0.00221,0.00264,0.00219,0.00231,0.00248,0.00123,0.00115,0.00176,0.00117,0.00167,0.00116,0.00126,0.00168,0.00255,0.00871,0.04887,0.30560,0.34842,0.08897,0.01095,0.00367,0.00129,0.00185,0.00072,0.00086,0.00129,0.00044,0.00177,0.00279,0.00196,0.00136,0.00224,0.00276,0.00215,0.00194,0.00177,0.00103,0.00074,0.00098,0.00268,0.00350,0.01357,0.03854,0.02766,0.00438,0.00201,0.00234,0.00103,0.00068,0.00118,0.00252,0.00296,0.00226,0.00166,0.00266,0.00320
2,0.00414,0.00042,0.00034,0.00035,0.00038,0.00039,0.00035,0.00027,0.00016,0.00030,0.00038,0.00032,0.00054,0.00043,0.00066,0.00029,0.00040,0.00082,0.00055,0.00133,0.00091,0.00320,0.00782,0.04817,0.30048,0.34244,0.08749,0.01067,0.00273,0.00166,0.00083,0.00054,0.00034,0.00012,0.00059,0.00048,0.00025,0.00029,0.00029,0.00037,0.00041,0.00060,0.00051,0.00034,0.00049,0.00036,0.00060,0.00013,0.00207,0.02951,0.08014,0.05406,0.00477,0.00034,0.00088,0.00030,0.00031,0.00025,0.00036,0.00036,0.00036,0.00017,0.00010,0.00007
2,0.00420,0.00025,0.00030,0.00014,0.00011,0.00008,0.00013,0.00029,0.00032,0.00015,0.00014,0.00005,0.00008,0.00038,0.00028,0.00037,0.00024,0.00027,0.00038,0.00077,0.00176,0.00277,0.00849,0.05223,0.32346,0.36857,0.09450,0.01101,0.00329,0.00176,0.00052,0.00067,0.00014,0.00075,0.00035,0.00023,0.00031,0.00019,0.00010,0.00039,0.00046,0.00025,0.00010,0.00009,0.00004,0.00030,0.00009,0.00059,0.00096,0.02020,0.05448,0.03649,0.00263,0.00064,0.00049,0.00006,0.00018,0.00016,0.00030,0.00024,0.00026,0.00032,0.00025,0.00002
2,0.00532,0.00027,0.00004,0.00010,0.00018,0.00029,0.00053,0.00044,0.00025,0.00018,0.00011,0.00012,0.00028,0.00058,0.00083,0.00015,0.00030,0.00049,0.00022,0.00097,0.00163,0.00284,0.00892,0.05221,0.32605,0.37170,0.09521,0.01113,0.00345,0.00155,0.00074,0.00075,0.00004,0.00045,0.00018,0.00042,0.00008,0.00025,0.00042,0.00016,0.00037,0.00044,0.00040,0.00024,0.00026,0.00010,0.00038,0.00022,0.00111,0.01813,0.04892,0.03282,0.00253,0.00046,0.00051,0.00027,0.00028,0.00012,0.00027,0.00036,0.00054,0.00062,0.00043,0.00038
2,0.00407,0.00012,0.00023,0.00038,0.00022,0.00019,0.00028,0.00004,0.00024,0.00026,0.00027,0.00025,0.00009,0.00017,0.00018,0.00042,0.00011,0.00034,0.00057,0.00086,0.00137,0.00307,0.00923,0.05371,0.33594,0.38322,0.09829,0.01160,0.00345,0.00154,0.00088,0.00041,0.00024,0.00037,0.00034,0.00015,0.00026,0.00040,0.00017,0.00003,0.00010,0.00018,0.00005,0.00030,0.00027,0.00027,0.00015,0.00014,0.00100,0.01427,0.03857,0.02592,0.00214,0.00030,0.00047,0.00025,0.00030,0.00015,0.00008,0.00026,0.00030,0.00019,0.00032,0.00005
2,0.00529,0.00035,0.00030,0.00018,0.00011,0.00020,0.00029,0.00037,0.00038,0.00026,0.00015,0.00034,0.00010,0.00004,0.00023,0.00041,0.00011,0.00066,0.00048,0.00075,0.00132,0.00325,0.00886,0.05304,0.33090,0.37721,0.09667,0.01118,0.00350,0.00167,0.00069,0.00070,0.00014,0.00023,0.00046,0.00030,0.00034,0.00039,0.00032,0.00034,0.00028,0.00024,0.00019,0.00024,0.00021,0.00005,0.00022,0.00026,0.00106,0.01629,0.04435,0.02984,0.00230,0.00048,0.00034,0.00005,0.00012,0.00007,0.00020,0.00005,0.00009,0.00016,0.00013,0.00027
2,0.00192,0.00024,0.00053,0.00021,0.00013,0.00030,0.00015,0.00037,0.00042,0.00035,0.00006,0.00016,0.00017,0.00018,0.00055,0.00070,0.00042,0.00059,0.00034,0.00085,0.00138,0.00290,0.00885,0.05307,0.33047,0.37693,0.09688,0.01120,0.00326,0.00158,0.00107,0.00037,0.00039,0.00010,0.00031,0.00013,0.00005,0.00021,0.00016,0.00011,0.00027,0.00026,0.00028,0.00011,0.00026,0.00040,0.00005,0.00007,0.00093,0.01718,0.04585,0.03066,0.00237,0.00073,0.00011,0.00014,0.00025,0.00023,0.00030,0.00044,0.00025,0.00035,0.00043,0.00003
2,0.00101,0.00035,0.00010,0.00034,0.00033,0.00049,0.00046,0.00031,0.00006,0.00041,0.00039,0.00027,0.00025,0.00062,0.00072,0.00052,0.00047,0.00035,0.00103,0.00078,0.00113,0.00300,0.00876,0.04982,0.31328,0.35754,0.09169,0.01088,0.00309,0.00142,0.00094,0.00062,0.00040,0.00075,0.00034,0.00003,0.00047,0.00047,0.00047,0.00039,0.00033,0.00031,0.00019,0.00016,0.00020,0.00020,0.00077,0.00046,0.00143,0.02447,0.06557,0.04386,0.00338,0.00061,0.00049,0.00052,0.00027,0.00042,0.00043,0.00020,0.00018,0.00035,0.00018,0.00030
2,0.00493,0.00015,0.00015,0.00009,0.00013,0.00021,0.00025,0.00008,0.00015,0.00033,0.00041,0.00026,0.00020,0.00010,0.00014,0.00020,0.00018,0.00036,0.00054,0.00069,0.00141,0.00301,0.00886,0.05235,0.32700,0.37315,0.09605,0.01090,0.00335,0.00169,0.00086,0.00063,0.00020,0.00043,0.00002,0.00005,0.00035,0.00027,0.00021,0.00008,0.00007,0.00011,0.00037,0.00029,0.00016,0.00015,0.00025,0.00054,0.00105,0.01834,0.04953,0.03304,0.00235,0.00055,0.00048,0.00023,0.00042,0.00026,0.00021,0.00020,0.00033,0.00030,0.00021,0.00016
2,0.00393,0.00086,0.00067,0.00094,0.00023,0.00047,0.00102,0.00066,0.00177,0.00194,0.00159,0.00307,0.00438,0.00309,0.00234,0.00129,0.00038,0.00080,0.00128,0.00119,0.00226,0.00288,0.00819,0.04523,0.28607,0.32658,0.08325,0.00985,0.00340,0.00072,0.00197,0.00088,0.00075,0.00161,0.00372,0.00369,0.00251,0.00280,0.00201,0.00036,0.00045,0.00084,0.00235,0.00237,0.00126,0.00057,0.00062,0.00173,0.00287,0.02638,0.07331,0.05026,0.00518,0.00091,0.00057,0.00118,0.00130,0.00100,0.00079,0.00039,0.00161,0.00198,0.00143,0.00002
2,0.00457,0.00022,0.00012,0.00017,0.00028,0.00047,0.00032,0.00012,0.00004,0.00018,0.00025,0.00018,0.00004,0.00013,0.00023,0.00022,0.00054,0.00022,0.00051,0.00100,0.00122,0.00331,0.00892,0.05452,0.33869,0.38608,0.09910,0.01141,0.00350,0.00175,0.00054,0.00090,0.00027,0.00017,0.00019,0.00014,0.00029,0.00003,0.00004,0.00014,0.00027,0.00017,0.00010,0.00017,0.00013,0.00012,0.00019,0.00023,0.00102,0.01298,0.03578,0.02404,0.00170,0.00055,0.00023,0.00020,0.00020,0.00011,0.00004,0.00014,0.00015,0.00010,0.00018,0.00019
2,0.00094,0.00038,0.00035,0.00040,0.00031,0.00041,0.00020,0.00030,0.00015,0.00045,0.00038,0.00039,0.00019,0.00066,0.00038,0.00051,0.00007,0.00049,0.00034,0.00094,0.00124,0.00311,0.00894,0.05283,0.32967,0.37615,0.09691,0.01086,0.00358,0.00155,0.00089,0.00057,0.00029,0.00012,0.00050,0.00041,0.00056,0.00010,0.00011,0.00043,0.00059,0.00040,0.00023,0.00024,0.00042,0.00030,0.00040,0.00015,0.00105,0.01684,0.04544,0.03048,0.00223,0.00064,0.00014,0.00025,0.00015,0.00030,0.00016,0.00022,0.00058,0.00079,0.00044,0.00052
2,0.00383,0.00011,0.00020,0.00011,0.00015,0.00012,0.00014,0.00008,0.00003,0.00010,0.00004,0.00015,0.00031,0.00007,0.00016,0.00020,0.00022,0.00032,0.00047,0.00098,0.00126,0.00297,0.00891,0.05259,0.32770,0.37357,0.09581,0.01106,0.00339,0.00160,0.00092,0.00060,0.00022,0.00046,0.00014,0.00035,0.00020,0.00024,0.00019,0.00026,0.00021,0.00018,0.00023,0.00032,0.00026,0.00020,0.00036,0.00012,0.00120,0.01796,0.04884,0.03304,0.00304,0.00040,0.00064,0.00041,0.00050,0.00020,0.00029,0.00011,0.00026,0.00041,0.00030,0.00026
2,0.00543,0.00011,0.00007,0.00026,0.00025,0.00008,0.00012,0.00005,0.00022,0.00013,0.00008,0.00009,0.00050,0.00053,0.00028,0.00035,0.00026,0.00051,0.00039,0.00071,0.00141,0.00332,0.00865,0.05303,0.33051,0.37700,0.09689,0.01109,0.00352,0.00153,0.00071,0.00056,0.00048,0.00021,0.00018,0.00021,0.00032,0.00016,0.00033,0.00031,0.00023,0.00022,0.00008,0.00003,0.00018,0.00046,0.00033,0.00016,0.00125,0.01632,0.04467,0.03016,0.00243,0.00045,0.00043,0.00027,0.00025,0.00024,0.00014,0.00015,0.00004,0.00018,0.00027,0.00020
2,0.00509,0.00015,0.00011,0.00025,0.00019,0.00015,0.00002,0.00018,0.00003,0.00003,0.00007,0.00013,0.00024,0.00012,0.00013,0.00020,0.00024,0.00049,0.00052,0.00069,0.00145,0.00298,0.00859,0.05131,0.32004,0.36492,0.09356,0.01100,0.00339,0.00133,0.00089,0.00051,0.00036,0.00012,0.00027,0.00013,0.00011,0.00015,0.00004,0.00017,0.00020,0.00017,0.00018,0.00017,0.00010,0.00018,0.00029,0.00044,0.00140,0.02190,0.05912,0.03960,0.00306,0.00077,0.00025,0.00036,0.00024,0.00026,0.00020,0.00033,0.00013,0.00006,0.00004,0.00015
2,0.00249,0.00021,0.00019,0.00027,0.00011,0.00008,0.00008,0.00007,0.00008,0.00009,0.00011,0.00004,0.00014,0.00014,0.00011,0.00022,0.00018,0.00042,0.00037,0.00091,0.00129,0.00327,0.00862,0.05291,0.32925,0.37541,0.09632,0.01119,0.00345,0.00156,0.00082,0.00046,0.00027,0.00030,0.00005,0.00018,0.00011,0.00011,0.00020,0.00014,0.00016,0.00024,0.00025,0.00025,0.00022,0.00021,0.00011,0.00036,0.00100,0.01829,0.04912,0.03290,0.00251,0.00058,0.00014,0.00018,0.00018,0.00010,0.00011,0.00016,0.00018,0.00011,0.00016,0.00022
2,0.00236,0.00154,0.00161,0.00091,0.00051,0.00074,0.00044,0.00059,0.00142,0.00130,0.00124,0.00041,0.00082,0.00129,0.00049,0.00091,0.00056,0.00055,0.00142,0.00094,0.00206,0.00198,0.00906,0.04539,0.28944,0.33102,0.08558,0.00964,0.00349,0.00099,0.00099,0.00078,0.00157,0.00129,0.00118,0.00072,0.00043,0.00028,0.00046,0.00098,0.00117,0.00124,0.00090,0.00036,0.00088,0.00065,0.00017,0.00083,0.00150,0.03147,0.08351,0.05619,0.00514,0.00071,0.00075,0.00164,0.00139,0.00070,0.00076,0.00039,0.00043,0.00088,0.00028,0.00068
2,0.00515,0.00016,0.00011,0.00012,0.00015,0.00020,0.00014,0.00023,0.00024,0.00010,0.00007,0.00018,0.00032,0.00018,0.00023,0.00013,0.00037,0.00048,0.00058,0.00055,0.00168,0.00304,0.00896,0.05337,0.33289,0.37961,0.09749,0.01103,0.00379,0.00132,0.00104,0.00047,0.00017,0.00023,0.00019,0.00018,0.00009,0.00018,0.00025,0.00021,0.00022,0.00011,0.00003,0.00016,0.00012,0.00005,0.00010,0.00025,0.00092,0.01590,0.04295,0.02891,0.00234,0.00052,0.00020,0.00022,0.00009,0.00016,0.00029,0.00021,0.00009,0.00017,0.00009,0.00001
2,0.00521,0.00022,0.00011,0.00020,0.00023,0.00026,0.00026,0.00018,0.00023,0.00020,0.00006,0.00029,0.00021,0.00033,0.00043,0.00039,0.00033,0.00034,0.00068,0.00072,0.00138,0.00314,0.00890,0.05228,0.32751,0.37368,0.09578,0.01133,0.00335,0.00164,0.00054,0.00066,0.00025,0.00032,0.00025,0.00032,0.00039,0.00007,0.00025,0.00035,0.00028,0.00021,0.00027,0.00046,0.00025,0.00029,0.00034,0.00086,0.00123,0.01743,0.04746,0.03205,0.00271,0.00038,0.00010,0.00057,0.00049,0.00038,0.00011,0.00030,0.00023,0.00009,0.00010,0.00013
2,0.01052,0.01101,0.01077,0.01116,0.01149,0.01172,0.01192,0.01256,0.01274,0.01292,0.01366,0.01388,0.01403,0.01449,0.01485,0.01486,0.01525,0.01570,0.01519,0.01520,0.01639,0.01563,0.01036,0.03981,0.17922,0.20308,0.05945,0.00716,0.01379,0.01310,0.01136,0.01077,0.01021,0.00936,0.00847,0.00772,0.00693,0.00589,0.00502,0.00420,0.00355,0.00313,0.00261,0.00221,0.00201,0.00199,0.00232,0.00264,0.00231,0.01130,0.02336,0.01402,0.00365,0.00313,0.00318,0.00322,0.00285,0.00242,0.00226,0.00192,0.00143,0.00109,0.00092,0.00063
2,0.00441,0.00044,0.00058,0.00062,0.00073,0.00047,0.00044,0.00036,0.00046,0.00074,0.00057,0.00032,0.00088,0.00067,0.00048,0.00028,0.00062,0.00084,0.00023,0.00053,0.00172,0.00308,0.00756,0.04843,0.30126,0.34395,0.08889,0.00979,0.00275,0.00193,0.00113,0.00029,0.00086,0.00057,0.00060,0.00048,0.00074,0.00044,0.00056,0.00068,0.00033,0.00044,0.00061,0.00067,0.00048,0.00048,0.00061,0.00020,0.00167,0.02822,0.07509,0.04973,0.00357,0.00070,0.00082,0.00085,0.00073,0.00054,0.00062,0.00075,0.00063,0.00085,0.00049,0.00056
2,0.00199,0.00014,0.00016,0.00022,0.00012,0.00018,0.00027,0.00014,0.00012,0.00023,0.00037,0.00018,0.00023,0.00017,0.00024,0.00019,0.00024,0.00021,0.00079,0.00054,0.00142,0.00329,0.00857,0.05298,0.32953,0.37583,0.09655,0.01117,0.00331,0.00170,0.00063,0.00066,0.00032,0.00018,0.00014,0.00016,0.00011,0.00018,0.00008,0.00013,0.00012,0.00011,0.00007,0.00022,0.00041,0.00030,0.00040,0.00016,0.00106,0.01798,0.04835,0.03223,0.00217,0.00073,0.00027,0.00011,0.00041,0.00016,0.00008,0.00018,0.00031,0.00023,0.00022,0.00005
2,0.00301,0.00003,0.00021,0.00019,0.00030,0.00027,0.00017,0.00036,0.00008,0.00027,0.00043,0.00013,0.00015,0.00020,0.00032,0.00032,0.00037,0.00045,0.00059,0.00069,0.00139,0.00285,0.00858,0.05034,0.31495,0.35927,0.09227,0.01051,0.00345,0.00138,0.00094,0.00055,0.00027,0.00014,0.00030,0.00024,0.00001,0.00021,0.00006,0.00010,0.00003,0.00016,0.00009,0.00008,0.00031,0.00026,0.00046,0.00026,0.00140,0.02440,0.06595,0.04417,0.00330,0.00084,0.00014,0.00028,0.00034,0.00006,0.00029,0.00011,0.00027,0.00025,0.00013,0.00009
2,0.00536,0.00016,0.00004,0.00008,0.00019,0.00019,0.00023,0.00018,0.00009,0.00022,0.00030,0.00020,0.00013,0.00010,0.00015,0.00025,0.00018,0.00027,0.00045,0.00088,0.00159,0.00283,0.00946,0.05365,0.33650,0.38393,0.09872,0.01116,0.00376,0.00145,0.00095,0.00072,0.00017,0.00040,0.00013,0.00029,0.00032,0.00024,0.00015,0.00011,0.00011,0.00016,0.00046,0.00052,0.00036,0.00037,0.00021,0.00025,0.00125,0.01330,0.03686,0.02495,0.00201,0.00053,0.00018,0.00039,0.00024,0.00007,0.00021,0.00051,0.00032,0.00006,0.00017,0.00031
2,0.00550,0.00031,0.00083,0.00049,0.00068,0.00085,0.00013,0.00022,0.00030,0.00041,0.00049,0.00081,0.00031,0.00019,0.00064,0.00072,0.00058,0.00049,0.00091,0.00098,0.00140,0.00313,0.00852,0.05312,0.32972,0.37574,0.09645,0.01111,0.00324,0.00171,0.00142,0.00060,0.00048,0.00084,0.00048,0.00023,0.00042,0.00054,0.00064,0.00085,0.00077,0.00055,0.00051,0.00124,0.00065,0.00034,0.00067,0.00037,0.00170,0.01356,0.03776,0.02520,0.00230,0.00046,0.00121,0.00102,0.00048,0.00075,0.00109,0.00041,0.00066,0.00080,0.00074,0.00028
2,0.00552,0.00011,0.00017,0.00020,0.00013,0.00003,0.00001,0.00006,0.00006,0.00010,0.00016,0.00014,0.00008,0.00009,0.00041,0.00007,0.00031,0.00029,0.00070,0.00066,0.00132,0.00328,0.00858,0.05255,0.32733,0.37334,0.09582,0.01121,0.00330,0.00160,0.00079,0.00038,0.00036,0.00026,0.00017,0.00023,0.00030,0.00011,0.00015,0.00011,0.00026,0.00022,0.00029,0.00038,0.00026,0.00002,0.00015,0.00050,0.00097,0.01858,0.05011,0.03346,0.00233,0.00078,0.00008,0.00022,0.00006,0.00008,0.00026,0.00019,0.00021,0.00007,0.00006,0.00001
2,0.00411,0.00091,0.00061,0.00052,0.00054,0.00056,0.00059,0.00050,0.00051,0.00083,0.00079,0.00075,0.00055,0.00057,0.00045,0.00058,0.00060,0.00096,0.00110,0.00076,0.00165,0.00239,0.00850,0.04885,0.30490,0.34731,0.08836,0.01116,0.00294,0.00168,0.00082,0.00065,0.00028,0.00034,0.00081,0.00103,0.00138,0.00122,0.00086,0.00034,0.00043,0.00055,0.00052,0.00055,0.00079,0.00080,0.00070,0.00030,0.00173,0.02546,0.06907,0.04571,0.00243,0.00183,0.00068,0.00071,0.00049,0.00021,0.00024,0.00055,0.00076,0.00080,0.00111,0.00132
0,0.00354,0.00014,0.00017,0.00019,0.00027,0.00024,0.00022,0.00022,0.00026,0.00028,0.00107,0.01352,0.01986,0.00718,0.00059,0.00011,0.00013,0.00022,0.00020,0.00019,0.00006,0.00016,0.00044,0.00102,0.00816,0.00956,0.00265,0.00040,0.00012,0.00027,0.00034,0.00049,0.00070,0.00158,0.00352,0.01097,0.09560,0.37256,0.32684,0.05264,0.00855,0.00312,0.00141,0.00076,0.00065,0.00023,0.00018,0.00046,0.00045,0.00790,0.02115,0.01423,0.00107,0.00027,0.00015,0.00005,0.00014,0.00011,0.00004,0.00007,0.00013,0.00028,0.00073,0.00120
0,0.00172,0.00028,0.00053,0.00014,0.00014,0.00031,0.00036,0.00033,0.00024,0.00035,0.00097,0.01162,0.01710,0.00618,0.00054,0.00048,0.00055,0.00038,0.00009,0.00004,0.00010,0.00014,0.00019,0.00105,0.00668,0.00789,0.00201,0.00023,0.00022,0.00015,0.00043,0.00062,0.00067,0.00156,0.00354,0.01093,0.09513,0.37082,0.32517,0.05199,0.00901,0.00271,0.00154,0.00088,0.00050,0.00035,0.00027,0.00017,0.00041,0.00816,0.02171,0.01439,0.00114,0.00066,0.00022,0.00007,0.00004,0.00024,0.00011,0.00021,0.00023,0.00015,0.00503,0.00987
0,0.00345,0.00021,0.00072,0.00036,0.00019,0.00012,0.00017,0.00035,0.00059,0.00040,0.00068,0.00618,0.00985,0.00394,0.00049,0.00034,0.00041,0.00031,0.00020,0.00051,0.00053,0.00059,0.00042,0.00118,0.00796,0.00955,0.00271,0.00063,0.00049,0.00026,0.00055,0.00048,0.00078,0.00193,0.00314,0.01130,0.09685,0.37739,0.33069,0.05311,0.00843,0.00325,0.00143,0.00073,0.00048,0.00064,0.00009,0.00069,0.00043,0.00772,0.02025,0.01324,0.00107,0.00035,0.00051,0.00049,0.00031,0.00023,0.00028,0.00054,0.00059,0.00043,0.00272,0.00508
0,0.00310,0.00017,0.00026,0.00041,0.00032,0.00044,0.00039,0.00050,0.00063,0.00058,0.00136,0.01392,0.02028,0.00751,0.00025,0.00059,0.00074,0.00023,0.00076,0.00036,0.00029,0.00026,0.00032,0.00107,0.00680,0.00791,0.00231,0.00044,0.00027,0.00017,0.00059,0.00083,0.00081,0.00100,0.00401,0.01091,0.09428,0.36882,0.32373,0.05208,0.00870,0.00291,0.00124,0.00120,0.00036,0.00024,0.00051,0.00051,0.00060,0.00709,0.02005,0.01375,0.00105,0.00036,0.00007,0.00025,0.00030,0.00037,0.00041,0.00061,0.00035,0.00007,0.00307,0.00619
0,0.00267,0.00083,0.00100,0.00099,0.00088,0.00106,0.00055,0.00089,0.00054,0.00096,0.00099,0.01364,0.02035,0.00733,0.00155,0.00082,0.00096,0.00087,0.00094,0.00149,0.00083,0.00094,0.00079,0.00086,0.00638,0.00827,0.00258,0.00066,0.00110,0.00088,0.00104,0.00130,0.00112,0.00154,0.00387,0.00956,0.09418,0.36402,0.31913,0.05066,0.00928,0.00227,0.00256,0.00037,0.00149,0.00100,0.00075,0.00101,0.00119,0.00624,0.01983,0.01369,0.00134,0.00041,0.00074,0.00024,0.00109,0.00068,0.00095,0.00073,0.00106,0.00121,0.00104,0.00183
0,0.00360,0.00025,0.00017,0.00016,0.00055,0.00046,0.00077,0.00072,0.00018,0.00011,0.00076,0.00636,0.00900,0.00293,0.00054,0.00019,0.00020,0.00066,0.00061,0.00087,0.00019,0.00042,0.00004,0.00057,0.00557,0.00668,0.00201,0.00014,0.00046,0.00008,0.00093,0.00078,0.00012,0.00196,0.00356,0.01122,0.09821,0.38250,0.33551,0.05397,0.00882,0.00319,0.00166,0.00041,0.00090,0.00076,0.00026,0.00026,0.00060,0.00794,0.02092,0.01398,0.00098,0.00014,0.00023,0.00069,0.00077,0.00031,0.00060,0.00038,0.00037,0.00041,0.00068,0.00074
0,0.00157,0.00020,0.00019,0.00020,0.00002,0.00005,0.00025,0.00001,0.00015,0.00045,0.00095,0.01433,0.02142,0.00771,0.00085,0.00011,0.00014,0.00007,0.00017,0.00029,0.00020,0.00024,0.00023,0.00116,0.00664,0.00760,0.00187,0.00028,0.00005,0.00029,0.00028,0.00061,0.00055,0.00182,0.00330,0.01098,0.09605,0.37372,0.32788,0.05284,0.00870,0.00298,0.00147,0.00077,0.00041,0.00041,0.00008,0.00034,0.00048,0.00774,0.02102,0.01418,0.00131,0.00023,0.00009,0.00014,0.00012,0.00014,0.00018,0.00018,0.00019,0.00023,0.00101,0.00188
0,0.02473,0.01024,0.00951,0.00983,0.00936,0.00893,0.00905,0.00823,0.00811,0.00734,0.00756,0.00858,0.00415,0.00798,0.00492,0.00451,0.00400,0.00314,0.00303,0.00259,0.00194,0.00246,0.00214,0.00186,0.00647,0.00675,0.00199,0.00401,0.00407,0.00497,0.00476,0.00500,0.00445,0.00495,0.00648,0.01401,0.08097,0.29252,0.25524,0.04654,0.01205,0.00576,0.00447,0.00407,0.00422,0.00411,0.00398,0.00363,0.00253,0.00270,0.01727,0.01118,0.00145,0.00120,0.00168,0.00104,0.00129,0.00097,0.00121,0.00120,0.00140,0.00143,0.00138,0.00237
0,0.00238,0.00159,0.00040,0.00128,0.00357,0.00604,0.00878,0.01128,0.01328,0.01402,0.01363,0.01447,0.01521,0.00777,0.00878,0.00867,0.00870,0.00807,0.00647,0.00420,0.00251,0.00290,0.00378,0.00382,0.00921,0.01022,0.00586,0.00744,0.00696,0.00613,0.00524,0.00490,0.00498,0.00589,0.00875,0.01779,0.08048,0.26242,0.22276,0.04378,0.00562,0.00181,0.00343,0.00335,0.00320,0.00319,0.00285,0.00209,0.00202,0.00812,0.01194,0.00955,0.00693,0.00708,0.00762,0.00815,0.00876,0.00848,0.00748,0.00595,0.00382,0.00167,0.00104,0.00146
0,0.00092,0.00010,0.00019,0.00034,0.00021,0.00012,0.00014,0.00024,0.00019,0.00027,0.00054,0.00842,0.01271,0.00497,0.00005,0.00024,0.00015,0.00018,0.00021,0.00012,0.00030,0.00028,0.00018,0.00142,0.00811,0.00922,0.00249,0.00027,0.00024,0.00023,0.00012,0.00054,0.00084,0.00159,0.00341,0.01129,0.09664,0.37706,0.33082,0.05323,0.00873,0.00302,0.00159,0.00079,0.00043,0.00041,0.00014,0.00015,0.00066,0.00769,0.02085,0.01400,0.00113,0.00017,0.00008,0.00029,0.00006,0.00028,0.00009,0.00012,0.00028,0.00036,0.00345,0.00664
0,0.00292,0.00041,0.00060,0.00073,0.00052,0.00059,0.00046,0.00086,0.00038,0.00161,0.00088,0.00956,0.01558,0.00687,0.00229,0.00234,0.00161,0.00346,0.00394,0.00301,0.00098,0.00076,0.00123,0.00259,0.00837,0.00844,0.00191,0.00159,0.00240,0.00158,0.00171,0.00203,0.00136,0.00139,0.00395,0.01015,0.08987,0.35020,0.30647,0.04883,0.00864,0.00273,0.00104,0.00138,0.00086,0.00059,0.00163,0.00099,0.00082,0.00686,0.01985,0.01391,0.00219,0.00324,0.00379,0.00216,0.00079,0.00113,0.00172,0.00239,0.00269,0.00281,0.00420,0.00914
0,0.00353,0.00030,0.00013,0.00014,0.00010,0.00006,0.00009,0.00010,0.00010,0.00021,0.00025,0.00521,0.00808,0.00315,0.00019,0.00018,0.00004,0.00025,0.00026,0.00005,0.00017,0.00008,0.00016,0.00137,0.00714,0.00815,0.00205,0.00028,0.00019,0.00022,0.00023,0.00044,0.00087,0.00147,0.00376,0.01115,0.09883,0.38440,0.33700,0.05409,0.00882,0.00328,0.00147,0.00085,0.00045,0.00038,0.00019,0.00008,0.00066,0.00795,0.02271,0.01541,0.00132,0.00027,0.00013,0.00016,0.00021,0.00022,0.00020,0.00013,0.00020,0.00011,0.00015,0.00019
0,0.00021,0.00014,0.00010,0.00011,0.00014,0.00025,0.00023,0.00021,0.00016,0.00016,0.00091,0.01098,0.01622,0.00600,0.00042,0.00030,0.00017,0.00027,0.00031,0.00015,0.00011,0.00003,0.00022,0.00120,0.00859,0.00960,0.00255,0.00043,0.00032,0.00029,0.00042,0.00029,0.00088,0.00155,0.00330,0.01092,0.09497,0.37025,0.32466,0.05227,0.00854,0.00328,0.00129,0.00073,0.00070,0.00021,0.00017,0.00042,0.00040,0.00809,0.02137,0.01430,0.00100,0.00037,0.00007,0.00023,0.00018,0.00029,0.00014,0.00016,0.00016,0.00018,0.00572,0.01171
0,0.00466,0.00031,0.00012,0.00008,0.00031,0.00023,0.00011,0.00011,0.00012,0.00003,0.00062,0.00754,0.01139,0.00429,0.00023,0.00026,0.00017,0.00022,0.00011,0.00018,0.00042,0.00022,0.00029,0.00152,0.00818,0.00917,0.00221,0.00022,0.00024,0.00024,0.00057,0.00042,0.00079,0.00162,0.00335,0.01130,0.09634,0.37564,0.32936,0.05271,0.00885,0.00305,0.00168,0.00049,0.00070,0.00018,0.00022,0.00002,0.00036,0.00793,0.02141,0.01420,0.00117,0.00015,0.00028,0.00012,0.00026,0.00016,0.00017,0.00016,0.00006,0.00002,0.00419,0.00828
0,0.00120,0.00004,0.00004,0.00012,0.00016,0.00002,0.00029,0.00021,0.00011,0.00006,0.00048,0.00623,0.00937,0.00354,0.00027,0.00023,0.00029,0.00025,0.00017,0.00002,0.00004,0.00009,0.00038,0.00085,0.00647,0.00753,0.00217,0.00011,0.00035,0.00006,0.00041,0.00049,0.00071,0.00167,0.00360,0.01145,0.09864,0.38453,0.33728,0.05427,0.00889,0.00320,0.00152,0.00072,0.00053,0.00045,0.00008,0.00030,0.00061,0.00810,0.02192,0.01484,0.00117,0.00040,0.00013,0.00039,0.00038,0.00016,0.00015,0.00020,0.00017,0.00014,0.00048,0.00089
0,0.00323,0.00021,0.00010,0.00018,0.00007,0.00008,0.00004,0.00019,0.00015,0.00019,0.00124,0.01383,0.02047,0.00751,0.00053,0.00007,0.00010,0.00026,0.00017,0.00018,0.00022,0.00014,0.00029,0.00106,0.00759,0.00879,0.00231,0.00028,0.00030,0.00013,0.00038,0.00045,0.00090,0.00149,0.00341,0.01103,0.09604,0.37385,0.32772,0.05252,0.00872,0.00309,0.00143,0.00074,0.00051,0.00033,0.00028,0.00021,0.00046,0.00784,0.02124,0.01425,0.00106,0.00023,0.00013,0.00004,0.00014,0.00010,0.00012,0.00014,0.00010,0.00008,0.00040,0.00067
0,0.00292,0.00124,0.00079,0.00098,0.00040,0.00014,0.00126,0.00202,0.00203,0.00284,0.00184,0.00458,0.00612,0.00048,0.00264,0.00194,0.00131,0.00013,0.00157,0.00164,0.00074,0.00179,0.00145,0.00093,0.00344,0.00450,0.00130,0.00175,0.00216,0.00200,0.00155,0.00081,0.00220,0.00149,0.00529,0.01099,0.09411,0.37023,0.32465,0.05131,0.00911,0.00347,0.00145,0.00200,0.00160,0.00130,0.00115,0.00144,0.00113,0.00694,0.01936,0.01278,0.00142,0.00119,0.00162,0.00117,0.00084,0.00186,0.00228,0.00187,0.00169,0.00154,0.00158,0.00164
0,0.00100,0.00029,0.00016,0.00012,0.00011,0.00029,0.00017,0.00024,0.00010,0.00026,0.00110,0.01454,0.02196,0.00812,0.00057,0.00012,0.00009,0.00011,0.00020,0.00017,0.00009,0.00019,0.00004,0.00110,0.00695,0.00773,0.00195,0.00037,0.00031,0.00006,0.00061,0.00032,0.00090,0.00166,0.00328,0.01117,0.09615,0.37443,0.32827,0.05268,0.00873,0.00299,0.00166,0.00078,0.00039,0.00033,0.00048,0.00058,0.00082,0.00763,0.02059,0.01386,0.00096,0.00028,0.00024,0.00030,0.00027,0.00004,0.00015,0.00022,0.00017,0.00030,0.00024,0.00000
0,0.00442,0.00025,0.00026,0.00023,0.00007,0.00010,0.00017,0.00012,0.00021,0.00019,0.00049,0.00685,0.01022,0.00384,0.00029,0.00013,0.00021,0.00009,0.00020,0.00018,0.00029,0.00010,0.00030,0.00091,0.00621,0.00730,0.00184,0.00012,0.00018,0.00023,0.00020,0.00061,0.00064,0.00178,0.00340,0.01128,0.09828,0.38251,0.33543,0.05391,0.00877,0.00325,0.00147,0.00087,0.00059,0.00027,0.00018,0.00021,0.00021,0.00790,0.02170,0.01446,0.00109,0.00034,0.00006,0.00029,0.00029,0.00036,0.00004,0.00020,0.00010,0.00025,0.00100,0.00204
0,0.00254,0.00053,0.00051,0.00131,0.00187,0.00174,0.00156,0.00089,0.00069,0.00190,0.00333,0.01194,0.01854,0.00856,0.00312,0.00161,0.00069,0.00151,0.00198,0.00227,0.00228,0.00065,0.00113,0.00057,0.00459,0.00502,0.00146,0.00103,0.00074,0.00154,0.00194,0.00126,0.00217,0.00092,0.00348,0.01148,0.08993,0.35463,0.31213,0.05076,0.00862,0.00302,0.00213,0.00102,0.00215,0.00174,0.00192,0.00033,0.00114,0.00801,0.02127,0.01434,0.00112,0.00088,0.00087,0.00197,0.00190,0.00182,0.00123,0.00045,0.00171,0.00336,0.00278,0.00142
0,0.00313,0.00006,0.00014,0.00021,0.00028,0.00024,0.00013,0.00019,0.00024,0.00000,0.00069,0.00719,0.01067,0.00412,0.00007,0.00029,0.00025,0.00014,0.00009,0.00016,0.00018,0.00019,0.00036,0.00094,0.00644,0.00737,0.00191,0.00026,0.00014,0.00032,0.00022,0.00062,0.00085,0.00147,0.00367,0.01125,0.09772,0.38090,0.33398,0.05351,0.00895,0.00309,0.00156,0.00073,0.00046,0.00037,0.00016,0.00025,0.00049,0.00760,0.02071,0.01383,0.00107,0.00015,0.00030,0.00009,0.00015,0.00007,0.00002,0.00005,0.00018,0.00030,0.00289,0.00592
0,0.00345,0.00015,0.00029,0.00011,0.00014,0.00021,0.00008,0.00004,0.00028,0.00042,0.00092,0.01287,0.01941,0.00737,0.00027,0.00029,0.00031,0.00004,0.00030,0.00044,0.00016,0.00007,0.00038,0.00071,0.00595,0.00708,0.00191,0.00032,0.00016,0.00020,0.00056,0.00037,0.00061,0.00180,0.00346,0.01077,0.09594,0.37295,0.32706,0.05268,0.00838,0.00323,0.00160,0.00044,0.00066,0.00049,0.00011,0.00034,0.00043,0.00765,0.02055,0.01370,0.00109,0.00023,0.00025,0.00025,0.00022,0.00027,0.00022,0.00015,0.00031,0.00004,0.00298,0.00591
0,0.00024,0.00014,0.00010,0.00020,0.00015,0.00007,0.00035,0.00040,0.00016,0.00020,0.00064,0.00760,0.01120,0.00411,0.00040,0.00009,0.00020,0.00015,0.00009,0.00013,0.00028,0.00032,0.00020,0.00103,0.00656,0.00734,0.00195,0.00045,0.00023,0.00029,0.00046,0.00048,0.00073,0.00159,0.00337,0.01152,0.09830,0.38349,0.33627,0.05402,0.00897,0.00319,0.00154,0.00071,0.00050,0.00054,0.00014,0.00026,0.00052,0.00816,0.02173,0.01458,0.00122,0.00017,0.00014,0.00015,0.00018,0.00007,0.00023,0.00021,0.00007,0.00010,0.00030,0.00083
0,0.00392,0.00014,0.00013,0.00006,0.00027,0.00033,0.00027,0.00022,0.00036,0.00005,0.00105,0.01391,0.02076,0.00741,0.00081,0.00006,0.00003,0.00008,0.00015,0.00011,0.00017,0.00020,0.00014,0.00094,0.00595,0.00699,0.00181,0.00018,0.00016,0.00033,0.00036,0.00047,0.00069,0.00166,0.00346,0.01101,0.09572,0.37298,0.32711,0.05254,0.00867,0.00308,0.00129,0.00101,0.00043,0.00008,0.00049,0.00022,0.00056,0.00738,0.02048,0.01355,0.00103,0.00009,0.00040,0.00027,0.00030,0.00023,0.00010,0.00013,0.00012,0.00026,0.00233,0.00449
0,0.00208,0.00020,0.00005,0.00018,0.00018,0.00008,0.00016,0.00005,0.00031,0.00040,0.00064,0.00748,0.01133,0.00428,0.00035,0.00018,0.00038,0.00033,0.00031,0.00021,0.00018,0.00021,0.00024,0.00102,0.00607,0.00679,0.00192,0.00003,0.00036,0.00009,0.00049,0.00056,0.00062,0.00179,0.00349,0.01124,0.09774,0.38107,0.33435,0.05385,0.00883,0.00297,0.00156,0.00094,0.00047,0.00021,0.00045,0.00026,0.00047,0.00776,0.02053,0.01383,0.00100,0.00032,0.00018,0.00018,0.00007,0.00008,0.00006,0.00005,0.00011,0.00003,0.00285,0.00549
0,0.00315,0.00007,0.00011,0.00014,0.00033,0.00032,0.00007,0.00012,0.00019,0.00044,0.00039,0.00721,0.01090,0.00401,0.00036,0.00004,0.00025,0.00012,0.00012,0.00023,0.00018,0.00025,0.00043,0.00111,0.00678,0.00778,0.00187,0.00040,0.00018,0.00011,0.00047,0.00038,0.00106,0.00141,0.00344,0.01153,0.09807,0.38237,0.33530,0.05384,0.00885,0.00309,0.00173,0.00060,0.00051,0.00029,0.00026,0.00025,0.00039,0.00779,0.02103,0.01406,0.00108,0.00035,0.00004,0.00013,0.00011,0.00009,0.00009,0.00007,0.00016,0.00016,0.00118,0.00217
0,0.00403,0.00029,0.00011,0.00015,0.00013,0.00005,0.00015,0.00023,0.00046,0.00010,0.00126,0.01436,0.02146,0.00808,0.00036,0.00017,0.00006,0.00017,0.00024,0.00006,0.00004,0.00010,0.00004,0.00134,0.00665,0.00743,0.00187,0.00011,0.00028,0.00011,0.00024,0.00059,0.00072,0.00155,0.00352,0.01082,0.09538,0.37108,0.32530,0.05223,0.00837,0.00330,0.00134,0.00092,0.00035,0.00042,0.00033,0.00029,0.00047,0.00763,0.02080,0.01400,0.00133,0.00040,0.00014,0.00011,0.00026,0.00014,0.00006,0.00016,0.00015,0.00013,0.00258,0.00499
0,0.00057,0.00010,0.00010,0.00013,0.00010,0.00020,0.00012,0.00006,0.00013,0.00010,0.00083,0.00715,0.01039,0.00381,0.00025,0.00009,0.00023,0.00013,0.00016,0.00012,0.00021,0.00029,0.00015,0.00126,0.00666,0.00745,0.00219,0.00015,0.00023,0.00035,0.00021,0.00045,0.00095,0.00148,0.00352,0.01141,0.09817,0.38243,0.33535,0.05386,0.00890,0.00315,0.00146,0.00078,0.00054,0.00042,0.00018,0.00048,0.00038,0.00772,0.02060,0.01394,0.00117,0.00013,0.00014,0.00003,0.00025,0.00027,0.00011,0.00033,0.00018,0.00020,0.00238,0.00476
0,0.00104,0.00022,0.00013,0.00013,0.00014,0.00020,0.00026,0.00031,0.00046,0.00035,0.00050,0.00621,0.00922,0.00335,0.00017,0.00026,0.00011,0.00020,0.00015,0.00022,0.00011,0.00012,0.00028,0.00110,0.00701,0.00798,0.00208,0.00028,0.00031,0.00003,0.00047,0.00039,0.00106,0.00130,0.00373,0.01128,0.09864,0.38397,0.33668,0.05396,0.00911,0.00310,0.00143,0.00092,0.00038,0.00052,0.00007,0.00030,0.00051,0.00833,0.02218,0.01478,0.00097,0.00047,0.00008,0.00015,0.00013,0.00004,0.00005,0.00017,0.00012,0.00000,0.00057,0.00125
0,0.00156,0.00107,0.00092,0.00099,0.00088,0.00121,0.00174,0.00224,0.00120,0.00025,0.00065,0.01081,0.01694,0.00691,0.00022,0.00020,0.00122,0.00175,0.00153,0.00132,0.00097,0.00130,0.00078,0.00070,0.00577,0.00730,0.00223,0.00105,0.00112,0.00124,0.00086,0.00185,0.00124,0.00321,0.00308,0.01044,0.09138,0.35751,0.31408,0.05081,0.00819,0.00362,0.00100,0.00270,0.00126,0.00149,0.00096,0.00126,0.00051,0.00911,0.02197,0.01545,0.00236,0.00081,0.00102,0.00092,0.00131,0.00161,0.00182,0.00118,0.00008,0.00025,0.00347,0.00712
0,0.00295,0.00047,0.00083,0.00084,0.00029,0.00021,0.00081,0.00119,0.00097,0.00086,0.00136,0.00660,0.00913,0.00269,0.00127,0.00082,0.00109,0.00128,0.00078,0.00037,0.00039,0.00062,0.00070,0.00111,0.00697,0.00798,0.00226,0.00055,0.00112,0.00075,0.00037,0.00016,0.00193,0.00100,0.00343,0.01183,0.09606,0.37599,0.32983,0.05284,0.00875,0.00381,0.00059,0.00156,0.00035,0.00039,0.00083,0.00080,0.00040,0.00769,0.02129,0.01407,0.00061,0.00104,0.00089,0.00054,0.00043,0.00075,0.00102,0.00077,0.00096,0.00107,0.00063,0.00006
0,0.00128,0.00006,0.00022,0.00025,0.00011,0.00025,0.00027,0.00023,0.00027,0.00002,0.00032,0.00532,0.00811,0.00306,0.00017,0.00005,0.00011,0.00021,0.00023,0.00030,0.00029,0.00011,0.00020,0.00079,0.00586,0.00683,0.00205,0.00030,0.00017,0.00032,0.00056,0.00048,0.00080,0.00153,0.00382,0.01128,0.09942,0.38691,0.33913,0.05416,0.00928,0.00319,0.00132,0.00096,0.00048,0.00041,0.00032,0.00053,0.00036,0.00800,0.02082,0.01413,0.00125,0.00012,0.00044,0.00034,0.00018,0.00019,0.00028,0.00025,0.00020,0.00020,0.00031,0.00059
0,0.02728,0.01126,0.00917,0.01032,0.01001,0.00852,0.00951,0.00873,0.00703,0.00848,0.00605,0.01464,0.01721,0.00144,0.00303,0.00490,0.00294,0.00168,0.00281,0.00216,0.00031,0.00215,0.00374,0.00222,0.00493,0.00228,0.00506,0.00401,0.00593,0.00506,0.00577,0.00679,0.00455,0.00544,0.00815,0.01363,0.07861,0.27846,0.24512,0.04507,0.01279,0.00541,0.00542,0.00530,0.00315,0.00475,0.00492,0.00218,0.00360,0.00886,0.01453,0.01238,0.00251,0.00046,0.00168,0.00149,0.00148,0.00092,0.00209,0.00224,0.00042,0.00163,0.00152,0.00583
0,0.00336,0.00059,0.00018,0.00059,0.00046,0.00064,0.00038,0.00031,0.00020,0.00093,0.00060,0.00840,0.01260,0.00502,0.00063,0.00047,0.00030,0.00034,0.00016,0.00033,0.00044,0.00068,0.00038,0.00139,0.00828,0.00985,0.00323,0.00030,0.00077,0.00032,0.00011,0.00054,0.00072,0.00186,0.00377,0.01049,0.09579,0.37269,0.32658,0.05190,0.00866,0.00326,0.00184,0.00051,0.00090,0.00059,0.00030,0.00065,0.00079,0.00804,0.02064,0.01329,0.00083,0.00028,0.00061,0.00025,0.00055,0.00030,0.00050,0.00010,0.00069,0.00072,0.00322,0.00592
0,0.00245,0.00011,0.00040,0.00041,0.00030,0.00055,0.00103,0.00089,0.00074,0.00053,0.00030,0.00788,0.01301,0.00489,0.00057,0.00033,0.00033,0.00047,0.00107,0.00058,0.00074,0.00052,0.00041,0.00153,0.00775,0.00934,0.00273,0.00132,0.00094,0.00006,0.00037,0.00031,0.00176,0.00163,0.00289,0.01096,0.09558,0.37013,0.32426,0.05182,0.00900,0.00275,0.00142,0.00122,0.00115,0.00045,0.00126,0.00095,0.00098,0.00773,0.02068,0.01328,0.00119,0.00026,0.00061,0.00046,0.00036,0.00045,0.00028,0.00079,0.00068,0.00078,0.00396,0.00743
0,0.00374,0.00026,0.00030,0.00033,0.00025,0.00027,0.00020,0.00012,0.00008,0.00050,0.00085,0.01308,0.01954,0.00720,0.00044,0.00023,0.00013,0.00020,0.00032,0.00032,0.00022,0.00023,0.00028,0.00132,0.00836,0.00943,0.00253,0.00021,0.00030,0.00026,0.00033,0.00042,0.00080,0.00149,0.00367,0.01072,0.09561,0.37195,0.32617,0.05233,0.00880,0.00295,0.00147,0.00082,0.00049,0.00028,0.00044,0.00007,0.00077,0.00767,0.02096,0.01414,0.00099,0.00043,0.00013,0.00013,0.00015,0.00012,0.00002,0.00018,0.00007,0.00012,0.00124,0.00255
0,0.00293,0.00066,0.00043,0.00016,0.00039,0.00038,0.00060,0.00065,0.00035,0.00064,0.00111,0.00711,0.01020,0.00365,0.00050,0.00014,0.00016,0.00054,0.00028,0.00028,0.00025,0.00010,0.00033,0.00178,0.00764,0.00872,0.00247,0.00081,0.00051,0.00012,0.00018,0.00076,0.00102,0.00156,0.00363,0.01082,0.09761,0.37899,0.33218,0.05286,0.00929,0.00298,0.00177,0.00074,0.00025,0.00067,0.00045,0.00027,0.00092,0.00765,0.02211,0.01458,0.00059,0.00086,0.00010,0.00017,0.00031,0.00037,0.00065,0.00029,0.00020,0.00053,0.00021,0.00055
0,0.00234,0.00043,0.00035,0.00040,0.00073,0.00072,0.00054,0.00030,0.00023,0.00039,0.00011,0.00728,0.01194,0.00498,0.00004,0.00025,0.00019,0.00014,0.00030,0.00030,0.00030,0.00010,0.00044,0.00116,0.00812,0.00912,0.00217,0.00071,0.00017,0.00074,0.00039,0.00099,0.00062,0.00144,0.00362,0.01089,0.09571,0.37200,0.32579,0.05211,0.00851,0.00316,0.00154,0.00099,0.00050,0.00096,0.00069,0.00052,0.00062,0.00797,0.02156,0.01493,0.00141,0.00042,0.00038,0.00048,0.00051,0.00050,0.00030,0.00033,0.00036,0.00048,0.00493,0.00939
0,0.00450,0.00020,0.00006,0.00005,0.00013,0.00022,0.00015,0.00001,0.00003,0.00015,0.00035,0.00314,0.00465,0.00171,0.00028,0.00014,0.00021,0.00022,0.00021,0.00017,0.00016,0.00016,0.00022,0.00118,0.00692,0.00794,0.00202,0.00016,0.00029,0.00005,0.00039,0.00040,0.00090,0.00164,0.00357,0.01145,0.09924,0.38695,0.33945,0.05444,0.00917,0.00316,0.00135,0.00091,0.00048,0.00038,0.00025,0.00013,0.00038,0.00826,0.02202,0.01461,0.00109,0.00029,0.00007,0.00023,0.00007,0.00012,0.00012,0.00014,0.00015,0.00015,0.00086,0.00150
0,0.00134,0.00009,0.00021,0.00015,0.00010,0.00029,0.00021,0.00019,0.00019,0.00027,0.00052,0.00751,0.01143,0.00426,0.00031,0.00010,0.00008,0.00015,0.00035,0.00032,0.00033,0.00013,0.00017,0.00117,0.00668,0.00738,0.00163,0.00042,0.00042,0.00021,0.00040,0.00039,0.00095,0.00163,0.00341,0.01115,0.09778,0.38025,0.33337,0.05341,0.00892,0.00328,0.00134,0.00082,0.00046,0.00039,0.00053,0.00037,0.00051,0.00761,0.02064,0.01403,0.00116,0.00036,0.00033,0.00040,0.00010,0.00037,0.00031,0.00008,0.00012,0.00015,0.00288,0.00548
0,0.00231,0.00123,0.00062,0.00075,0.00092,0.00139,0.00205,0.00196,0.00116,0.00139,0.00283,0.01314,0.01807,0.00570,0.00213,0.00134,0.00146,0.00146,0.00124,0.00094,0.00053,0.00040,0.00108,0.00073,0.00493,0.00588,0.00176,0.00129,0.00050,0.00028,0.00109,0.00100,0.00248,0.00130,0.00405,0.01007,0.09329,0.35979,0.31438,0.04878,0.00955,0.00263,0.00304,0.00101,0.00157,0.00057,0.00059,0.00042,0.00087,0.00767,0.02128,0.01453,0.00204,0.00047,0.00016,0.00060,0.00124,0.00168,0.00188,0.00139,0.00128,0.00194,0.00212,0.00580
0,0.00351,0.00021,0.00028,0.00031,0.00013,0.00002,0.00015,0.00024,0.00025,0.00024,0.00115,0.01357,0.01996,0.00731,0.00054,0.00019,0.00011,0.00009,0.00011,0.00033,0.00020,0.00005,0.00039,0.00130,0.00852,0.00970,0.00260,0.00030,0.00035,0.00033,0.00047,0.00050,0.00075,0.00159,0.00340,0.01107,0.09548,0.37211,0.32634,0.05246,0.00867,0.00297,0.00157,0.00069,0.00064,0.00027,0.00037,0.00023,0.00037,0.00799,0.02086,0.01388,0.00093,0.00057,0.00042,0.00013,0.00006,0.00018,0.00032,0.00024,0.00013,0.00006,0.00064,0.00116
0,0.00065,0.00189,0.00122,0.00091,0.00185,0.00068,0.00212,0.00196,0.00100,0.00243,0.00128,0.01018,0.01671,0.00706,0.00195,0.00241,0.00108,0.00238,0.00079,0.00144,0.00068,0.00133,0.00113,0.00141,0.00853,0.00887,0.00087,0.00172,0.00041,0.00163,0.00136,0.00081,0.00350,0.00054,0.00318,0.01092,0.09072,0.35466,0.31150,0.05033,0.00693,0.00445,0.00226,0.00118,0.00009,0.00236,0.00075,0.00116,0.00151,0.00650,0.01817,0.01333,0.00310,0.00148,0.00019,0.00215,0.00201,0.00139,0.00221,0.00040,0.00114,0.00080,0.00445,0.00791
0,0.00319,0.00070,0.00055,0.00043,0.00047,0.00029,0.00050,0.00078,0.00071,0.00066,0.00013,0.00650,0.01132,0.00493,0.00159,0.00155,0.00098,0.00032,0.00095,0.00110,0.00110,0.00132,0.00141,0.00059,0.00614,0.00791,0.00202,0.00007,0.00094,0.00117,0.00088,0.00119,0.00161,0.00127,0.00375,0.01096,0.09544,0.37325,0.32789,0.05357,0.00813,0.00251,0.00243,0.00095,0.00020,0.00033,0.00073,0.00088,0.00058,0.00656,0.01889,0.01400,0.00187,0.00068,0.00042,0.00058,0.00086,0.00075,0.00078,0.00115,0.00109,0.00074,0.00138,0.00340
0,0.00399,0.00013,0.00017,0.00012,0.00016,0.00016,0.00015,0.00020,0.00035,0.00029,0.00036,0.00349,0.00525,0.00187,0.00024,0.00007,0.00014,0.00046,0.00042,0.00025,0.00016,0.00013,0.00020,0.00120,0.00656,0.00730,0.00182,0.00021,0.00020,0.00043,0.00035,0.00045,0.00082,0.00157,0.00368,0.01134,0.09939,0.38698,0.33930,0.05433,0.00920,0.00302,0.00164,0.00079,0.00047,0.00031,0.00027,0.00016,0.00062,0.00789,0.02169,0.01448,0.00114,0.00016,0.00032,0.00016,0.00014,0.00013,0.00020,0.00028,0.00029,0.00001,0.00068,0.00129
0,0.00033,0.00068,0.00062,0.00069,0.00032,0.00021,0.00024,0.00032,0.00008,0.00039,0.00076,0.00802,0.01227,0.00468,0.00046,0.00045,0.00022,0.00028,0.00039,0.00033,0.00046,0.00075,0.00112,0.00076,0.00776,0.00906,0.00206,0.00086,0.00077,0.00075,0.00017,0.00055,0.00103,0.00119,0.00321,0.01160,0.09595,0.37434,0.32833,0.05298,0.00843,0.00336,0.00133,0.00049,0.00086,0.00004,0.00058,0.00063,0.00061,0.00800,0.02085,0.01392,0.00104,0.00066,0.00055,0.00012,0.00007,0.00017,0.00037,0.00003,0.00054,0.00027,0.00386,0.00781
0,0.00302,0.00012,0.00016,0.00018,0.00025,0.00022,0.00019,0.00032,0.00023,0.00026,0.00114,0.01446,0.02161,0.00801,0.00054,0.00029,0.00013,0.00018,0.00002,0.00019,0.00032,0.00037,0.00012,0.00105,0.00666,0.00762,0.00183,0.00045,0.00009,0.00017,0.00040,0.00046,0.00074,0.00154,0.00328,0.01130,0.09574,0.37321,0.32729,0.05248,0.00885,0.00302,0.00155,0.00061,0.00047,0.00058,0.00015,0.00021,0.00050,0.00765,0.02068,0.01381,0.00096,0.00050,0.00024,0.00026,0.00024,0.00017,0.00017,0.00023,0.00014,0.00006,0.00073,0.00161
0,0.00378,0.00024,0.00020,0.00012,0.00017,0.00037,0.00026,0.00014,0.00016,0.00020,0.00083,0.01097,0.01655,0.00605,0.00059,0.00034,0.00015,0.00006,0.00013,0.00029,0.00024,0.00016,0.00043,0.00104,0.00672,0.00752,0.00190,0.00032,0.00023,0.00010,0.00042,0.00036,0.00092,0.00164,0.00323,0.01118,0.09564,0.37285,0.32687,0.05225,0.00891,0.00294,0.00129,0.00101,0.00050,0.00053,0.00006,0.00019,0.00061,0.00711,0.01991,0.01350,0.00099,0.00037,0.00012,0.00022,0.00010,0.00009,0.00010,0.00023,0.00011,0.00009,0.00522,0.01021
0,0.00363,0.00004,0.00005,0.00012,0.00011,0.00010,0.00012,0.00010,0.00014,0.00015,0.00038,0.00553,0.00813,0.00297,0.00013,0.00019,0.00009,0.00008,0.00016,0.00007,0.00014,0.00033,0.00005,0.00119,0.00685,0.00771,0.00200,0.00033,0.00008,0.00039,0.00047,0.00023,0.00103,0.00144,0.00369,0.01118,0.09878,0.38430,0.33692,0.05391,0.00913,0.00317,0.00141,0.00089,0.00045,0.00038,0.00033,0.00007,0.00065,0.00812,0.02180,0.01463,0.00110,0.00019,0.00005,0.00020,0.00008,0.00012,0.00022,0.00022,0.00016,0.00007,0.00107,0.00217
0,0.00375,0.00020,0.00010,0.00026,0.00022,0.00005,0.00013,0.00018,0.00001,0.00022,0.00060,0.00686,0.01031,0.00374,0.00039,0.00018,0.00033,0.00018,0.00018,0.00028,0.00024,0.00009,0.00024,0.00105,0.00637,0.00729,0.00194,0.00004,0.00018,0.00029,0.00029,0.00059,0.00065,0.00169,0.00359,0.01120,0.09836,0.38283,0.33570,0.05393,0.00891,0.00300,0.00176,0.00065,0.00044,0.00024,0.00043,0.00008,0.00046,0.00778,0.02151,0.01445,0.00114,0.00021,0.00034,0.00007,0.00014,0.00012,0.00010,0.00009,0.00008,0.00006,0.00106,0.00217
0,0.00216,0.00026,0.00038,0.00022,0.00015,0.00037,0.00012,0.00029,0.00036,0.00025,0.00064,0.00750,0.01144,0.00442,0.00023,0.00018,0.00034,0.00026,0.00026,0.00033,0.00021,0.00022,0.00014,0.00136,0.00646,0.00656,0.00160,0.00058,0.00042,0.00010,0.00067,0.00059,0.00088,0.00151,0.00349,0.01139,0.09798,0.38173,0.33439,0.05342,0.00910,0.00304,0.00181,0.00095,0.00013,0.00108,0.00021,0.00057,0.00057,0.00822,0.02065,0.01360,0.00091,0.00017,0.00044,0.00019,0.00024,0.00020,0.00047,0.00024,0.00015,0.00025,0.00083,0.00213
0,0.00301,0.00019,0.00028,0.00016,0.00023,0.00016,0.00021,0.00027,0.00014,0.00031,0.00077,0.00948,0.01400,0.00518,0.00026,0.00029,0.00015,0.00010,0.00026,0.00023,0.00024,0.00034,0.00044,0.00123,0.00797,0.00923,0.00230,0.00026,0.00014,0.00019,0.00020,0.00053,0.00082,0.00158,0.00339,0.01111,0.09624,0.37468,0.32832,0.05244,0.00884,0.00301,0.00151,0.00081,0.00036,0.00050,0.00003,0.00020,0.00029,0.00779,0.02127,0.01425,0.00131,0.00030,0.00034,0.00022,0.00020,0.00009,0.00011,0.00012,0.00028,0.00014,0.00361,0.00710
0,0.00110,0.00114,0.00078,0.00038,0.00122,0.00201,0.00149,0.00177,0.00048,0.00224,0.00062,0.01112,0.01711,0.00706,0.00075,0.00091,0.00078,0.00165,0.00135,0.00161,0.00094,0.00160,0.00140,0.00210,0.00738,0.00774,0.00103,0.00127,0.00019,0.00047,0.00131,0.00017,0.00084,0.00142,0.00403,0.01173,0.09306,0.36498,0.31969,0.05157,0.00729,0.00376,0.00195,0.00045,0.00146,0.00076,0.00074,0.00136,0.00150,0.00726,0.01939,0.01214,0.00061,0.00123,0.00096,0.00054,0.00172,0.00086,0.00056,0.00143,0.00207,0.00060,0.00096,0.00188
0,0.00397,0.00025,0.00032,0.00041,0.00019,0.00017,0.00013,0.00012,0.00021,0.00023,0.00119,0.01416,0.02093,0.00776,0.00037,0.00031,0.00024,0.00005,0.00013,0.00013,0.00014,0.00018,0.00038,0.00095,0.00677,0.00795,0.00187,0.00033,0.00020,0.00012,0.00035,0.00055,0.00061,0.00171,0.00349,0.01083,0.09570,0.37212,0.32624,0.05235,0.00869,0.00297,0.00163,0.00059,0.00050,0.00041,0.00009,0.00028,0.00061,0.00712,0.01974,0.01316,0.00112,0.00016,0.00033,0.00011,0.00016,0.00011,0.00025,0.00035,0.00026,0.00010,0.00231,0.00485
0,0.00264,0.00037,0.00019,0.00013,0.00029,0.00022,0.00028,0.00042,0.00038,0.00019,0.00067,0.00752,0.01145,0.00446,0.00006,0.00024,0.00033,0.00013,0.00019,0.00034,0.00042,0.00017,0.00029,0.00156,0.00785,0.00855,0.00222,0.00020,0.00051,0.00035,0.00023,0.00050,0.00107,0.00147,0.00322,0.01138,0.09657,0.37600,0.32947,0.05267,0.00894,0.00320,0.00117,0.00082,0.00072,0.00037,0.00006,0.00056,0.00077,0.00779,0.02143,0.01479,0.00123,0.00043,0.00039,0.00022,0.00028,0.00043,0.00037,0.00007,0.00029,0.00033,0.00348,0.00669
0,0.00223,0.00047,0.00045,0.00032,0.00045,0.00063,0.00032,0.00059,0.00035,0.00039,0.00011,0.00319,0.00534,0.00219,0.00029,0.00023,0.00045,0.00041,0.00059,0.00062,0.00025,0.00042,0.00048,0.00160,0.00686,0.00785,0.00212,0.00049,0.00052,0.00068,0.00063,0.00059,0.00057,0.00213,0.00325,0.01132,0.09802,0.38240,0.33570,0.05404,0.00881,0.00338,0.00111,0.00121,0.00057,0.00080,0.00047,0.00048,0.00073,0.00780,0.02210,0.01462,0.00080,0.00064,0.00031,0.00049,0.00037,0.00042,0.00054,0.00046,0.00020,0.00040,0.00134,0.00241
0,0.00326,0.00043,0.00047,0.00021,0.00012,0.00026,0.00054,0.00018,0.00051,0.00037,0.00071,0.00667,0.01052,0.00400,0.00039,0.00056,0.00034,0.00057,0.00033,0.00057,0.00028,0.00048,0.00046,0.00121,0.00661,0.00675,0.00192,0.00025,0.00035,0.00029,0.00070,0.00072,0.00050,0.00128,0.00406,0.01127,0.09678,0.37780,0.33068,0.05263,0.00837,0.00324,0.00213,0.00118,0.00049,0.00025,0.00097,0.00052,0.00108,0.00720,0.02086,0.01430,0.00067,0.00056,0.00046,0.00043,0.00060,0.00061,0.00040,0.00050,0.00029,0.00091,0.00327,0.00467
0,0.00954,0.01043,0.01071,0.01102,0.01126,0.01156,0.01154,0.01173,0.01186,0.01155,0.01160,0.01182,0.00576,0.00837,0.00862,0.00783,0.00669,0.00547,0.00422,0.00301,0.00239,0.00290,0.00384,0.00565,0.00672,0.00444,0.00948,0.01123,0.01243,0.01373,0.01494,0.01550,0.01612,0.01781,0.01838,0.01144,0.06272,0.20099,0.17715,0.04123,0.01145,0.01572,0.01565,0.01375,0.01280,0.01180,0.01068,0.00926,0.00804,0.00513,0.00692,0.00958,0.00430,0.00272,0.00212,0.00173,0.00183,0.00230,0.00274,0.00320,0.00341,0.00364,0.00380,0.00376
0,0.00045,0.00010,0.00011,0.00014,0.00009,0.00017,0.00018,0.00025,0.00027,0.00028,0.00114,0.01370,0.02022,0.00750,0.00052,0.00013,0.00030,0.00009,0.00021,0.00047,0.00036,0.00017,0.00036,0.00087,0.00661,0.00752,0.00209,0.00025,0.00009,0.00040,0.00010,0.00054,0.00074,0.00167,0.00321,0.01096,0.09557,0.37185,0.32591,0.05225,0.00885,0.00291,0.00167,0.00049,0.00074,0.00020,0.00037,0.00027,0.00055,0.00767,0.02055,0.01399,0.00128,0.00033,0.00005,0.00011,0.00007,0.00015,0.00022,0.00035,0.00033,0.00036,0.00350,0.00716
0,0.00298,0.00045,0.00032,0.00010,0.00017,0.00024,0.00015,0.00024,0.00017,0.00030,0.00112,0.01421,0.02121,0.00780,0.00067,0.00005,0.00015,0.00011,0.00014,0.00006,0.00016,0.00013,0.00035,0.00121,0.00851,0.00984,0.00242,0.00034,0.00003,0.00033,0.00028,0.00050,0.00079,0.00152,0.00351,0.01096,0.09550,0.37185,0.32602,0.05243,0.00843,0.00332,0.00124,0.00082,0.00050,0.00023,0.00029,0.00042,0.00016,0.00818,0.02144,0.01427,0.00097,0.00055,0.00012,0.00011,0.00011,0.00010,0.00013,0.00018,0.00008,0.00005,0.00034,0.00064
1,0.00316,0.00004,0.00016,0.00021,0.00018,0.00009,0.00028,0.00026,0.00045,0.00128,0.00553,0.07295,0.10871,0.04039,0.00224,0.00069,0.00013,0.00021,0.00017,0.00013,0.00025,0.00019,0.00004,0.00014,0.00025,0.00020,0.00004,0.00022,0.00014,0.00015,0.00026,0.00021,0.00063,0.00101,0.00247,0.00791,0.06772,0.26353,0.23112,0.03721,0.00624,0.00234,0.00085,0.00045,0.00027,0.00020,0.00034,0.00017,0.00016,0.00018,0.00006,0.00009,0.00010,0.00012,0.00009,0.00017,0.00020,0.00005,0.00014,0.00019,0.00018,0.00027,0.04565,0.09052
1,0.00351,0.00004,0.00003,0.00004,0.00006,0.00008,0.00013,0.00023,0.00047,0.00123,0.00568,0.07323,0.10912,0.04039,0.00235,0.00064,0.00026,0.00013,0.00007,0.00004,0.00003,0.00002,0.00002,0.00002,0.00003,0.00004,0.00005,0.00007,0.00010,0.00014,0.00021,0.00033,0.00057,0.00108,0.00246,0.00781,0.06790,0.26445,0.23189,0.03720,0.00619,0.00216,0.00101,0.00055,0.00033,0.00022,0.00015,0.00011,0.00008,0.00006,0.00005,0.00004,0.00003,0.00002,0.00002,0.00002,0.00002,0.00002,0.00003,0.00004,0.00009,0.00024,0.04581,0.09055
1,0.00352,0.00002,0.00002,0.00003,0.00005,0.00008,0.00013,0.00023,0.00047,0.00123,0.00568,0.07324,0.10914,0.04040,0.00235,0.00064,0.00026,0.00012,0.00006,0.00003,0.00002,0.00000,0.00001,0.00002,0.00003,0.00004,0.00005,0.00007,0.00010,0.00014,0.00021,0.00033,0.00057,0.00108,0.00246,0.00781,0.06792,0.26451,0.23195,0.03721,0.00620,0.00216,0.00101,0.00055,0.00033,0.00022,0.00015,0.00011,0.00008,0.00006,0.00004,0.00003,0.00003,0.00002,0.00001,0.00001,0.00000,0.00001,0.00002,0.00004,0.00008,0.00023,0.04583,0.09056
1,0.00003,0.00003,0.00004,0.00005,0.00006,0.00009,0.00014,0.00024,0.00047,0.00123,0.00569,0.07346,0.10946,0.04053,0.00237,0.00065,0.00027,0.00014,0.00008,0.00005,0.00004,0.00003,0.00003,0.00003,0.00004,0.00004,0.00006,0.00007,0.00010,0.00014,0.00021,0.00033,0.00057,0.00108,0.00246,0.00783,0.06812,0.26530,0.23264,0.03732,0.00622,0.00217,0.00101,0.00056,0.00034,0.00022,0.00015,0.00011,0.00008,0.00007,0.00005,0.00004,0.00004,0.00003,0.00003,0.00003,0.00003,0.00003,0.00004,0.00006,0.00010,0.00025,0.04595,0.09085
1,0.00351,0.00004,0.00003,0.00004,0.00006,0.00008,0.00013,0.00023,0.00047,0.00123,0.00568,0.07323,0.10912,0.04039,0.00235,0.00064,0.00026,0.00013,0.00007,0.00004,0.00003,0.00002,0.00002,0.00002,0.00003,0.00004,0.00005,0.00007,0.00010,0.00014,0.00021,0.00033,0.00057,0.00108,0.00246,0.00781,0.06790,0.26445,0.23189,0.03720,0.00619,0.00216,0.00101,0.00055,0.00033,0.00022,0.00015,0.00011,0.00008,0.00006,0.00005,0.00004,0.00003,0.00002,0.00002,0.00002,0.00002,0.00002,0.00003,0.00004,0.00009,0.00024,0.04581,0.09055
1,0.00352,0.00002,0.00002,0.00003,0.00005,0.00008,0.00013,0.00023,0.00047,0.00123,0.00568,0.07324,0.10914,0.04040,0.00235,0.00064,0.00026,0.00012,0.00006,0.00003,0.00002,0.00000,0.00001,0.00002,0.00003,0.00004,0.00005,0.00007,0.00010,0.00014,0.00021,0.00033,0.00057,0.00108,0.00246,0.00781,0.06792,0.26451,0.23195,0.03721,0.00620,0.00216,0.00101,0.00055,0.00033,0.00022,0.00015,0.00011,0.00008,0.00006,0.00004,0.00003,0.00003,0.00002,0.00001,0.00001,0.00000,0.00001,0.00002,0.00004,0.00008,0.00023,0.04583,0.09056
1,0.00008,0.00003,0.00004,0.00005,0.00006,0.00009,0.00014,0.00024,0.00047,0.00123,0.00569,0.07346,0.10946,0.04052,0.00237,0.00065,0.00027,0.00014,0.00008,0.00005,0.00004,0.00003,0.00003,0.00003,0.00004,0.00004,0.00006,0.00007,0.00010,0.00014,0.00021,0.00033,0.00057,0.00108,0.00246,0.00783,0.06811,0.26529,0.23262,0.03732,0.00622,0.00217,0.00101,0.00056,0.00034,0.00022,0.00015,0.00011,0.00008,0.00007,0.00005,0.00004,0.00004,0.00003,0.00003,0.00003,0.00003,0.00003,0.00004,0.00006,0.00010,0.00025,0.04594,0.09085
1,0.00415,0.00084,0.00057,0.00048,0.00027,0.00045,0.00091,0.00066,0.00144,0.00053,0.00641,0.07155,0.10615,0.03931,0.00241,0.00043,0.00097,0.00106,0.00101,0.00104,0.00109,0.00095,0.00058,0.00019,0.00011,0.00043,0.00077,0.00115,0.00117,0.00101,0.00098,0.00082,0.00112,0.00076,0.00230,0.00795,0.06543,0.25603,0.22408,0.03501,0.00687,0.00143,0.00150,0.00060,0.00010,0.00087,0.00073,0.00100,0.00113,0.00122,0.00098,0.00061,0.00040,0.00021,0.00040,0.00077,0.00098,0.00098,0.00104,0.00111,0.00107,0.00076,0.04463,0.08804
1,0.00352,0.00002,0.00002,0.00003,0.00005,0.00008,0.00013,0.00023,0.00047,0.00123,0.00568,0.07324,0.10914,0.04040,0.00235,0.00064,0.00026,0.00012,0.00006,0.00003,0.00002,0.00000,0.00001,0.00002,0.00003,0.00004,0.00005,0.00007,0.00010,0.00014,0.00021,0.00033,0.00057,0.00108,0.00246,0.00781,0.06792,0.26451,0.23195,0.03721,0.00620,0.00216,0.00101,0.00055,0.00033,0.00022,0.00015,0.00011,0.00008,0.00006,0.00004,0.00003,0.00003,0.00002,0.00001,0.00001,0.00000,0.00001,0.00002,0.00004,0.00008,0.00023,0.04583,0.09056
1,0.00003,0.00003,0.00004,0.00005,0.00006,0.00009,0.00014,0.00024,0.00047,0.00123,0.00569,0.07346,0.10946,0.04053,0.00237,0.00065,0.00027,0.00014,0.00008,0.00005,0.00004,0.00003,0.00003,0.00003,0.00004,0.00004,0.00006,0.00007,0.00010,0.00014,0.00021,0.00033,0.00057,0.00108,0.00246,0.00783,0.06812,0.26530,0.23264,0.03732,0.00622,0.00217,0.00101,0.00056,0.00034,0.00022,0.00015,0.00011,0.00008,0.00007,0.00005,0.00004,0.00004,0.00003,0.00003,0.00003,0.00003,0.00003,0.00004,0.00006,0.00010,0.00025,0.04595,0.09085
1,0.00351,0.00004,0.00003,0.00004,0.00006,0.00008,0.00013,0.00023,0.00047,0.00123,0.00568,0.07323,0.10912,0.04039,0.00235,0.00064,0.00026,0.00013,0.00007,0.00004,0.00003,0.00002,0.00002,0.00002,0.00003,0.00004,0.00005,0.00007,0.00010,0.00014,0.00021,0.00033,0.00057,0.00108,0.00246,0.00781,0.06790,0.26445,0.23189,0.03720,0.00619,0.00216,0.00101,0.00055,0.00033,0.00022,0.00015,0.00011,0.00008,0.00006,0.00005,0.00004,0.00003,0.00002,0.00002,0.00002,0.00002,0.00002,0.00003,0.00004,0.00009,0.00024,0.04581,0.09055
1,0.00352,0.00002,0.00002,0.00003,0.00005,0.00008,0.00013,0.00023,0.00047,0.00123,0.00568,0.07324,0.10914,0.04040,0.00235,0.00064,0.00026,0.00012,0.00006,0.00003,0.00002,0.00000,0.00001,0.00002,0.00003,0.00004,0.00005,0.00007,0.00010,0.00014,0.00021,0.00033,0.00057,0.00108,0.00246,0.00781,0.06792,0.26451,0.23195,0.03721,0.00620,0.00216,0.00101,0.00055,0.00033,0.00022,0.00015,0.00011,0.00008,0.00006,0.00004,0.00003,0.00003,0.00002,0.00001,0.00001,0.00000,0.00001,0.00002,0.00004,0.00008,0.00023,0.04583,0.09056
1,0.00788,0.00110,0.00096,0.00095,0.00112,0.00133,0.00147,0.00152,0.00153,0.00171,0.00495,0.07025,0.10192,0.03917,0.00292,0.00120,0.00083,0.00084,0.00103,0.00124,0.00136,0.00133,0.00118,0.00101,0.00094,0.00107,0.00127,0.00141,0.00142,0.00129,0.00105,0.00076,0.00050,0.00069,0.00213,0.00756,0.06483,0.24899,0.22008,0.03473,0.00620,0.00309,0.00227,0.00176,0.00132,0.00099,0.00092,0.00107,0.00125,0.00132,0.00125,0.00110,0.00098,0.00101,0.00116,0.00131,0.00136,0.00128,0.00113,0.00099,0.00099,0.00104,0.04445,0.08422
1,0.02280,0.00912,0.00277,0.00567,0.01053,0.01275,0.01278,0.01283,0.01549,0.02086,0.02749,0.06282,0.04728,0.02000,0.02127,0.02041,0.01780,0.01438,0.01012,0.00539,0.00205,0.00404,0.00623,0.00739,0.00773,0.00731,0.00599,0.00364,0.00157,0.00450,0.00756,0.00889,0.00866,0.00872,0.00934,0.00944,0.05157,0.14099,0.13347,0.03960,0.01285,0.00685,0.00482,0.00433,0.00509,0.00505,0.00363,0.00155,0.00092,0.00197,0.00245,0.00256,0.00259,0.00258,0.00227,0.00149,0.00063,0.00157,0.00282,0.00361,0.00375,0.00317,0.02928,0.05291
1,0.01133,0.01330,0.01328,0.01327,0.01318,0.01320,0.01314,0.01293,0.01323,0.01286,0.01061,0.03060,0.05974,0.03159,0.01106,0.01257,0.01219,0.01197,0.01193,0.01174,0.01158,0.01142,0.01125,0.01107,0.01087,0.01071,0.01050,0.01026,0.01014,0.00984,0.00957,0.00961,0.00898,0.00879,0.01006,0.00523,0.04124,0.14937,0.12875,0.02007,0.00618,0.00811,0.00617,0.00623,0.00616,0.00558,0.00541,0.00514,0.00475,0.00451,0.00419,0.00385,0.00357,0.00324,0.00292,0.00261,0.00228,0.00196,0.00163,0.00133,0.00100,0.00056,0.02655,0.05301
1,0.00734,0.00033,0.00036,0.00038,0.00040,0.00043,0.00047,0.00056,0.00076,0.00144,0.00573,0.07212,0.10749,0.03993,0.00252,0.00091,0.00056,0.00044,0.00038,0.00034,0.00032,0.00031,0.00030,0.00029,0.00029,0.00030,0.00031,0.00033,0.00036,0.00040,0.00047,0.00058,0.00079,0.00125,0.00256,0.00777,0.06693,0.26065,0.22843,0.03679,0.00627,0.00231,0.00118,0.00072,0.00049,0.00036,0.00027,0.00021,0.00017,0.00014,0.00012,0.00010,0.00010,0.00009,0.00009,0.00009,0.00010,0.00009,0.00009,0.00009,0.00008,0.00018,0.04522,0.08915
1,0.00744,0.00748,0.00748,0.00745,0.00751,0.00744,0.00747,0.00758,0.00718,0.00798,0.00862,0.05170,0.07525,0.02998,0.00791,0.00714,0.00763,0.00743,0.00746,0.00749,0.00745,0.00748,0.00746,0.00748,0.00748,0.00745,0.00750,0.00745,0.00746,0.00755,0.00735,0.00757,0.00760,0.00686,0.00890,0.00728,0.03965,0.15741,0.13767,0.02230,0.00643,0.00879,0.00696,0.00754,0.00760,0.00734,0.00755,0.00747,0.00744,0.00751,0.00745,0.00747,0.00748,0.00746,0.00748,0.00747,0.00747,0.00748,0.00746,0.00750,0.00743,0.00748,0.02396,0.04885
1,0.00351,0.00004,0.00003,0.00004,0.00006,0.00008,0.00013,0.00023,0.00047,0.00123,0.00568,0.07323,0.10912,0.04039,0.00235,0.00064,0.00026,0.00013,0.00007,0.00004,0.00003,0.00002,0.00002,0.00002,0.00003,0.00004,0.00005,0.00007,0.00010,0.00014,0.00021,0.00033,0.00057,0.00108,0.00246,0.00781,0.06790,0.26445,0.23189,0.03720,0.00619,0.00216,0.00101,0.00055,0.00033,0.00022,0.00015,0.00011,0.00008,0.00006,0.00005,0.00004,0.00003,0.00002,0.00002,0.00002,0.00002,0.00002,0.00003,0.00004,0.00009,0.00024,0.04581,0.09055
1,0.00339,0.00022,0.00027,0.00030,0.00032,0.00031,0.00028,0.00028,0.00051,0.00137,0.00574,0.06767,0.10238,0.03736,0.00243,0.00131,0.00111,0.00102,0.00099,0.00099,0.00102,0.00107,0.00113,0.00119,0.00125,0.00129,0.00131,0.00132,0.00130,0.00128,0.00129,0.00140,0.00171,0.00238,0.00387,0.00881,0.06425,0.24670,0.21532,0.03633,0.00752,0.00351,0.00219,0.00170,0.00162,0.00170,0.00181,0.00191,0.00198,0.00202,0.00204,0.00204,0.00203,0.00203,0.00203,0.00205,0.00206,0.00209,0.00211,0.00212,0.00211,0.00202,0.04449,0.08236
1,0.00351,0.00004,0.00003,0.00004,0.00006,0.00008,0.00013,0.00023,0.00047,0.00123,0.00568,0.07323,0.10912,0.04039,0.00235,0.00064,0.00026,0.00013,0.00007,0.00004,0.00003,0.00002,0.00002,0.00002,0.00003,0.00004,0.00005,0.00007,0.00010,0.00014,0.00021,0.00033,0.00057,0.00108,0.00246,0.00781,0.06790,0.26445,0.23189,0.03720,0.00619,0.00216,0.00101,0.00055,0.00033,0.00022,0.00015,0.00011,0.00008,0.00006,0.00005,0.00004,0.00003,0.00002,0.00002,0.00002,0.00002,0.00002,0.00003,0.00004,0.00009,0.00024,0.04581,0.09055
1,0.00588,0.00535,0.00535,0.00533,0.00530,0.00535,0.00543,0.00530,0.00500,0.00563,0.00945,0.05592,0.07562,0.02851,0.00377,0.00554,0.00551,0.00530,0.00529,0.00535,0.00535,0.00534,0.00534,0.00533,0.00532,0.00535,0.00537,0.00530,0.00528,0.00541,0.00545,0.00517,0.00506,0.00595,0.00667,0.00377,0.04710,0.19125,0.17456,0.03208,0.00869,0.00405,0.00501,0.00570,0.00545,0.00519,0.00529,0.00541,0.00536,0.00530,0.00533,0.00536,0.00534,0.00532,0.00533,0.00534,0.00534,0.00534,0.00534,0.00531,0.00533,0.00551,0.03416,0.06160
1,0.00351,0.00004,0.00003,0.00004,0.00006,0.00008,0.00013,0.00023,0.00047,0.00123,0.00568,0.07323,0.10912,0.04039,0.00235,0.00064,0.00026,0.00013,0.00007,0.00004,0.00003,0.00002,0.00002,0.00002,0.00003,0.00004,0.00005,0.00007,0.00010,0.00014,0.00021,0.00033,0.00057,0.00108,0.00246,0.00781,0.06790,0.26445,0.23189,0.03720,0.00619,0.00216,0.00101,0.00055,0.00033,0.00022,0.00015,0.00011,0.00008,0.00006,0.00005,0.00004,0.00003,0.00002,0.00002,0.00002,0.00002,0.00002,0.00003,0.00004,0.00009,0.00024,0.04581,0.09055
1,0.00352,0.00002,0.00002,0.00003,0.00005,0.00008,0.00013,0.00023,0.00047,0.00123,0.00568,0.07324,0.10914,0.04040,0.00235,0.00064,0.00026,0.00012,0.00006,0.00003,0.00002,0.00000,0.00001,0.00002,0.00003,0.00004,0.00005,0.00007,0.00010,0.00014,0.00021,0.00033,0.00057,0.00108,0.00246,0.00781,0.06792,0.26451,0.23195,0.03721,0.00620,0.00216,0.00101,0.00055,0.00033,0.00022,0.00015,0.00011,0.00008,0.00006,0.00004,0.00003,0.00003,0.00002,0.00001,0.00001,0.00000,0.00001,0.00002,0.00004,0.00008,0.00023,0.04583,0.09056
1,0.01174,0.01656,0.00998,0.00269,0.01386,0.01880,0.00883,0.00940,0.00383,0.00306,0.00582,0.02451,0.03778,0.01637,0.00514,0.00086,0.00724,0.00773,0.01402,0.01850,0.00891,0.00498,0.01338,0.01710,0.01917,0.01967,0.01729,0.01479,0.00662,0.00618,0.01753,0.01622,0.00653,0.00906,0.00079,0.00361,0.04039,0.14780,0.12870,0.01906,0.00678,0.00322,0.00887,0.00728,0.01796,0.01579,0.00398,0.00826,0.01592,0.01750,0.02007,0.01853,0.01695,0.01171,0.00343,0.01151,0.01898,0.01139,0.00886,0.00546,0.00167,0.00618,0.00423,0.00095
1,0.01822,0.00923,0.00911,0.00892,0.00864,0.00829,0.00790,0.00756,0.00743,0.00773,0.00959,0.06031,0.08137,0.03547,0.00413,0.00303,0.00277,0.00240,0.00193,0.00147,0.00118,0.00119,0.00147,0.00188,0.00230,0.00270,0.00307,0.00345,0.00385,0.00426,0.00461,0.00476,0.00460,0.00419,0.00462,0.00985,0.05902,0.20624,0.18231,0.03435,0.00933,0.00499,0.00394,0.00399,0.00412,0.00402,0.00374,0.00337,0.00301,0.00269,0.00242,0.00217,0.00190,0.00162,0.00133,0.00107,0.00085,0.00067,0.00052,0.00040,0.00027,0.00012,0.03633,0.07177
1,0.00008,0.00003,0.00004,0.00005,0.00006,0.00009,0.00014,0.00024,0.00047,0.00123,0.00569,0.07346,0.10946,0.04052,0.00237,0.00065,0.00027,0.00014,0.00008,0.00005,0.00004,0.00003,0.00003,0.00003,0.00004,0.00004,0.00006,0.00007,0.00010,0.00014,0.00021,0.00033,0.00057,0.00108,0.00246,0.00783,0.06811,0.26529,0.23262,0.03732,0.00622,0.00217,0.00101,0.00056,0.00034,0.00022,0.00015,0.00011,0.00008,0.00007,0.00005,0.00004,0.00004,0.00003,0.00003,0.00003,0.00003,0.00003,0.00004,0.00006,0.00010,0.00025,0.04594,0.09085
1,0.00351,0.00004,0.00003,0.00004,0.00006,0.00008,0.00013,0.00023,0.00047,0.00123,0.00568,0.07323,0.10912,0.04039,0.00235,0.00064,0.00026,0.00013,0.00007,0.00004,0.00003,0.00002,0.00002,0.00002,0.00003,0.00004,0.00005,0.00007,0.00010,0.00014,0.00021,0.00033,0.00057,0.00108,0.00246,0.00781,0.06790,0.26445,0.23189,0.03720,0.00619,0.00216,0.00101,0.00055,0.00033,0.00022,0.00015,0.00011,0.00008,0.00006,0.00005,0.00004,0.00003,0.00002,0.00002,0.00002,0.00002,0.00002,0.00003,0.00004,0.00009,0.00024,0.04581,0.09055
1,0.00008,0.00003,0.00004,0.00005,0.00006,0.00009,0.00014,0.00024,0.00047,0.00123,0.00569,0.07346,0.10946,0.04052,0.00237,0.00065,0.00027,0.00014,0.00008,0.00005,0.00004,0.00003,0.00003,0.00003,0.00004,0.00004,0.00006,0.00007,0.00010,0.00014,0.00021,0.00033,0.00057,0.00108,0.00246,0.00783,0.06811,0.26529,0.23262,0.03732,0.00622,0.00217,0.00101,0.00056,0.00034,0.00022,0.00015,0.00011,0.00008,0.00007,0.00005,0.00004,0.00004,0.00003,0.00003,0.00003,0.00003,0.00003,0.00004,0.00006,0.00010,0.00025,0.04594,0.09085
1,0.00351,0.00004,0.00003,0.00004,0.00006,0.00008,0.00013,0.00023,0.00047,0.00123,0.00568,0.07323,0.10912,0.04039,0.00235,0.00064,0.00026,0.00013,0.00007,0.00004,0.00003,0.00002,0.00002,0.00002,0.00003,0.00004,0.00005,0.00007,0.00010,0.00014,0.00021,0.00033,0.00057,0.00108,0.00246,0.00781,0.06790,0.26445,0.23189,0.03720,0.00619,0.00216,0.00101,0.00055,0.00033,0.00022,0.00015,0.00011,0.00008,0.00006,0.00005,0.00004,0.00003,0.00002,0.00002,0.00002,0.00002,0.00002,0.00003,0.00004,0.00009,0.00024,0.04581,0.09055
1,0.00352,0.00002,0.00002,0.00003,0.00005,0.00008,0.00013,0.00023,0.00047,0.00123,0.00568,0.07324,0.10914,0.04040,0.00235,0.00064,0.00026,0.00012,0.00006,0.00003,0.00002,0.00000,0.00001,0.00002,0.00003,0.00004,0.00005,0.00007,0.00010,0.00014,0.00021,0.00033,0.00057,0.00108,0.00246,0.00781,0.06792,0.26451,0.23195,0.03721,0.00620,0.00216,0.00101,0.00055,0.00033,0.00022,0.00015,0.00011,0.00008,0.00006,0.00004,0.00003,0.00003,0.00002,0.00001,0.00001,0.00000,0.00001,0.00002,0.00004,0.00008,0.00023,0.04583,0.09056
1,0.00008,0.00003,0.00004,0.00005,0.00006,0.00009,0.00014,0.00024,0.00047,0.00123,0.00569,0.07346,0.10946,0.04052,0.00237,0.00065,0.00027,0.00014,0.00008,0.00005,0.00004,0.00003,0.00003,0.00003,0.00004,0.00004,0.00006,0.00007,0.00010,0.00014,0.00021,0.00033,0.00057,0.00108,0.00246,0.00783,0.06811,0.26529,0.23262,0.03732,0.00622,0.00217,0.00101,0.00056,0.00034,0.00022,0.00015,0.00011,0.00008,0.00007,0.00005,0.00004,0.00004,0.00003,0.00003,0.00003,0.00003,0.00003,0.00004,0.00006,0.00010,0.00025,0.04594,0.09085
1,0.00351,0.00004,0.00003,0.00004,0.00006,0.00008,0.00013,0.00023,0.00047,0.00123,0.00568,0.07323,0.10912,0.04039,0.00235,0.00064,0.00026,0.00013,0.00007,0.00004,0.00003,0.00002,0.00002,0.00002,0.00003,0.00004,0.00005,0.00007,0.00010,0.00014,0.00021,0.00033,0.00057,0.00108,0.00246,0.00781,0.06790,0.26445,0.23189,0.03720,0.00619,0.00216,0.00101,0.00055,0.00033,0.00022,0.00015,0.00011,0.00008,0.00006,0.00005,0.00004,0.00003,0.00002,0.00002,0.00002,0.00002,0.00002,0.00003,0.00004,0.00009,0.00024,0.04581,0.09055
1,0.00352,0.00002,0.00002,0.00003,0.00005,0.00008,0.00013,0.00023,0.00047,0.00123,0.00568,0.07324,0.10914,0.04040,0.00235,0.00064,0.00026,0.00012,0.00006,0.00003,0.00002,0.00000,0.00001,0.00002,0.00003,0.00004,0.00005,0.00007,0.00010,0.00014,0.00021,0.00033,0.00057,0.00108,0.00246,0.00781,0.06792,0.26451,0.23195,0.03721,0.00620,0.00216,0.00101,0.00055,0.00033,0.00022,0.00015,0.00011,0.00008,0.00006,0.00004,0.00003,0.00003,0.00002,0.00001,0.00001,0.00000,0.00001,0.00002,0.00004,0.00008,0.00023,0.04583,0.09056
1,0.00017,0.00011,0.00009,0.00012,0.00017,0.00021,0.00019,0.00014,0.00038,0.00126,0.00580,0.07320,0.10912,0.04054,0.00240,0.00056,0.00016,0.00018,0.00020,0.00017,0.00012,0.00009,0.00010,0.00013,0.00016,0.00015,0.00011,0.00005,0.00012,0.00024,0.00033,0.00037,0.00047,0.00098,0.00248,0.00793,0.06802,0.26467,0.23191,0.03727,0.00611,0.00206,0.00101,0.00067,0.00044,0.00022,0.00004,0.00011,0.00018,0.00019,0.00015,0.00009,0.00009,0.00012,0.00015,0.00015,0.00012,0.00009,0.00009,0.00014,0.00022,0.00034,0.04587,0.09049
1,0.00364,0.00023,0.00011,0.00002,0.00027,0.00011,0.00009,0.00030,0.00059,0.00106,0.00568,0.07289,0.10872,0.04030,0.00239,0.00050,0.00038,0.00018,0.00007,0.00019,0.00019,0.00005,0.00018,0.00019,0.00007,0.00006,0.00018,0.00022,0.00008,0.00012,0.00042,0.00023,0.00048,0.00115,0.00255,0.00765,0.06765,0.26344,0.23105,0.03711,0.00618,0.00203,0.00112,0.00057,0.00030,0.00029,0.00022,0.00020,0.00013,0.00018,0.00013,0.00008,0.00016,0.00019,0.00003,0.00019,0.00021,0.00006,0.00009,0.00017,0.00022,0.00017,0.04578,0.09049
1,0.00352,0.00002,0.00002,0.00003,0.00005,0.00008,0.00013,0.00023,0.00047,0.00123,0.00568,0.07324,0.10914,0.04040,0.00235,0.00064,0.00026,0.00012,0.00006,0.00003,0.00002,0.00000,0.00001,0.00002,0.00003,0.00004,0.00005,0.00007,0.00010,0.00014,0.00021,0.00033,0.00057,0.00108,0.00246,0.00781,0.06792,0.26451,0.23195,0.03721,0.00620,0.00216,0.00101,0.00055,0.00033,0.00022,0.00015,0.00011,0.00008,0.00006,0.00004,0.00003,0.00003,0.00002,0.00001,0.00001,0.00000,0.00001,0.00002,0.00004,0.00008,0.00023,0.04583,0.09056
1,0.00008,0.00003,0.00004,0.00005,0.00006,0.00009,0.00014,0.00024,0.00047,0.00123,0.00569,0.07346,0.10946,0.04052,0.00237,0.00065,0.00027,0.00014,0.00008,0.00005,0.00004,0.00003,0.00003,0.00003,0.00004,0.00004,0.00006,0.00007,0.00010,0.00014,0.00021,0.00033,0.00057,0.00108,0.00246,0.00783,0.06811,0.26529,0.23262,0.03732,0.00622,0.00217,0.00101,0.00056,0.00034,0.00022,0.00015,0.00011,0.00008,0.00007,0.00005,0.00004,0.00004,0.00003,0.00003,0.00003,0.00003,0.00003,0.00004,0.00006,0.00010,0.00025,0.04594,0.09085
1,0.00008,0.00003,0.00004,0.00005,0.00006,0.00009,0.00014,0.00024,0.00047,0.00123,0.00569,0.07346,0.10946,0.04052,0.00237,0.00065,0.00027,0.00014,0.00008,0.00005,0.00004,0.00003,0.00003,0.00003,0.00004,0.00004,0.00006,0.00007,0.00010,0.00014,0.00021,0.00033,0.00057,0.00108,0.00246,0.00783,0.06811,0.26529,0.23262,0.03732,0.00622,0.00217,0.00101,0.00056,0.00034,0.00022,0.00015,0.00011,0.00008,0.00007,0.00005,0.00004,0.00004,0.00003,0.00003,0.00003,0.00003,0.00003,0.00004,0.00006,0.00010,0.00025,0.04594,0.09085
1,0.00351,0.00004,0.00003,0.00004,0.00006,0.00008,0.00013,0.00023,0.00047,0.00123,0.00568,0.07323,0.10912,0.04039,0.00235,0.00064,0.00026,0.00013,0.00007,0.00004,0.00003,0.00002,0.00002,0.00002,0.00003,0.00004,0.00005,0.00007,0.00010,0.00014,0.00021,0.00033,0.00057,0.00108,0.00246,0.00781,0.06790,0.26445,0.23189,0.03720,0.00619,0.00216,0.00101,0.00055,0.00033,0.00022,0.00015,0.00011,0.00008,0.00006,0.00005,0.00004,0.00003,0.00002,0.00002,0.00002,0.00002,0.00002,0.00003,0.00004,0.00009,0.00024,0.04581,0.09055
1,0.00359,0.00029,0.00032,0.00022,0.00024,0.00021,0.00016,0.00057,0.00073,0.00079,0.00586,0.07233,0.10778,0.03986,0.00242,0.00071,0.00003,0.00050,0.00052,0.00036,0.00039,0.00041,0.00029,0.00019,0.00008,0.00021,0.00039,0.00038,0.00048,0.00050,0.00028,0.00053,0.00075,0.00096,0.00251,0.00777,0.06695,0.26163,0.22984,0.03731,0.00592,0.00202,0.00117,0.00051,0.00039,0.00048,0.00023,0.00042,0.00050,0.00044,0.00041,0.00028,0.00018,0.00019,0.00025,0.00031,0.00033,0.00038,0.00050,0.00050,0.00025,0.00030,0.04516,0.08950
1,0.00006,0.00001,0.00002,0.00003,0.00005,0.00008,0.00013,0.00023,0.00047,0.00123,0.00570,0.07350,0.10952,0.04054,0.00236,0.00064,0.00026,0.00012,0.00006,0.00003,0.00002,0.00000,0.00001,0.00002,0.00003,0.00004,0.00005,0.00007,0.00010,0.00014,0.00021,0.00033,0.00057,0.00108,0.00247,0.00784,0.06815,0.26543,0.23276,0.03734,0.00622,0.00217,0.00101,0.00055,0.00034,0.00022,0.00015,0.00011,0.00008,0.00006,0.00005,0.00003,0.00003,0.00002,0.00001,0.00001,0.00000,0.00001,0.00002,0.00004,0.00008,0.00023,0.04599,0.09088
1,0.00003,0.00003,0.00004,0.00005,0.00006,0.00009,0.00014,0.00024,0.00047,0.00123,0.00569,0.07346,0.10946,0.04053,0.00237,0.00065,0.00027,0.00014,0.00008,0.00005,0.00004,0.00003,0.00003,0.00003,0.00004,0.00004,0.00006,0.00007,0.00010,0.00014,0.00021,0.00033,0.00057,0.00108,0.00246,0.00783,0.06812,0.26530,0.23264,0.03732,0.00622,0.00217,0.00101,0.00056,0.00034,0.00022,0.00015,0.00011,0.00008,0.00007,0.00005,0.00004,0.00004,0.00003,0.00003,0.00003,0.00003,0.00003,0.00004,0.00006,0.00010,0.00025,0.04595,0.09085
1,0.00264,0.00101,0.00080,0.00053,0.00063,0.00070,0.00107,0.00096,0.00121,0.00145,0.00535,0.07135,0.10661,0.03972,0.00191,0.00099,0.00032,0.00014,0.00048,0.00060,0.00080,0.00092,0.00080,0.00067,0.00044,0.00052,0.00068,0.00109,0.00116,0.00148,0.00112,0.00129,0.00063,0.00162,0.00172,0.00854,0.06524,0.25719,0.22563,0.03587,0.00627,0.00203,0.00118,0.00021,0.00086,0.00040,0.00060,0.00035,0.00027,0.00052,0.00063,0.00076,0.00069,0.00052,0.00035,0.00040,0.00070,0.00098,0.00125,0.00128,0.00132,0.00080,0.04399,0.08776
1,0.00352,0.00002,0.00002,0.00003,0.00005,0.00008,0.00013,0.00023,0.00047,0.00123,0.00568,0.07324,0.10914,0.04040,0.00235,0.00064,0.00026,0.00012,0.00006,0.00003,0.00002,0.00000,0.00001,0.00002,0.00003,0.00004,0.00005,0.00007,0.00010,0.00014,0.00021,0.00033,0.00057,0.00108,0.00246,0.00781,0.06792,0.26451,0.23195,0.03721,0.00620,0.00216,0.00101,0.00055,0.00033,0.00022,0.00015,0.00011,0.00008,0.00006,0.00004,0.00003,0.00003,0.00002,0.00001,0.00001,0.00000,0.00001,0.00002,0.00004,0.00008,0.00023,0.04583,0.09056
1,0.00017,0.00003,0.00004,0.00006,0.00008,0.00011,0.00016,0.00026,0.00049,0.00123,0.00568,0.07346,0.10940,0.04053,0.00238,0.00065,0.00025,0.00011,0.00005,0.00003,0.00003,0.00004,0.00004,0.00005,0.00006,0.00007,0.00008,0.00009,0.00011,0.00013,0.00019,0.00031,0.00054,0.00106,0.00246,0.00784,0.06811,0.26517,0.23258,0.03729,0.00621,0.00218,0.00103,0.00058,0.00037,0.00024,0.00016,0.00011,0.00007,0.00004,0.00002,0.00003,0.00003,0.00004,0.00005,0.00005,0.00006,0.00006,0.00007,0.00007,0.00010,0.00024,0.04595,0.09079
1,0.00351,0.00004,0.00003,0.00004,0.00006,0.00008,0.00013,0.00023,0.00047,0.00123,0.00568,0.07323,0.10912,0.04039,0.00235,0.00064,0.00026,0.00013,0.00007,0.00004,0.00003,0.00002,0.00002,0.00002,0.00003,0.00004,0.00005,0.00007,0.00010,0.00014,0.00021,0.00033,0.00057,0.00108,0.00246,0.00781,0.06790,0.26445,0.23189,0.03720,0.00619,0.00216,0.00101,0.00055,0.00033,0.00022,0.00015,0.00011,0.00008,0.00006,0.00005,0.00004,0.00003,0.00002,0.00002,0.00002,0.00002,0.00002,0.00003,0.00004,0.00009,0.00024,0.04581,0.09055
1,0.00352,0.00002,0.00002,0.00003,0.00005,0.00008,0.00013,0.00023,0.00047,0.00123,0.00568,0.07324,0.10914,0.04040,0.00235,0.00064,0.00026,0.00012,0.00006,0.00003,0.00002,0.00000,0.00001,0.00002,0.00003,0.00004,0.00005,0.00007,0.00010,0.00014,0.00021,0.00033,0.00057,0.00108,0.00246,0.00781,0.06792,0.26451,0.23195,0.03721,0.00620,0.00216,0.00101,0.00055,0.00033,0.00022,0.00015,0.00011,0.00008,0.00006,0.00004,0.00003,0.00003,0.00002,0.00001,0.00001,0.00000,0.00001,0.00002,0.00004,0.00008,0.00023,0.04583,0.09056
1,0.00003,0.00003,0.00004,0.00005,0.00006,0.00009,0.00014,0.00024,0.00047,0.00123,0.00569,0.07346,0.10946,0.04053,0.00237,0.00065,0.00027,0.00014,0.00008,0.00005,0.00004,0.00003,0.00003,0.00003,0.00004,0.00004,0.00006,0.00007,0.00010,0.00014,0.00021,0.00033,0.00057,0.00108,0.00246,0.00783,0.06812,0.26530,0.23264,0.03732,0.00622,0.00217,0.00101,0.00056,0.00034,0.00022,0.00015,0.00011,0.00008,0.00007,0.00005,0.00004,0.00004,0.00003,0.00003,0.00003,0.00003,0.00003,0.00004,0.00006,0.00010,0.00025,0.04595,0.09085
1,0.00351,0.00004,0.00003,0.00004,0.00006,0.00008,0.00013,0.00023,0.00047,0.00123,0.00568,0.07323,0.10912,0.04039,0.00235,0.00064,0.00026,0.00013,0.00007,0.00004,0.00003,0.00002,0.00002,0.00002,0.00003,0.00004,0.00005,0.00007,0.00010,0.00014,0.00021,0.00033,0.00057,0.00108,0.00246,0.00781,0.06790,0.26445,0.23189,0.03720,0.00619,0.00216,0.00101,0.00055,0.00033,0.00022,0.00015,0.00011,0.00008,0.00006,0.00005,0.00004,0.00003,0.00002,0.00002,0.00002,0.00002,0.00002,0.00003,0.00004,0.00009,0.00024,0.04581,0.09055
1,0.00352,0.00002,0.00002,0.00003,0.00005,0.00008,0.00013,0.00023,0.00047,0.00123,0.00568,0.07324,0.10914,0.04040,0.00235,0.00064,0.00026,0.00012,0.00006,0.00003,0.00002,0.00000,0.00001,0.00002,0.00003,0.00004,0.00005,0.00007,0.00010,0.00014,0.00021,0.00033,0.00057,0.00108,0.00246,0.00781,0.06792,0.26451,0.23195,0.03721,0.00620,0.00216,0.00101,0.00055,0.00033,0.00022,0.00015,0.00011,0.00008,0.00006,0.00004,0.00003,0.00003,0.00002,0.00001,0.00001,0.00000,0.00001,0.00002,0.00004,0.00008,0.00023,0.04583,0.09056
1,0.00008,0.00003,0.00004,0.00005,0.00006,0.00009,0.00014,0.00024,0.00047,0.00123,0.00569,0.07346,0.10946,0.04052,0.00237,0.00065,0.00027,0.00014,0.00008,0.00005,0.00004,0.00003,0.00003,0.00003,0.00004,0.00004,0.00006,0.00007,0.00010,0.00014,0.00021,0.00033,0.00057,0.00108,0.00246,0.00783,0.06811,0.26529,0.23262,0.03732,0.00622,0.00217,0.00101,0.00056,0.00034,0.00022,0.00015,0.00011,0.00008,0.00007,0.00005,0.00004,0.00004,0.00003,0.00003,0.00003,0.00003,0.00003,0.00004,0.00006,0.00010,0.00025,0.04594,0.09085
1,0.00352,0.00002,0.00002,0.00003,0.00005,0.00008,0.00013,0.00023,0.00047,0.00123,0.00568,0.07324,0.10914,0.04040,0.00235,0.00064,0.00026,0.00012,0.00006,0.00003,0.00002,0.00000,0.00001,0.00002,0.00003,0.00004,0.00005,0.00007,0.00010,0.00014,0.00021,0.00033,0.00057,0.00108,0.00246,0.00781,0.06792,0.26451,0.23195,0.03721,0.00620,0.00216,0.00101,0.00055,0.00033,0.00022,0.00015,0.00011,0.00008,0.00006,0.00004,0.00003,0.00003,0.00002,0.00001,0.00001,0.00000,0.00001,0.00002,0.00004,0.00008,0.00023,0.04583,0.09056
1,0.00008,0.00003,0.00004,0.00005,0.00006,0.00009,0.00014,0.00024,0.00047,0.00123,0.00569,0.07346,0.10946,0.04052,0.00237,0.00065,0.00027,0.00014,0.00008,0.00005,0.00004,0.00003,0.00003,0.00003,0.00004,0.00004,0.00006,0.00007,0.00010,0.00014,0.00021,0.00033,0.00057,0.00108,0.00246,0.00783,0.06811,0.26529,0.23262,0.03732,0.00622,0.00217,0.00101,0.00056,0.00034,0.00022,0.00015,0.00011,0.00008,0.00007,0.00005,0.00004,0.00004,0.00003,0.00003,0.00003,0.00003,0.00003,0.00004,0.00006,0.00010,0.00025,0.04594,0.09085
1,0.00006,0.00001,0.00002,0.00003,0.00005,0.00008,0.00013,0.00023,0.00047,0.00123,0.00570,0.07350,0.10952,0.04054,0.00236,0.00064,0.00026,0.00012,0.00006,0.00003,0.00002,0.00000,0.00001,0.00002,0.00003,0.00004,0.00005,0.00007,0.00010,0.00014,0.00021,0.00033,0.00057,0.00108,0.00247,0.00784,0.06815,0.26543,0.23276,0.03734,0.00622,0.00217,0.00101,0.00055,0.00034,0.00022,0.00015,0.00011,0.00008,0.00006,0.00005,0.00003,0.00003,0.00002,0.00001,0.00001,0.00000,0.00001,0.00002,0.00004,0.00008,0.00023,0.04599,0.09088
1,0.00351,0.00004,0.00003,0.00004,0.00006,0.00008,0.00013,0.00023,0.00047,0.00123,0.00568,0.07323,0.10912,0.04039,0.00235,0.00064,0.00026,0.00013,0.00007,0.00004,0.00003,0.00002,0.00002,0.00002,0.00003,0.00004,0.00005,0.00007,0.00010,0.00014,0.00021,0.00033,0.00057,0.00108,0.00246,0.00781,0.06790,0.26445,0.23189,0.03720,0.00619,0.00216,0.00101,0.00055,0.00033,0.00022,0.00015,0.00011,0.00008,0.00006,0.00005,0.00004,0.00003,0.00002,0.00002,0.00002,0.00002,0.00002,0.00003,0.00004,0.00009,0.00024,0.04581,0.09055
1,0.00006,0.00001,0.00002,0.00003,0.00005,0.00008,0.00013,0.00023,0.00047,0.00123,0.00570,0.07350,0.10952,0.04054,0.00236,0.00064,0.00026,0.00012,0.00006,0.00003,0.00002,0.00000,0.00001,0.00002,0.00003,0.00004,0.00005,0.00007,0.00010,0.00014,0.00021,0.00033,0.00057,0.00108,0.00247,0.00784,0.06815,0.26543,0.23276,0.03734,0.00622,0.00217,0.00101,0.00055,0.00034,0.00022,0.00015,0.00011,0.00008,0.00006,0.00005,0.00003,0.00003,0.00002,0.00001,0.00001,0.00000,0.00001,0.00002,0.00004,0.00008,0.00023,0.04599,0.09088
1,0.00351,0.00004,0.00003,0.00004,0.00006,0.00008,0.00013,0.00023,0.00047,0.00123,0.00568,0.07323,0.10912,0.04039,0.00235,0.00064,0.00026,0.00013,0.00007,0.00004,0.00003,0.00002,0.00002,0.00002,0.00003,0.00004,0.00005,0.00007,0.00010,0.00014,0.00021,0.00033,0.00057,0.00108,0.00246,0.00781,0.06790,0.26445,0.23189,0.03720,0.00619,0.00216,0.00101,0.00055,0.00033,0.00022,0.00015,0.00011,0.00008,0.00006,0.00005,0.00004,0.00003,0.00002,0.00002,0.00002,0.00002,0.00002,0.00003,0.00004,0.00009,0.00024,0.04581,0.09055
1,0.00006,0.00001,0.00002,0.00003,0.00005,0.00008,0.00013,0.00023,0.00047,0.00123,0.00570,0.07350,0.10952,0.04054,0.00236,0.00064,0.00026,0.00012,0.00006,0.00003,0.00002,0.00000,0.00001,0.00002,0.00003,0.00004,0.00005,0.00007,0.00010,0.00014,0.00021,0.00033,0.00057,0.00108,0.00247,0.00784,0.06815,0.26543,0.23276,0.03734,0.00622,0.00217,0.00101,0.00055,0.00034,0.00022,0.00015,0.00011,0.00008,0.00006,0.00005,0.00003,0.00003,0.00002,0.00001,0.00001,0.00000,0.00001,0.00002,0.00004,0.00008,0.00023,0.04599,0.09088
1,0.00008,0.00003,0.00004,0.00005,0.00006,0.00009,0.00014,0.00024,0.00047,0.00123,0.00569,0.07346,0.10946,0.04052,0.00237,0.00065,0.00027,0.00014,0.00008,0.00005,0.00004,0.00003,0.00003,0.00003,0.00004,0.00004,0.00006,0.00007,0.00010,0.00014,0.00021,0.00033,0.00057,0.00108,0.00246,0.00783,0.06811,0.26529,0.23262,0.03732,0.00622,0.00217,0.00101,0.00056,0.00034,0.00022,0.00015,0.00011,0.00008,0.00007,0.00005,0.00004,0.00004,0.00003,0.00003,0.00003,0.00003,0.00003,0.00004,0.00006,0.00010,0.00025,0.04594,0.09085
1,0.00003,0.00003,0.00004,0.00005,0.00006,0.00009,0.00014,0.00024,0.00047,0.00123,0.00569,0.07346,0.10946,0.04053,0.00237,0.00065,0.00027,0.00014,0.00008,0.00005,0.00004,0.00003,0.00003,0.00003,0.00004,0.00004,0.00006,0.00007,0.00010,0.00014,0.00021,0.00033,0.00057,0.00108,0.00246,0.00783,0.06812,0.26530,0.23264,0.03732,0.00622,0.00217,0.00101,0.00056,0.00034,0.00022,0.00015,0.00011,0.00008,0.00007,0.00005,0.00004,0.00004,0.00003,0.00003,0.00003,0.00003,0.00003,0.00004,0.00006,0.00010,0.00025,0.04595,0.09085
2,0.00065,0.00072,0.00026,0.00010,0.00050,0.00067,0.00033,0.00011,0.00040,0.00107,0.00210,0.03555,0.05367,0.01953,0.00113,0.00067,0.00048,0.00113,0.00064,0.00024,0.00040,0.00055,0.00075,0.00165,0.01404,0.01586,0.00392,0.00041,0.00029,0.00040,0.00050,0.00058,0.00063,0.00190,0.00298,0.00965,0.08020,0.31340,0.27471,0.04470,0.00740,0.00297,0.00053,0.00090,0.00055,0.00097,0.00056,0.00039,0.00070,0.00594,0.01732,0.01229,0.00094,0.00094,0.00020,0.00035,0.00047,0.00057,0.00045,0.00009,0.00106,0.00058,0.01919,0.03715
2,0.00158,0.00018,0.00018,0.00010,0.00033,0.00048,0.00035,0.00036,0.00005,0.00071,0.00209,0.03053,0.04577,0.01695,0.00090,0.00055,0.00034,0.00015,0.00016,0.00023,0.00026,0.00013,0.00016,0.00070,0.00421,0.00482,0.00116,0.00016,0.00012,0.00035,0.00042,0.00064,0.00050,0.00179,0.00326,0.01070,0.09253,0.36108,0.31679,0.05092,0.00831,0.00322,0.00104,0.00111,0.00029,0.00042,0.00014,0.00025,0.00011,0.00344,0.00940,0.00616,0.00047,0.00037,0.00015,0.00035,0.00021,0.00011,0.00020,0.00039,0.00021,0.00020,0.00367,0.00708
2,0.00221,0.00074,0.00067,0.00015,0.00020,0.00035,0.00070,0.00106,0.00081,0.00080,0.00308,0.04025,0.05970,0.02201,0.00100,0.00077,0.00076,0.00058,0.00031,0.00046,0.00011,0.00057,0.00088,0.00189,0.01077,0.01219,0.00307,0.00042,0.00066,0.00015,0.00032,0.00017,0.00159,0.00048,0.00312,0.00942,0.08032,0.31264,0.27417,0.04434,0.00693,0.00260,0.00166,0.00051,0.00051,0.00050,0.00057,0.00062,0.00087,0.00566,0.01446,0.00956,0.00086,0.00061,0.00011,0.00041,0.00004,0.00056,0.00140,0.00092,0.00013,0.00030,0.01906,0.03724
2,0.00316,0.00024,0.00016,0.00033,0.00040,0.00040,0.00016,0.00014,0.00018,0.00052,0.00226,0.02750,0.04086,0.01517,0.00073,0.00047,0.00003,0.00011,0.00017,0.00010,0.00012,0.00020,0.00026,0.00077,0.00485,0.00552,0.00147,0.00005,0.00042,0.00027,0.00010,0.00066,0.00084,0.00123,0.00378,0.01036,0.09264,0.36036,0.31581,0.05047,0.00842,0.00321,0.00113,0.00093,0.00055,0.00034,0.00035,0.00042,0.00003,0.00436,0.01150,0.00770,0.00056,0.00031,0.00029,0.00020,0.00020,0.00013,0.00028,0.00013,0.00006,0.00002,0.00526,0.01037
2,0.00063,0.00043,0.00033,0.00017,0.00008,0.00001,0.00020,0.00055,0.00048,0.00056,0.00250,0.03652,0.05476,0.02026,0.00137,0.00022,0.00018,0.00034,0.00023,0.00046,0.00055,0.00065,0.00054,0.00216,0.01227,0.01363,0.00378,0.00031,0.00045,0.00047,0.00065,0.00079,0.00013,0.00183,0.00268,0.00905,0.08089,0.31377,0.27505,0.04415,0.00709,0.00273,0.00111,0.00089,0.00071,0.00015,0.00011,0.00019,0.00064,0.00608,0.01679,0.01081,0.00075,0.00024,0.00031,0.00029,0.00027,0.00007,0.00041,0.00030,0.00012,0.00041,0.02215,0.04330
2,0.00271,0.00050,0.00036,0.00018,0.00014,0.00021,0.00036,0.00005,0.00025,0.00074,0.00227,0.03162,0.04713,0.01722,0.00131,0.00011,0.00014,0.00039,0.00028,0.00038,0.00017,0.00018,0.00016,0.00088,0.00481,0.00533,0.00145,0.00016,0.00040,0.00005,0.00058,0.00034,0.00087,0.00133,0.00340,0.01050,0.09128,0.35571,0.31188,0.05003,0.00809,0.00313,0.00138,0.00069,0.00056,0.00023,0.00037,0.00002,0.00022,0.00378,0.00966,0.00654,0.00061,0.00020,0.00011,0.00024,0.00049,0.00024,0.00026,0.00019,0.00019,0.00008,0.00572,0.01115
2,0.00450,0.00038,0.00048,0.00072,0.00060,0.00062,0.00043,0.00034,0.00047,0.00098,0.00181,0.02564,0.03798,0.01377,0.00083,0.00077,0.00053,0.00076,0.00091,0.00067,0.00066,0.00047,0.00023,0.00094,0.00449,0.00514,0.00157,0.00029,0.00030,0.00010,0.00063,0.00045,0.00130,0.00115,0.00355,0.01021,0.09131,0.35478,0.31118,0.05009,0.00853,0.00270,0.00119,0.00094,0.00065,0.00038,0.00066,0.00031,0.00030,0.00387,0.00987,0.00618,0.00031,0.00057,0.00054,0.00065,0.00086,0.00087,0.00062,0.00060,0.00084,0.00045,0.00871,0.01738
2,0.00263,0.00015,0.00016,0.00010,0.00029,0.00013,0.00007,0.00020,0.00028,0.00063,0.00336,0.04212,0.06280,0.02335,0.00136,0.00037,0.00004,0.00020,0.00012,0.00015,0.00013,0.00008,0.00042,0.00241,0.01392,0.01569,0.00414,0.00051,0.00032,0.00005,0.00047,0.00035,0.00065,0.00134,0.00280,0.00896,0.07862,0.30575,0.26807,0.04301,0.00723,0.00242,0.00116,0.00074,0.00037,0.00037,0.00018,0.00021,0.00046,0.00686,0.01794,0.01193,0.00063,0.00037,0.00015,0.00015,0.00018,0.00037,0.00027,0.00024,0.00038,0.00024,0.02046,0.04051
2,0.00151,0.00029,0.00024,0.00021,0.00018,0.00010,0.00023,0.00011,0.00019,0.00040,0.00200,0.02358,0.03471,0.01262,0.00081,0.00040,0.00012,0.00026,0.00035,0.00014,0.00024,0.00006,0.00019,0.00046,0.00323,0.00387,0.00099,0.00016,0.00036,0.00042,0.00045,0.00045,0.00071,0.00169,0.00350,0.01084,0.09630,0.37455,0.32838,0.05269,0.00860,0.00324,0.00152,0.00048,0.00061,0.00059,0.00037,0.00027,0.00016,0.00364,0.00978,0.00627,0.00047,0.00040,0.00018,0.00030,0.00035,0.00025,0.00012,0.00015,0.00026,0.00010,0.00130,0.00261
2,0.00245,0.00008,0.00010,0.00018,0.00017,0.00020,0.00005,0.00015,0.00024,0.00071,0.00265,0.03548,0.05292,0.01962,0.00101,0.00061,0.00024,0.00014,0.00005,0.00027,0.00025,0.00024,0.00031,0.00192,0.01221,0.01382,0.00361,0.00058,0.00023,0.00032,0.00019,0.00063,0.00076,0.00115,0.00307,0.00945,0.08253,0.32123,0.28155,0.04504,0.00761,0.00262,0.00107,0.00092,0.00020,0.00043,0.00011,0.00042,0.00037,0.00603,0.01624,0.01095,0.00081,0.00030,0.00015,0.00011,0.00009,0.00003,0.00012,0.00014,0.00004,0.00030,0.01839,0.03617
2,0.00277,0.00199,0.00159,0.00043,0.00078,0.00054,0.00187,0.00121,0.00070,0.00033,0.00209,0.02935,0.04396,0.01648,0.00099,0.00054,0.00040,0.00161,0.00111,0.00085,0.00062,0.00088,0.00199,0.00139,0.00213,0.00299,0.00141,0.00204,0.00091,0.00041,0.00119,0.00107,0.00120,0.00174,0.00417,0.01035,0.08985,0.35163,0.30852,0.04948,0.00890,0.00196,0.00049,0.00292,0.00034,0.00088,0.00030,0.00161,0.00169,0.00419,0.00966,0.00691,0.00223,0.00161,0.00061,0.00081,0.00075,0.00141,0.00151,0.00041,0.00084,0.00032,0.00202,0.00412
2,0.00080,0.00011,0.00019,0.00005,0.00028,0.00045,0.00039,0.00027,0.00020,0.00042,0.00233,0.02906,0.04319,0.01582,0.00101,0.00032,0.00030,0.00020,0.00036,0.00030,0.00042,0.00013,0.00014,0.00157,0.00753,0.00844,0.00222,0.00031,0.00035,0.00028,0.00025,0.00056,0.00075,0.00133,0.00324,0.01024,0.08974,0.34937,0.30638,0.04921,0.00807,0.00280,0.00153,0.00038,0.00085,0.00014,0.00026,0.00021,0.00035,0.00410,0.01132,0.00746,0.00060,0.00006,0.00012,0.00027,0.00023,0.00030,0.00027,0.00023,0.00009,0.00023,0.01065,0.02094
2,0.00235,0.00021,0.00020,0.00017,0.00010,0.00019,0.00019,0.00024,0.00013,0.00061,0.00197,0.02599,0.03881,0.01438,0.00080,0.00023,0.00016,0.00038,0.00006,0.00043,0.00041,0.00051,0.00024,0.00073,0.00624,0.00744,0.00225,0.00007,0.00037,0.00023,0.00039,0.00046,0.00089,0.00139,0.00322,0.01059,0.09107,0.35515,0.31155,0.05002,0.00839,0.00253,0.00177,0.00070,0.00047,0.00044,0.00015,0.00034,0.00029,0.00416,0.01085,0.00721,0.00054,0.00034,0.00027,0.00036,0.00024,0.00002,0.00016,0.00008,0.00001,0.00021,0.00997,0.01969
2,0.00469,0.00058,0.00039,0.00092,0.00102,0.00029,0.00125,0.00117,0.00056,0.00058,0.00178,0.03616,0.05397,0.01937,0.00088,0.00027,0.00072,0.00056,0.00013,0.00091,0.00079,0.00069,0.00065,0.00124,0.00929,0.00922,0.00201,0.00044,0.00106,0.00078,0.00032,0.00059,0.00072,0.00233,0.00296,0.01020,0.08411,0.32751,0.28648,0.04668,0.00799,0.00228,0.00034,0.00075,0.00098,0.00065,0.00129,0.00109,0.00063,0.00493,0.01197,0.00787,0.00107,0.00050,0.00059,0.00034,0.00047,0.00065,0.00089,0.00051,0.00088,0.00085,0.01361,0.02462
2,0.00277,0.00012,0.00012,0.00010,0.00009,0.00008,0.00022,0.00015,0.00014,0.00061,0.00275,0.03481,0.05187,0.01922,0.00106,0.00036,0.00022,0.00017,0.00007,0.00017,0.00012,0.00014,0.00036,0.00207,0.01352,0.01545,0.00401,0.00064,0.00017,0.00036,0.00034,0.00034,0.00072,0.00139,0.00280,0.00952,0.08107,0.31611,0.27725,0.04454,0.00747,0.00254,0.00110,0.00074,0.00054,0.00030,0.00024,0.00029,0.00044,0.00689,0.01819,0.01237,0.00097,0.00030,0.00022,0.00025,0.00011,0.00009,0.00004,0.00007,0.00006,0.00012,0.02038,0.04025
2,0.00047,0.00056,0.00029,0.00052,0.00043,0.00055,0.00033,0.00087,0.00101,0.00019,0.00150,0.02374,0.03449,0.01255,0.00036,0.00046,0.00070,0.00030,0.00064,0.00036,0.00064,0.00045,0.00042,0.00022,0.00357,0.00410,0.00042,0.00041,0.00066,0.00052,0.00018,0.00026,0.00107,0.00172,0.00394,0.01147,0.09437,0.36893,0.32264,0.05195,0.00869,0.00199,0.00146,0.00080,0.00087,0.00084,0.00066,0.00057,0.00031,0.00401,0.00951,0.00677,0.00112,0.00058,0.00038,0.00048,0.00043,0.00061,0.00059,0.00091,0.00059,0.00027,0.00344,0.00577
2,0.01204,0.01254,0.01210,0.01173,0.01118,0.01057,0.00984,0.00913,0.00844,0.00738,0.00482,0.01889,0.03151,0.01253,0.00206,0.00026,0.00080,0.00182,0.00317,0.00446,0.00551,0.00656,0.00791,0.00872,0.01302,0.01412,0.01120,0.01234,0.01269,0.01330,0.01396,0.01414,0.01373,0.01509,0.01570,0.00836,0.05834,0.19993,0.17668,0.03759,0.00806,0.01299,0.01250,0.01077,0.01027,0.00974,0.00875,0.00796,0.00745,0.00550,0.01049,0.00890,0.00414,0.00319,0.00243,0.00203,0.00167,0.00117,0.00083,0.00089,0.00098,0.00112,0.00805,0.01596
2,0.02035,0.02312,0.01799,0.01695,0.01687,0.01326,0.00505,0.00925,0.02200,0.03165,0.03719,0.04316,0.04098,0.02585,0.01868,0.01929,0.02006,0.01850,0.01616,0.01452,0.01322,0.01073,0.00712,0.00570,0.00916,0.01025,0.00696,0.00161,0.00848,0.01595,0.01991,0.01799,0.01044,0.00442,0.01661,0.03442,0.00787,0.08312,0.07242,0.01250,0.02252,0.01166,0.01104,0.00993,0.00735,0.00504,0.00607,0.00788,0.00686,0.00486,0.00267,0.00533,0.00960,0.00894,0.00477,0.00138,0.00749,0.01211,0.01388,0.01240,0.00867,0.00513,0.00617,0.00848
2,0.00177,0.00001,0.00019,0.00029,0.00010,0.00004,0.00022,0.00013,0.00058,0.00034,0.00312,0.03703,0.05490,0.02024,0.00116,0.00037,0.00013,0.00016,0.00023,0.00009,0.00004,0.00021,0.00029,0.00120,0.00816,0.00943,0.00230,0.00026,0.00024,0.00041,0.00015,0.00034,0.00083,0.00126,0.00322,0.00993,0.08582,0.33471,0.29350,0.04716,0.00777,0.00266,0.00136,0.00061,0.00051,0.00016,0.00028,0.00011,0.00034,0.00420,0.01208,0.00810,0.00075,0.00018,0.00002,0.00016,0.00014,0.00013,0.00011,0.00002,0.00009,0.00024,0.01323,0.02620
2,0.00293,0.00100,0.00149,0.00100,0.00021,0.00069,0.00129,0.00132,0.00136,0.00031,0.00245,0.03218,0.04846,0.01864,0.00022,0.00081,0.00038,0.00043,0.00035,0.00063,0.00126,0.00107,0.00076,0.00197,0.00812,0.00949,0.00302,0.00238,0.00156,0.00122,0.00036,0.00064,0.00094,0.00124,0.00295,0.00988,0.08236,0.32152,0.28209,0.04496,0.00820,0.00248,0.00176,0.00216,0.00100,0.00158,0.00103,0.00137,0.00105,0.00500,0.01166,0.00673,0.00142,0.00128,0.00038,0.00133,0.00151,0.00138,0.00068,0.00015,0.00017,0.00036,0.01786,0.03553
2,0.00367,0.00014,0.00010,0.00023,0.00028,0.00028,0.00007,0.00013,0.00042,0.00060,0.00256,0.03103,0.04595,0.01692,0.00107,0.00016,0.00022,0.00014,0.00004,0.00008,0.00027,0.00042,0.00007,0.00084,0.00542,0.00644,0.00149,0.00028,0.00010,0.00029,0.00032,0.00046,0.00075,0.00140,0.00342,0.01017,0.08961,0.34922,0.30637,0.04923,0.00810,0.00290,0.00143,0.00064,0.00038,0.00041,0.00028,0.00019,0.00013,0.00391,0.01061,0.00694,0.00046,0.00009,0.00034,0.00019,0.00013,0.00012,0.00032,0.00029,0.00004,0.00009,0.01049,0.02087
2,0.00149,0.00166,0.00121,0.00099,0.00085,0.00013,0.00022,0.00039,0.00082,0.00205,0.00237,0.03321,0.05065,0.01962,0.00104,0.00181,0.00083,0.00048,0.00027,0.00054,0.00097,0.00115,0.00090,0.00295,0.01128,0.01280,0.00405,0.00136,0.00099,0.00116,0.00047,0.00050,0.00082,0.00082,0.00332,0.01018,0.08084,0.31678,0.27730,0.04331,0.00918,0.00169,0.00152,0.00059,0.00037,0.00075,0.00109,0.00071,0.00158,0.00477,0.01386,0.00925,0.00168,0.00094,0.00098,0.00097,0.00040,0.00033,0.00061,0.00103,0.00129,0.00138,0.01799,0.03449
2,0.00167,0.00120,0.00097,0.00107,0.00190,0.00309,0.00230,0.00103,0.00131,0.00119,0.00285,0.02711,0.03845,0.01298,0.00138,0.00146,0.00100,0.00099,0.00267,0.00265,0.00189,0.00122,0.00112,0.00026,0.00473,0.00588,0.00232,0.00124,0.00074,0.00121,0.00248,0.00256,0.00226,0.00071,0.00419,0.00964,0.08476,0.33165,0.29144,0.04739,0.00689,0.00386,0.00126,0.00229,0.00281,0.00252,0.00125,0.00103,0.00108,0.00557,0.01230,0.00800,0.00176,0.00141,0.00127,0.00189,0.00318,0.00280,0.00140,0.00163,0.00142,0.00077,0.00965,0.01900
2,0.00371,0.00100,0.00120,0.00092,0.00080,0.00084,0.00128,0.00140,0.00123,0.00127,0.00281,0.03774,0.05606,0.02019,0.00202,0.00063,0.00132,0.00115,0.00096,0.00074,0.00053,0.00083,0.00092,0.00188,0.00976,0.01117,0.00259,0.00155,0.00115,0.00098,0.00102,0.00085,0.00179,0.00044,0.00348,0.00866,0.08028,0.31067,0.27203,0.04332,0.00762,0.00241,0.00207,0.00040,0.00110,0.00050,0.00104,0.00120,0.00109,0.00570,0.01359,0.00948,0.00182,0.00118,0.00088,0.00096,0.00117,0.00134,0.00122,0.00106,0.00067,0.00077,0.01753,0.03402
2,0.00140,0.00095,0.00136,0.00126,0.00182,0.00248,0.00234,0.00179,0.00119,0.00222,0.00130,0.02410,0.03687,0.01454,0.00055,0.00082,0.00084,0.00141,0.00152,0.00070,0.00043,0.00061,0.00109,0.00079,0.00526,0.00626,0.00205,0.00237,0.00189,0.00185,0.00293,0.00187,0.00172,0.00139,0.00330,0.01026,0.09043,0.35196,0.30942,0.05135,0.00628,0.00483,0.00044,0.00170,0.00102,0.00158,0.00103,0.00102,0.00168,0.00240,0.00815,0.00566,0.00091,0.00128,0.00167,0.00079,0.00124,0.00216,0.00133,0.00043,0.00105,0.00107,0.00234,0.00326
2,0.00188,0.00010,0.00003,0.00010,0.00007,0.00008,0.00009,0.00028,0.00048,0.00061,0.00294,0.03792,0.05673,0.02109,0.00107,0.00049,0.00005,0.00017,0.00020,0.00001,0.00015,0.00012,0.00042,0.00220,0.01389,0.01608,0.00430,0.00027,0.00026,0.00017,0.00039,0.00046,0.00048,0.00137,0.00285,0.00911,0.07889,0.30696,0.26908,0.04326,0.00719,0.00249,0.00119,0.00077,0.00038,0.00023,0.00022,0.00016,0.00040,0.00660,0.01804,0.01226,0.00111,0.00017,0.00017,0.00018,0.00003,0.00018,0.00024,0.00012,0.00011,0.00039,0.02434,0.04794
2,0.00249,0.00052,0.00028,0.00015,0.00018,0.00029,0.00057,0.00024,0.00036,0.00051,0.00233,0.03033,0.04525,0.01678,0.00119,0.00018,0.00010,0.00035,0.00038,0.00047,0.00023,0.00012,0.00015,0.00025,0.00306,0.00376,0.00116,0.00038,0.00055,0.00024,0.00036,0.00050,0.00096,0.00124,0.00346,0.01084,0.09342,0.36410,0.31921,0.05115,0.00871,0.00285,0.00144,0.00069,0.00024,0.00084,0.00018,0.00031,0.00016,0.00361,0.00927,0.00638,0.00049,0.00011,0.00026,0.00024,0.00029,0.00012,0.00017,0.00017,0.00040,0.00053,0.00165,0.00282
2,0.00259,0.00000,0.00012,0.00010,0.00009,0.00008,0.00010,0.00012,0.00031,0.00067,0.00293,0.03800,0.05663,0.02102,0.00116,0.00032,0.00019,0.00008,0.00017,0.00018,0.00011,0.00025,0.00033,0.00232,0.01393,0.01594,0.00408,0.00035,0.00014,0.00009,0.00029,0.00039,0.00062,0.00141,0.00273,0.00917,0.07940,0.30908,0.27089,0.04341,0.00721,0.00252,0.00114,0.00071,0.00037,0.00033,0.00007,0.00007,0.00024,0.00667,0.01807,0.01201,0.00099,0.00023,0.00022,0.00014,0.00007,0.00002,0.00011,0.00012,0.00011,0.00036,0.02303,0.04539
2,0.00270,0.00062,0.00050,0.00059,0.00033,0.00015,0.00040,0.00015,0.00054,0.00079,0.00186,0.02802,0.04284,0.01637,0.00063,0.00097,0.00059,0.00082,0.00095,0.00033,0.00057,0.00037,0.00018,0.00149,0.00771,0.00832,0.00172,0.00033,0.00069,0.00033,0.00047,0.00080,0.00081,0.00236,0.00254,0.01019,0.08869,0.34606,0.30335,0.04822,0.00826,0.00309,0.00113,0.00076,0.00051,0.00089,0.00058,0.00052,0.00061,0.00416,0.01150,0.00726,0.00043,0.00045,0.00019,0.00058,0.00035,0.00026,0.00052,0.00061,0.00043,0.00023,0.01051,0.02081
2,0.00294,0.00025,0.00046,0.00024,0.00029,0.00073,0.00085,0.00057,0.00033,0.00087,0.00268,0.03733,0.05577,0.02098,0.00076,0.00047,0.00041,0.00034,0.00055,0.00042,0.00030,0.00048,0.00037,0.00237,0.01362,0.01543,0.00397,0.00074,0.00053,0.00030,0.00081,0.00043,0.00107,0.00150,0.00266,0.00885,0.07830,0.30481,0.26703,0.04232,0.00724,0.00282,0.00107,0.00061,0.00091,0.00041,0.00021,0.00027,0.00083,0.00662,0.01773,0.01180,0.00102,0.00045,0.00038,0.00058,0.00080,0.00070,0.00022,0.00043,0.00017,0.00074,0.02400,0.04683
2,0.00302,0.00028,0.00045,0.00056,0.00032,0.00017,0.00019,0.00032,0.00022,0.00087,0.00210,0.03022,0.04549,0.01715,0.00065,0.00067,0.00035,0.00008,0.00019,0.00037,0.00064,0.00034,0.00025,0.00076,0.00289,0.00324,0.00088,0.00014,0.00008,0.00034,0.00024,0.00078,0.00061,0.00146,0.00358,0.01040,0.09356,0.36336,0.31866,0.05147,0.00818,0.00287,0.00159,0.00067,0.00084,0.00035,0.00033,0.00045,0.00049,0.00422,0.01039,0.00685,0.00060,0.00014,0.00028,0.00020,0.00049,0.00051,0.00048,0.00029,0.00040,0.00053,0.00054,0.00096
2,0.00103,0.00007,0.00005,0.00003,0.00010,0.00017,0.00012,0.00033,0.00024,0.00067,0.00301,0.03973,0.05925,0.02195,0.00123,0.00053,0.00026,0.00034,0.00014,0.00004,0.00011,0.00011,0.00030,0.00154,0.00983,0.01109,0.00267,0.00048,0.00026,0.00047,0.00036,0.00044,0.00062,0.00144,0.00296,0.00965,0.08256,0.32248,0.28293,0.04552,0.00741,0.00259,0.00143,0.00052,0.00051,0.00026,0.00009,0.00027,0.00027,0.00506,0.01378,0.00935,0.00069,0.00034,0.00025,0.00024,0.00013,0.00027,0.00019,0.00011,0.00017,0.00006,0.01711,0.03381
2,0.00236,0.00020,0.00010,0.00051,0.00047,0.00031,0.00052,0.00058,0.00083,0.00020,0.00272,0.03218,0.04789,0.01731,0.00121,0.00033,0.00022,0.00033,0.00039,0.00024,0.00038,0.00027,0.00043,0.00094,0.00479,0.00534,0.00092,0.00049,0.00063,0.00038,0.00080,0.00070,0.00073,0.00206,0.00304,0.01057,0.09060,0.35324,0.30950,0.04943,0.00846,0.00317,0.00113,0.00107,0.00018,0.00068,0.00018,0.00024,0.00023,0.00367,0.00991,0.00668,0.00071,0.00045,0.00035,0.00035,0.00041,0.00024,0.00020,0.00029,0.00048,0.00058,0.00546,0.01077
2,0.00141,0.00041,0.00146,0.00088,0.00056,0.00024,0.00025,0.00070,0.00085,0.00195,0.00227,0.03910,0.05781,0.02070,0.00177,0.00104,0.00107,0.00036,0.00024,0.00047,0.00046,0.00108,0.00161,0.00209,0.01401,0.01613,0.00447,0.00085,0.00123,0.00074,0.00023,0.00024,0.00116,0.00101,0.00300,0.00950,0.07792,0.30271,0.26461,0.04281,0.00588,0.00310,0.00131,0.00043,0.00047,0.00080,0.00069,0.00154,0.00077,0.00552,0.01611,0.01064,0.00083,0.00109,0.00079,0.00036,0.00022,0.00017,0.00027,0.00068,0.00097,0.00091,0.02268,0.04435
2,0.00116,0.00054,0.00043,0.00017,0.00040,0.00078,0.00027,0.00036,0.00097,0.00064,0.00252,0.03030,0.04488,0.01615,0.00191,0.00057,0.00069,0.00021,0.00049,0.00055,0.00032,0.00027,0.00075,0.00017,0.00311,0.00376,0.00088,0.00023,0.00032,0.00056,0.00051,0.00073,0.00058,0.00160,0.00272,0.01174,0.09157,0.35949,0.31553,0.05052,0.00860,0.00341,0.00111,0.00071,0.00080,0.00013,0.00016,0.00020,0.00049,0.00352,0.00966,0.00640,0.00033,0.00096,0.00037,0.00043,0.00067,0.00044,0.00016,0.00059,0.00088,0.00095,0.00345,0.00625
2,0.00208,0.00026,0.00114,0.00127,0.00059,0.00072,0.00118,0.00100,0.00074,0.00061,0.00314,0.04152,0.06228,0.02311,0.00158,0.00071,0.00057,0.00040,0.00076,0.00079,0.00072,0.00057,0.00135,0.00159,0.01399,0.01701,0.00558,0.00089,0.00080,0.00034,0.00024,0.00119,0.00037,0.00108,0.00346,0.00856,0.07659,0.29793,0.26148,0.04246,0.00689,0.00220,0.00188,0.00168,0.00136,0.00094,0.00077,0.00072,0.00044,0.00628,0.01779,0.01211,0.00105,0.00079,0.00099,0.00037,0.00038,0.00066,0.00054,0.00051,0.00096,0.00052,0.01981,0.03973
2,0.00371,0.00027,0.00014,0.00041,0.00057,0.00029,0.00014,0.00054,0.00026,0.00048,0.00247,0.03035,0.04493,0.01623,0.00110,0.00053,0.00014,0.00032,0.00020,0.00030,0.00033,0.00020,0.00009,0.00050,0.00329,0.00384,0.00098,0.00033,0.00005,0.00028,0.00027,0.00054,0.00083,0.00156,0.00314,0.01076,0.09258,0.36074,0.31650,0.05085,0.00851,0.00291,0.00145,0.00060,0.00077,0.00018,0.00061,0.00008,0.00026,0.00370,0.00966,0.00626,0.00043,0.00019,0.00042,0.00050,0.00026,0.00020,0.00016,0.00009,0.00023,0.00021,0.00375,0.00755
2,0.00074,0.00031,0.00056,0.00032,0.00001,0.00017,0.00009,0.00028,0.00050,0.00055,0.00312,0.03741,0.05541,0.02041,0.00140,0.00018,0.00031,0.00023,0.00026,0.00011,0.00014,0.00017,0.00019,0.00235,0.01232,0.01386,0.00346,0.00082,0.00064,0.00015,0.00023,0.00056,0.00060,0.00125,0.00305,0.00888,0.08038,0.31171,0.27314,0.04364,0.00746,0.00259,0.00119,0.00062,0.00066,0.00057,0.00038,0.00018,0.00027,0.00637,0.01632,0.01058,0.00091,0.00018,0.00046,0.00035,0.00028,0.00014,0.00020,0.00024,0.00025,0.00043,0.02342,0.04605
2,0.00194,0.00032,0.00091,0.00150,0.00098,0.00116,0.00142,0.00089,0.00149,0.00160,0.00091,0.02702,0.04102,0.01471,0.00140,0.00167,0.00106,0.00080,0.00123,0.00118,0.00130,0.00135,0.00077,0.00048,0.00488,0.00541,0.00100,0.00066,0.00123,0.00089,0.00076,0.00184,0.00057,0.00205,0.00383,0.00909,0.09051,0.34813,0.30539,0.04937,0.00923,0.00137,0.00234,0.00083,0.00154,0.00081,0.00134,0.00103,0.00055,0.00310,0.00931,0.00697,0.00063,0.00083,0.00128,0.00106,0.00080,0.00112,0.00085,0.00143,0.00147,0.00117,0.00566,0.01253
2,0.00338,0.00020,0.00019,0.00013,0.00027,0.00039,0.00016,0.00026,0.00026,0.00050,0.00282,0.03485,0.05190,0.01932,0.00097,0.00041,0.00015,0.00005,0.00011,0.00013,0.00014,0.00030,0.00015,0.00180,0.01005,0.01128,0.00271,0.00042,0.00012,0.00040,0.00036,0.00052,0.00068,0.00107,0.00333,0.00935,0.08297,0.32270,0.28285,0.04525,0.00753,0.00286,0.00107,0.00079,0.00023,0.00027,0.00040,0.00034,0.00008,0.00508,0.01398,0.00924,0.00055,0.00046,0.00037,0.00020,0.00006,0.00012,0.00002,0.00017,0.00017,0.00010,0.02116,0.04186
2,0.00236,0.00045,0.00033,0.00036,0.00035,0.00001,0.00013,0.00029,0.00044,0.00055,0.00235,0.02628,0.03878,0.01435,0.00092,0.00034,0.00028,0.00026,0.00019,0.00020,0.00026,0.00047,0.00036,0.00111,0.00657,0.00773,0.00228,0.00032,0.00049,0.00046,0.00053,0.00072,0.00075,0.00181,0.00299,0.01050,0.09043,0.35357,0.31036,0.04946,0.00827,0.00310,0.00172,0.00029,0.00064,0.00026,0.00048,0.00026,0.00051,0.00420,0.01114,0.00737,0.00030,0.00037,0.00032,0.00019,0.00036,0.00005,0.00029,0.00015,0.00007,0.00005,0.00975,0.01948
2,0.01456,0.00549,0.00545,0.00592,0.00517,0.00476,0.00459,0.00490,0.00450,0.00397,0.00563,0.02273,0.03479,0.01586,0.00330,0.00257,0.00270,0.00194,0.00244,0.00262,0.00315,0.00301,0.00343,0.00377,0.00848,0.00312,0.00537,0.00411,0.00483,0.00492,0.00428,0.00490,0.00451,0.00435,0.00512,0.01236,0.07852,0.28376,0.24979,0.04419,0.01092,0.00573,0.00334,0.00298,0.00383,0.00358,0.00271,0.00297,0.00318,0.00562,0.00884,0.00923,0.00231,0.00225,0.00165,0.00140,0.00137,0.00162,0.00113,0.00089,0.00120,0.00159,0.01152,0.02034
2,0.00230,0.00046,0.00047,0.00028,0.00009,0.00009,0.00029,0.00020,0.00027,0.00092,0.00217,0.03224,0.04815,0.01785,0.00094,0.00039,0.00034,0.00018,0.00018,0.00021,0.00020,0.00029,0.00032,0.00085,0.00460,0.00519,0.00152,0.00019,0.00041,0.00025,0.00062,0.00034,0.00089,0.00140,0.00336,0.01052,0.09143,0.35547,0.31132,0.04966,0.00851,0.00272,0.00149,0.00069,0.00060,0.00010,0.00046,0.00010,0.00022,0.00367,0.00982,0.00657,0.00053,0.00015,0.00009,0.00024,0.00006,0.00014,0.00017,0.00012,0.00011,0.00031,0.00556,0.01076
2,0.00299,0.00115,0.00155,0.00163,0.00148,0.00149,0.00113,0.00057,0.00050,0.00154,0.00209,0.03911,0.05944,0.02243,0.00155,0.00088,0.00022,0.00074,0.00118,0.00146,0.00150,0.00175,0.00117,0.00204,0.01414,0.01647,0.00491,0.00106,0.00148,0.00166,0.00113,0.00139,0.00116,0.00110,0.00212,0.00934,0.07437,0.29230,0.25729,0.04213,0.00597,0.00291,0.00114,0.00130,0.00092,0.00164,0.00148,0.00166,0.00149,0.00614,0.01778,0.01191,0.00108,0.00166,0.00162,0.00151,0.00137,0.00112,0.00071,0.00022,0.00077,0.00099,0.02132,0.04166
2,0.00253,0.00025,0.00045,0.00074,0.00054,0.00033,0.00040,0.00026,0.00074,0.00120,0.00200,0.02905,0.04373,0.01631,0.00148,0.00060,0.00051,0.00042,0.00054,0.00029,0.00092,0.00100,0.00058,0.00075,0.00376,0.00428,0.00110,0.00024,0.00076,0.00068,0.00017,0.00075,0.00070,0.00163,0.00248,0.01126,0.09147,0.35602,0.31212,0.04996,0.00893,0.00246,0.00160,0.00063,0.00052,0.00064,0.00036,0.00074,0.00044,0.00386,0.01022,0.00690,0.00095,0.00079,0.00091,0.00075,0.00028,0.00010,0.00027,0.00051,0.00095,0.00042,0.00452,0.00924
2,0.00163,0.00019,0.00013,0.00017,0.00010,0.00007,0.00010,0.00044,0.00005,0.00066,0.00260,0.03425,0.05103,0.01878,0.00141,0.00013,0.00020,0.00010,0.00024,0.00025,0.00032,0.00006,0.00044,0.00175,0.01168,0.01331,0.00346,0.00064,0.00012,0.00031,0.00009,0.00078,0.00038,0.00144,0.00303,0.00940,0.08274,0.32193,0.28230,0.04529,0.00756,0.00263,0.00133,0.00056,0.00060,0.00010,0.00053,0.00034,0.00048,0.00622,0.01653,0.01120,0.00089,0.00030,0.00019,0.00012,0.00007,0.00011,0.00004,0.00007,0.00022,0.00013,0.01937,0.03839
2,0.00329,0.00082,0.00200,0.00295,0.00224,0.00052,0.00076,0.00007,0.00045,0.00162,0.00149,0.02766,0.04177,0.01587,0.00087,0.00088,0.00022,0.00058,0.00048,0.00111,0.00257,0.00270,0.00185,0.00154,0.00722,0.00723,0.00068,0.00131,0.00241,0.00285,0.00124,0.00012,0.00153,0.00135,0.00388,0.00849,0.08513,0.33094,0.28999,0.04636,0.00698,0.00299,0.00142,0.00153,0.00025,0.00177,0.00293,0.00220,0.00084,0.00373,0.01136,0.00867,0.00144,0.00158,0.00282,0.00232,0.00044,0.00094,0.00049,0.00020,0.00150,0.00091,0.01276,0.02487
2,0.00319,0.00033,0.00026,0.00021,0.00021,0.00008,0.00012,0.00041,0.00035,0.00066,0.00221,0.02748,0.04071,0.01518,0.00072,0.00049,0.00021,0.00015,0.00015,0.00023,0.00030,0.00037,0.00036,0.00103,0.00751,0.00860,0.00237,0.00027,0.00038,0.00034,0.00033,0.00050,0.00072,0.00141,0.00323,0.01049,0.08919,0.34817,0.30542,0.04904,0.00813,0.00281,0.00147,0.00063,0.00051,0.00030,0.00023,0.00031,0.00019,0.00440,0.01140,0.00770,0.00048,0.00037,0.00033,0.00035,0.00026,0.00023,0.00024,0.00021,0.00020,0.00006,0.01203,0.02381
2,0.00088,0.00045,0.00031,0.00025,0.00008,0.00003,0.00032,0.00040,0.00058,0.00025,0.00256,0.03247,0.04907,0.01892,0.00079,0.00017,0.00033,0.00047,0.00033,0.00031,0.00026,0.00046,0.00007,0.00082,0.00827,0.01025,0.00306,0.00007,0.00085,0.00021,0.00008,0.00053,0.00074,0.00166,0.00302,0.00977,0.08464,0.33015,0.28927,0.04619,0.00739,0.00298,0.00171,0.00027,0.00060,0.00018,0.00038,0.00054,0.00012,0.00577,0.01339,0.00839,0.00058,0.00032,0.00037,0.00031,0.00054,0.00028,0.00022,0.00019,0.00041,0.00046,0.01881,0.03643
2,0.00353,0.00036,0.00043,0.00050,0.00037,0.00015,0.00034,0.00036,0.00056,0.00029,0.00259,0.02817,0.04174,0.01520,0.00148,0.00031,0.00030,0.00023,0.00045,0.00047,0.00019,0.00025,0.00058,0.00105,0.00582,0.00642,0.00155,0.00058,0.00024,0.00051,0.00058,0.00034,0.00106,0.00105,0.00353,0.01014,0.09108,0.35355,0.31001,0.04980,0.00843,0.00250,0.00194,0.00036,0.00066,0.00050,0.00028,0.00054,0.00006,0.00465,0.01175,0.00787,0.00059,0.00035,0.00023,0.00027,0.00013,0.00014,0.00006,0.00018,0.00017,0.00033,0.00741,0.01445
2,0.00039,0.00011,0.00016,0.00026,0.00029,0.00020,0.00025,0.00008,0.00043,0.00056,0.00270,0.03602,0.05377,0.02004,0.00095,0.00049,0.00005,0.00016,0.00009,0.00018,0.00027,0.00018,0.00052,0.00232,0.01377,0.01557,0.00400,0.00037,0.00031,0.00010,0.00050,0.00055,0.00038,0.00149,0.00284,0.00932,0.08141,0.31651,0.27741,0.04447,0.00738,0.00272,0.00118,0.00053,0.00073,0.00011,0.00041,0.00025,0.00040,0.00677,0.01841,0.01251,0.00103,0.00026,0.00005,0.00012,0.00007,0.00014,0.00017,0.00007,0.00020,0.00000,0.01918,0.03789
2,0.00299,0.00139,0.00193,0.00237,0.00170,0.00158,0.00131,0.00203,0.00301,0.00325,0.00206,0.02336,0.03453,0.01295,0.00133,0.00110,0.00099,0.00038,0.00131,0.00216,0.00197,0.00253,0.00210,0.00151,0.00406,0.00413,0.00076,0.00134,0.00187,0.00129,0.00056,0.00121,0.00189,0.00245,0.00264,0.01125,0.08960,0.35108,0.30783,0.04882,0.00872,0.00276,0.00102,0.00166,0.00019,0.00044,0.00125,0.00160,0.00199,0.00222,0.00740,0.00431,0.00193,0.00152,0.00100,0.00017,0.00093,0.00079,0.00111,0.00166,0.00146,0.00173,0.00428,0.00924
2,0.00051,0.00025,0.00034,0.00012,0.00014,0.00025,0.00016,0.00025,0.00021,0.00060,0.00279,0.03462,0.05152,0.01924,0.00102,0.00026,0.00028,0.00023,0.00028,0.00013,0.00013,0.00008,0.00031,0.00188,0.01084,0.01227,0.00312,0.00048,0.00022,0.00025,0.00033,0.00027,0.00107,0.00123,0.00308,0.00967,0.08395,0.32708,0.28688,0.04608,0.00768,0.00262,0.00144,0.00046,0.00039,0.00045,0.00026,0.00047,0.00027,0.00540,0.01428,0.00937,0.00040,0.00050,0.00025,0.00036,0.00029,0.00007,0.00007,0.00024,0.00039,0.00027,0.01730,0.03436
2,0.00373,0.00022,0.00017,0.00016,0.00012,0.00009,0.00023,0.00019,0.00036,0.00054,0.00235,0.02970,0.04420,0.01631,0.00100,0.00033,0.00008,0.00011,0.00016,0.00018,0.00028,0.00022,0.00036,0.00120,0.00725,0.00832,0.00209,0.00016,0.00016,0.00028,0.00056,0.00047,0.00076,0.00123,0.00331,0.01030,0.08816,0.34397,0.30158,0.04826,0.00802,0.00310,0.00126,0.00045,0.00046,0.00051,0.00014,0.00023,0.00013,0.00479,0.01274,0.00829,0.00060,0.00016,0.00029,0.00026,0.00025,0.00011,0.00030,0.00028,0.00021,0.00007,0.01278,0.02539
2,0.00281,0.00011,0.00011,0.00010,0.00020,0.00024,0.00004,0.00017,0.00024,0.00053,0.00253,0.03309,0.04953,0.01852,0.00095,0.00038,0.00004,0.00027,0.00031,0.00019,0.00009,0.00008,0.00035,0.00153,0.01017,0.01158,0.00294,0.00063,0.00028,0.00004,0.00057,0.00031,0.00078,0.00123,0.00316,0.00968,0.08411,0.32765,0.28722,0.04589,0.00790,0.00260,0.00121,0.00077,0.00033,0.00048,0.00030,0.00026,0.00044,0.00542,0.01447,0.00976,0.00070,0.00013,0.00007,0.00017,0.00037,0.00032,0.00019,0.00020,0.00024,0.00024,0.01842,0.03634
2,0.00165,0.00024,0.00084,0.00088,0.00027,0.00030,0.00053,0.00067,0.00064,0.00034,0.00197,0.02415,0.03609,0.01355,0.00051,0.00088,0.00060,0.00033,0.00025,0.00059,0.00058,0.00069,0.00022,0.00039,0.00391,0.00479,0.00142,0.00049,0.00059,0.00049,0.00053,0.00051,0.00078,0.00201,0.00257,0.01164,0.09398,0.36756,0.32231,0.05156,0.00861,0.00332,0.00146,0.00075,0.00041,0.00043,0.00094,0.00060,0.00069,0.00310,0.00980,0.00658,0.00053,0.00051,0.00068,0.00045,0.00069,0.00044,0.00059,0.00037,0.00024,0.00029,0.00198,0.00422
2,0.00136,0.00111,0.00096,0.00097,0.00060,0.00027,0.00069,0.00097,0.00078,0.00156,0.00300,0.04011,0.05960,0.02164,0.00252,0.00113,0.00142,0.00095,0.00082,0.00027,0.00071,0.00081,0.00092,0.00238,0.01418,0.01586,0.00381,0.00141,0.00065,0.00120,0.00010,0.00047,0.00138,0.00155,0.00369,0.00794,0.07728,0.29874,0.26163,0.04166,0.00737,0.00291,0.00116,0.00118,0.00075,0.00082,0.00057,0.00100,0.00031,0.00666,0.01646,0.01124,0.00134,0.00101,0.00098,0.00103,0.00027,0.00079,0.00091,0.00112,0.00119,0.00093,0.02135,0.04153
2,0.00097,0.00221,0.00163,0.00126,0.00086,0.00083,0.00100,0.00147,0.00137,0.00133,0.00299,0.03006,0.04292,0.01482,0.00178,0.00109,0.00050,0.00018,0.00045,0.00054,0.00059,0.00062,0.00094,0.00098,0.00271,0.00370,0.00086,0.00038,0.00072,0.00061,0.00108,0.00060,0.00119,0.00071,0.00394,0.01059,0.09116,0.35502,0.31079,0.04832,0.01006,0.00339,0.00088,0.00094,0.00042,0.00113,0.00082,0.00077,0.00070,0.00272,0.00827,0.00472,0.00070,0.00021,0.00080,0.00091,0.00085,0.00111,0.00170,0.00136,0.00057,0.00021,0.00433,0.00864
2,0.00258,0.00028,0.00027,0.00012,0.00014,0.00015,0.00010,0.00038,0.00012,0.00074,0.00278,0.03425,0.05065,0.01874,0.00096,0.00035,0.00027,0.00012,0.00009,0.00042,0.00040,0.00012,0.00037,0.00106,0.00685,0.00789,0.00187,0.00037,0.00010,0.00000,0.00070,0.00020,0.00081,0.00141,0.00338,0.00978,0.08837,0.34334,0.30126,0.04873,0.00770,0.00289,0.00137,0.00075,0.00034,0.00028,0.00031,0.00013,0.00025,0.00409,0.01138,0.00750,0.00053,0.00023,0.00043,0.00048,0.00052,0.00036,0.00009,0.00018,0.00016,0.00017,0.00991,0.01944
2,0.00377,0.00026,0.00027,0.00057,0.00045,0.00052,0.00073,0.00054,0.00087,0.00021,0.00187,0.02479,0.03692,0.01358,0.00078,0.00052,0.00025,0.00052,0.00068,0.00009,0.00057,0.00058,0.00026,0.00066,0.00407,0.00427,0.00109,0.00014,0.00055,0.00059,0.00054,0.00025,0.00151,0.00115,0.00324,0.01127,0.09418,0.36704,0.32157,0.05143,0.00888,0.00274,0.00161,0.00061,0.00108,0.00035,0.00046,0.00078,0.00020,0.00407,0.00992,0.00631,0.00035,0.00033,0.00066,0.00036,0.00038,0.00089,0.00075,0.00017,0.00027,0.00020,0.00198,0.00351
0,0.00163,0.00053,0.00011,0.00066,0.00076,0.00030,0.00115,0.00119,0.00092,0.00162,0.00221,0.00252,0.00246,0.00165,0.00075,0.00137,0.00209,0.00183,0.00090,0.00035,0.00109,0.00193,0.00287,0.00236,0.02175,0.02451,0.00460,0.00294,0.00174,0.00196,0.00192,0.00190,0.00174,0.00196,0.00179,0.00169,0.00168,0.00117,0.00082,0.00046,0.00013,0.00092,0.00093,0.00025,0.00067,0.00129,0.00130,0.00159,0.00948,0.15191,0.41081,0.27583,0.02129,0.00546,0.00129,0.00055,0.00075,0.00038,0.00037,0.00156,0.00142,0.00130,0.00210,0.00252
0,0.00149,0.00021,0.00017,0.00019,0.00016,0.00013,0.00010,0.00004,0.00019,0.00012,0.00012,0.00012,0.00012,0.00007,0.00011,0.00010,0.00011,0.00015,0.00007,0.00013,0.00030,0.00040,0.00053,0.00532,0.03115,0.03532,0.00918,0.00075,0.00052,0.00023,0.00010,0.00005,0.00013,0.00008,0.00014,0.00012,0.00013,0.00010,0.00009,0.00021,0.00013,0.00021,0.00013,0.00023,0.00019,0.00042,0.00115,0.00264,0.00902,0.15707,0.42407,0.28456,0.02208,0.00463,0.00200,0.00069,0.00061,0.00040,0.00026,0.00020,0.00019,0.00011,0.00014,0.00010
0,0.00138,0.00013,0.00042,0.00052,0.00042,0.00064,0.00011,0.00021,0.00029,0.00028,0.00013,0.00016,0.00025,0.00047,0.00046,0.00056,0.00013,0.00035,0.00024,0.00062,0.00035,0.00009,0.00035,0.00270,0.01671,0.01895,0.00453,0.00074,0.00050,0.00078,0.00019,0.00026,0.00016,0.00037,0.00067,0.00030,0.00029,0.00031,0.00035,0.00050,0.00039,0.00028,0.00020,0.00028,0.00067,0.00066,0.00117,0.00255,0.00939,0.16208,0.43772,0.29372,0.02268,0.00502,0.00181,0.00126,0.00069,0.00057,0.00007,0.00031,0.00058,0.00015,0.00033,0.00052
0,0.00158,0.00006,0.00009,0.00027,0.00027,0.00006,0.00024,0.00023,0.00007,0.00014,0.00017,0.00022,0.00024,0.00018,0.00008,0.00006,0.00016,0.00014,0.00017,0.00024,0.00024,0.00004,0.00027,0.00194,0.01170,0.01323,0.00316,0.00070,0.00010,0.00020,0.00014,0.00017,0.00014,0.00013,0.00015,0.00015,0.00013,0.00020,0.00010,0.00008,0.00022,0.00012,0.00020,0.00027,0.00030,0.00071,0.00094,0.00259,0.00986,0.16566,0.44785,0.30060,0.02322,0.00514,0.00173,0.00121,0.00039,0.00048,0.00013,0.00013,0.00020,0.00020,0.00019,0.00003
0,0.00102,0.00018,0.00013,0.00019,0.00028,0.00021,0.00013,0.00033,0.00022,0.00012,0.00006,0.00016,0.00015,0.00017,0.00017,0.00023,0.00022,0.00014,0.00013,0.00022,0.00017,0.00014,0.00073,0.00354,0.02237,0.02553,0.00663,0.00074,0.00014,0.00021,0.00005,0.00018,0.00012,0.00014,0.00019,0.00016,0.00015,0.00019,0.00019,0.00023,0.00015,0.00039,0.00019,0.00019,0.00030,0.00057,0.00102,0.00258,0.00946,0.16060,0.43416,0.29140,0.02247,0.00519,0.00175,0.00084,0.00059,0.00045,0.00031,0.00018,0.00024,0.00019,0.00018,0.00034
0,0.00069,0.00077,0.00045,0.00039,0.00041,0.00093,0.00056,0.00046,0.00101,0.00084,0.00047,0.00046,0.00060,0.00076,0.00058,0.00083,0.00060,0.00039,0.00024,0.00039,0.00021,0.00096,0.00059,0.00261,0.02002,0.02307,0.00626,0.00053,0.00021,0.00041,0.00073,0.00058,0.00040,0.00101,0.00127,0.00075,0.00067,0.00091,0.00095,0.00086,0.00102,0.00115,0.00044,0.00032,0.00069,0.00017,0.00114,0.00260,0.00979,0.15790,0.42698,0.28678,0.02281,0.00491,0.00147,0.00073,0.00106,0.00020,0.00063,0.00079,0.00111,0.00066,0.00079,0.00100
0,0.00192,0.00116,0.00156,0.00031,0.00144,0.00205,0.00142,0.00209,0.00161,0.00075,0.00111,0.00118,0.00109,0.00126,0.00104,0.00112,0.00095,0.00119,0.00165,0.00201,0.00075,0.00014,0.00213,0.00383,0.02627,0.03000,0.00839,0.00117,0.00043,0.00062,0.00080,0.00110,0.00032,0.00105,0.00160,0.00094,0.00115,0.00128,0.00039,0.00130,0.00096,0.00058,0.00051,0.00165,0.00101,0.00124,0.00137,0.00276,0.00845,0.15184,0.40851,0.27348,0.02070,0.00385,0.00274,0.00190,0.00124,0.00207,0.00051,0.00011,0.00088,0.00129,0.00040,0.00144
0,0.00102,0.00022,0.00017,0.00022,0.00032,0.00039,0.00026,0.00018,0.00016,0.00002,0.00013,0.00013,0.00026,0.00014,0.00011,0.00012,0.00007,0.00016,0.00029,0.00021,0.00028,0.00022,0.00075,0.00413,0.02488,0.02822,0.00737,0.00060,0.00049,0.00010,0.00025,0.00030,0.00014,0.00026,0.00029,0.00007,0.00012,0.00021,0.00007,0.00024,0.00017,0.00007,0.00025,0.00026,0.00025,0.00065,0.00085,0.00276,0.00918,0.15963,0.43122,0.28938,0.02216,0.00516,0.00152,0.00114,0.00044,0.00041,0.00034,0.00007,0.00007,0.00011,0.00008,0.00027
0,0.00168,0.00021,0.00017,0.00012,0.00006,0.00014,0.00012,0.00006,0.00007,0.00019,0.00017,0.00028,0.00029,0.00020,0.00029,0.00026,0.00012,0.00025,0.00021,0.00013,0.00012,0.00059,0.00064,0.00495,0.03055,0.03487,0.00885,0.00137,0.00035,0.00046,0.00032,0.00019,0.00015,0.00028,0.00031,0.00031,0.00016,0.00013,0.00012,0.00013,0.00031,0.00019,0.00034,0.00012,0.00030,0.00061,0.00102,0.00248,0.00914,0.15659,0.42300,0.28388,0.02199,0.00469,0.00194,0.00091,0.00054,0.00042,0.00030,0.00047,0.00023,0.00039,0.00012,0.00014
0,0.00067,0.00028,0.00028,0.00015,0.00016,0.00021,0.00013,0.00017,0.00011,0.00020,0.00016,0.00019,0.00005,0.00012,0.00024,0.00031,0.00019,0.00001,0.00004,0.00017,0.00016,0.00017,0.00052,0.00131,0.00958,0.01102,0.00284,0.00035,0.00010,0.00009,0.00030,0.00021,0.00006,0.00026,0.00031,0.00018,0.00014,0.00031,0.00041,0.00030,0.00008,0.00016,0.00010,0.00011,0.00057,0.00021,0.00130,0.00254,0.00989,0.16657,0.45038,0.30223,0.02327,0.00510,0.00213,0.00084,0.00067,0.00033,0.00019,0.00016,0.00028,0.00018,0.00016,0.00011
0,0.00132,0.00047,0.00117,0.00045,0.00059,0.00044,0.00041,0.00116,0.00086,0.00071,0.00134,0.00087,0.00011,0.00084,0.00082,0.00067,0.00079,0.00097,0.00071,0.00063,0.00038,0.00085,0.00153,0.00162,0.01171,0.01343,0.00364,0.00104,0.00091,0.00009,0.00058,0.00046,0.00074,0.00110,0.00072,0.00079,0.00124,0.00043,0.00035,0.00099,0.00051,0.00083,0.00125,0.00078,0.00046,0.00089,0.00113,0.00283,0.00930,0.16089,0.43470,0.29186,0.02253,0.00536,0.00194,0.00094,0.00041,0.00069,0.00125,0.00100,0.00053,0.00102,0.00091,0.00005
0,0.00016,0.00011,0.00019,0.00008,0.00009,0.00011,0.00014,0.00026,0.00016,0.00016,0.00018,0.00005,0.00013,0.00028,0.00028,0.00025,0.00008,0.00009,0.00016,0.00034,0.00031,0.00012,0.00077,0.00263,0.01727,0.01969,0.00500,0.00085,0.00019,0.00024,0.00013,0.00013,0.00020,0.00015,0.00027,0.00020,0.00027,0.00020,0.00008,0.00008,0.00016,0.00032,0.00020,0.00031,0.00049,0.00027,0.00137,0.00229,0.00969,0.16323,0.44103,0.29589,0.02282,0.00508,0.00181,0.00110,0.00036,0.00057,0.00012,0.00035,0.00017,0.00007,0.00011,0.00011
0,0.00158,0.00018,0.00032,0.00052,0.00048,0.00041,0.00022,0.00017,0.00015,0.00016,0.00016,0.00062,0.00068,0.00042,0.00017,0.00037,0.00035,0.00027,0.00030,0.00031,0.00034,0.00009,0.00064,0.00299,0.01952,0.02236,0.00568,0.00079,0.00033,0.00065,0.00042,0.00019,0.00008,0.00016,0.00007,0.00012,0.00030,0.00043,0.00014,0.00018,0.00033,0.00026,0.00022,0.00023,0.00030,0.00064,0.00081,0.00260,0.00974,0.16101,0.43560,0.29247,0.02270,0.00494,0.00184,0.00093,0.00061,0.00029,0.00015,0.00030,0.00018,0.00007,0.00027,0.00019
0,0.00090,0.00057,0.00062,0.00028,0.00095,0.00138,0.00096,0.00099,0.00095,0.00041,0.00021,0.00062,0.00105,0.00060,0.00024,0.00045,0.00080,0.00075,0.00094,0.00132,0.00023,0.00070,0.00117,0.00354,0.02395,0.02812,0.00785,0.00026,0.00114,0.00022,0.00114,0.00107,0.00076,0.00083,0.00063,0.00035,0.00029,0.00112,0.00091,0.00012,0.00052,0.00107,0.00091,0.00098,0.00105,0.00174,0.00099,0.00183,0.00975,0.15479,0.41930,0.28156,0.02159,0.00508,0.00186,0.00106,0.00149,0.00065,0.00093,0.00067,0.00088,0.00024,0.00061,0.00107
0,0.00169,0.00080,0.00053,0.00023,0.00066,0.00069,0.00031,0.00048,0.00028,0.00057,0.00071,0.00046,0.00026,0.00051,0.00062,0.00040,0.00034,0.00045,0.00027,0.00051,0.00017,0.00034,0.00052,0.00463,0.02679,0.03042,0.00742,0.00152,0.00030,0.00021,0.00031,0.00037,0.00089,0.00070,0.00047,0.00047,0.00055,0.00026,0.00040,0.00069,0.00083,0.00068,0.00071,0.00035,0.00069,0.00097,0.00117,0.00271,0.00843,0.15656,0.42175,0.28287,0.02167,0.00496,0.00157,0.00150,0.00022,0.00071,0.00067,0.00033,0.00060,0.00063,0.00060,0.00062
0,0.00092,0.00016,0.00024,0.00027,0.00029,0.00020,0.00008,0.00009,0.00010,0.00004,0.00022,0.00030,0.00024,0.00013,0.00003,0.00017,0.00019,0.00024,0.00012,0.00015,0.00019,0.00036,0.00056,0.00355,0.02229,0.02546,0.00654,0.00077,0.00017,0.00021,0.00008,0.00004,0.00004,0.00002,0.00012,0.00007,0.00002,0.00004,0.00017,0.00011,0.00019,0.00013,0.00005,0.00026,0.00014,0.00075,0.00089,0.00272,0.00930,0.16118,0.43525,0.29208,0.02257,0.00495,0.00181,0.00108,0.00039,0.00048,0.00016,0.00018,0.00015,0.00012,0.00006,0.00013
0,0.00209,0.00025,0.00015,0.00013,0.00018,0.00018,0.00005,0.00011,0.00012,0.00014,0.00023,0.00020,0.00020,0.00019,0.00020,0.00030,0.00015,0.00002,0.00004,0.00003,0.00008,0.00038,0.00071,0.00398,0.02435,0.02763,0.00712,0.00065,0.00052,0.00013,0.00014,0.00002,0.00008,0.00028,0.00036,0.00022,0.00013,0.00012,0.00017,0.00008,0.00009,0.00007,0.00024,0.00008,0.00032,0.00057,0.00099,0.00265,0.00926,0.15993,0.43191,0.28982,0.02241,0.00492,0.00173,0.00108,0.00055,0.00035,0.00013,0.00017,0.00026,0.00009,0.00022,0.00004
0,0.00165,0.00121,0.00088,0.00031,0.00039,0.00030,0.00010,0.00021,0.00009,0.00029,0.00012,0.00006,0.00018,0.00004,0.00035,0.00051,0.00041,0.00009,0.00023,0.00041,0.00028,0.00024,0.00139,0.00265,0.02133,0.02488,0.00695,0.00080,0.00072,0.00010,0.00046,0.00018,0.00019,0.00016,0.00044,0.00026,0.00015,0.00021,0.00016,0.00023,0.00036,0.00046,0.00035,0.00019,0.00019,0.00096,0.00092,0.00239,0.00968,0.15967,0.43191,0.29033,0.02324,0.00450,0.00199,0.00043,0.00092,0.00047,0.00031,0.00018,0.00032,0.00015,0.00033,0.00015
0,0.00201,0.00036,0.00021,0.00014,0.00026,0.00026,0.00005,0.00026,0.00015,0.00017,0.00011,0.00014,0.00025,0.00029,0.00013,0.00022,0.00047,0.00061,0.00056,0.00057,0.00054,0.00033,0.00011,0.00175,0.00936,0.01056,0.00266,0.00047,0.00024,0.00023,0.00024,0.00025,0.00009,0.00008,0.00021,0.00033,0.00020,0.00019,0.00024,0.00030,0.00049,0.00039,0.00026,0.00035,0.00047,0.00057,0.00086,0.00270,0.00983,0.16565,0.44797,0.30074,0.02333,0.00509,0.00196,0.00081,0.00081,0.00022,0.00079,0.00032,0.00017,0.00014,0.00040,0.00007
0,0.00165,0.00033,0.00022,0.00026,0.00035,0.00006,0.00019,0.00013,0.00013,0.00023,0.00027,0.00024,0.00017,0.00017,0.00030,0.00019,0.00014,0.00014,0.00021,0.00038,0.00027,0.00011,0.00034,0.00245,0.01469,0.01668,0.00419,0.00061,0.00021,0.00017,0.00030,0.00025,0.00015,0.00015,0.00011,0.00008,0.00004,0.00018,0.00018,0.00018,0.00034,0.00008,0.00029,0.00035,0.00039,0.00052,0.00113,0.00276,0.00943,0.16394,0.44317,0.29757,0.02283,0.00532,0.00192,0.00064,0.00100,0.00023,0.00028,0.00001,0.00019,0.00025,0.00026,0.00001
0,0.00056,0.00005,0.00205,0.00308,0.00174,0.00088,0.00136,0.00021,0.00132,0.00149,0.00144,0.00126,0.00129,0.00144,0.00161,0.00176,0.00109,0.00055,0.00147,0.00078,0.00247,0.00346,0.00111,0.00301,0.01791,0.02021,0.00513,0.00082,0.00302,0.00273,0.00094,0.00125,0.00075,0.00077,0.00153,0.00165,0.00157,0.00121,0.00098,0.00118,0.00155,0.00145,0.00025,0.00146,0.00164,0.00119,0.00347,0.00303,0.00903,0.15167,0.41035,0.27597,0.02191,0.00386,0.00417,0.00178,0.00134,0.00160,0.00055,0.00137,0.00174,0.00152,0.00098,0.00099
0,0.00406,0.00158,0.00130,0.00147,0.00167,0.00087,0.00182,0.00067,0.00152,0.00064,0.00114,0.00145,0.00106,0.00183,0.00046,0.00173,0.00079,0.00162,0.00170,0.00130,0.00200,0.00056,0.00180,0.00166,0.01339,0.01346,0.00421,0.00201,0.00021,0.00215,0.00114,0.00182,0.00163,0.00127,0.00220,0.00005,0.00217,0.00091,0.00182,0.00190,0.00116,0.00218,0.00041,0.00210,0.00095,0.00190,0.00277,0.00299,0.01108,0.15340,0.41374,0.27745,0.02176,0.00621,0.00251,0.00307,0.00036,0.00261,0.00106,0.00208,0.00190,0.00065,0.00235,0.00026
0,0.01619,0.01744,0.01307,0.00959,0.00770,0.00820,0.01279,0.01915,0.02435,0.02675,0.02622,0.02337,0.01836,0.01183,0.00496,0.00344,0.00837,0.01040,0.00848,0.00282,0.00743,0.01665,0.02405,0.02586,0.02361,0.02866,0.02530,0.02049,0.01707,0.01331,0.01207,0.01226,0.01148,0.00866,0.00558,0.00631,0.00849,0.00935,0.00920,0.00846,0.00784,0.00989,0.01478,0.01852,0.01743,0.01031,0.00360,0.01762,0.03537,0.01534,0.11166,0.07555,0.01359,0.00530,0.00959,0.01564,0.01542,0.01161,0.00761,0.00596,0.00489,0.00309,0.00117,0.00044
0,0.00142,0.00010,0.00025,0.00022,0.00020,0.00032,0.00021,0.00003,0.00005,0.00004,0.00012,0.00010,0.00003,0.00003,0.00005,0.00006,0.00020,0.00020,0.00004,0.00023,0.00004,0.00029,0.00068,0.00424,0.02637,0.03018,0.00782,0.00092,0.00027,0.00019,0.00009,0.00024,0.00004,0.00008,0.00018,0.00013,0.00019,0.00013,0.00018,0.00014,0.00010,0.00024,0.00009,0.00030,0.00027,0.00061,0.00107,0.00258,0.00931,0.15909,0.42985,0.28834,0.02225,0.00473,0.00213,0.00076,0.00068,0.00028,0.00032,0.00017,0.00016,0.00017,0.00011,0.00009
0,0.00083,0.00028,0.00021,0.00019,0.00018,0.00007,0.00016,0.00001,0.00019,0.00015,0.00024,0.00017,0.00017,0.00030,0.00031,0.00011,0.00012,0.00022,0.00029,0.00009,0.00023,0.00036,0.00040,0.00400,0.02430,0.02783,0.00720,0.00089,0.00028,0.00021,0.00008,0.00020,0.00014,0.00006,0.00017,0.00015,0.00018,0.00009,0.00025,0.00042,0.00021,0.00024,0.00020,0.00012,0.00031,0.00065,0.00121,0.00238,0.00942,0.15973,0.43165,0.28983,0.02263,0.00475,0.00201,0.00075,0.00051,0.00042,0.00034,0.00030,0.00017,0.00010,0.00026,0.00008
0,0.00152,0.00007,0.00004,0.00007,0.00014,0.00017,0.00009,0.00018,0.00035,0.00025,0.00004,0.00006,0.00004,0.00004,0.00005,0.00008,0.00006,0.00012,0.00023,0.00013,0.00025,0.00016,0.00065,0.00338,0.02170,0.02489,0.00638,0.00089,0.00015,0.00005,0.00025,0.00015,0.00021,0.00015,0.00006,0.00008,0.00022,0.00025,0.00008,0.00026,0.00009,0.00015,0.00016,0.00023,0.00039,0.00040,0.00094,0.00279,0.00937,0.16113,0.43547,0.29240,0.02278,0.00484,0.00201,0.00075,0.00063,0.00031,0.00030,0.00020,0.00005,0.00025,0.00025,0.00021
0,0.00129,0.00015,0.00012,0.00018,0.00009,0.00014,0.00027,0.00021,0.00005,0.00011,0.00011,0.00012,0.00011,0.00018,0.00023,0.00015,0.00020,0.00032,0.00030,0.00010,0.00042,0.00012,0.00062,0.00400,0.02415,0.02758,0.00716,0.00070,0.00035,0.00024,0.00021,0.00036,0.00036,0.00004,0.00010,0.00011,0.00021,0.00010,0.00013,0.00029,0.00024,0.00010,0.00013,0.00010,0.00061,0.00032,0.00125,0.00233,0.00958,0.15974,0.43178,0.28986,0.02246,0.00508,0.00167,0.00096,0.00053,0.00048,0.00030,0.00019,0.00019,0.00015,0.00011,0.00018
0,0.00151,0.00043,0.00037,0.00047,0.00060,0.00050,0.00025,0.00016,0.00025,0.00082,0.00068,0.00029,0.00042,0.00071,0.00081,0.00027,0.00014,0.00010,0.00024,0.00030,0.00027,0.00015,0.00069,0.00326,0.02022,0.02271,0.00585,0.00047,0.00040,0.00028,0.00035,0.00055,0.00047,0.00015,0.00076,0.00108,0.00053,0.00021,0.00033,0.00072,0.00073,0.00005,0.00015,0.00050,0.00016,0.00085,0.00105,0.00237,0.00938,0.16011,0.43183,0.28958,0.02241,0.00477,0.00215,0.00077,0.00046,0.00068,0.00021,0.00020,0.00073,0.00101,0.00078,0.00029
0,0.00088,0.00052,0.00112,0.00286,0.00288,0.00100,0.00112,0.00256,0.00265,0.00127,0.00065,0.00227,0.00259,0.00169,0.00071,0.00229,0.00383,0.00246,0.00161,0.00249,0.00375,0.00353,0.00082,0.00320,0.02325,0.02690,0.00689,0.00060,0.00120,0.00058,0.00046,0.00044,0.00137,0.00193,0.00220,0.00108,0.00131,0.00331,0.00256,0.00121,0.00081,0.00110,0.00247,0.00110,0.00101,0.00103,0.00114,0.00397,0.00846,0.14723,0.39818,0.26691,0.02118,0.00280,0.00411,0.00119,0.00194,0.00165,0.00166,0.00246,0.00182,0.00119,0.00086,0.00169
0,0.00203,0.00070,0.00173,0.00156,0.00101,0.00080,0.00087,0.00222,0.00247,0.00065,0.00163,0.00062,0.00131,0.00044,0.00045,0.00056,0.00111,0.00043,0.00093,0.00113,0.00059,0.00016,0.00200,0.00357,0.02434,0.02768,0.00716,0.00142,0.00025,0.00085,0.00097,0.00071,0.00139,0.00168,0.00088,0.00154,0.00120,0.00094,0.00104,0.00119,0.00176,0.00084,0.00001,0.00114,0.00076,0.00094,0.00091,0.00223,0.00801,0.15344,0.41246,0.27612,0.02136,0.00297,0.00276,0.00056,0.00165,0.00171,0.00153,0.00153,0.00122,0.00128,0.00126,0.00132
0,0.00104,0.00129,0.00161,0.00168,0.00105,0.00098,0.00141,0.00130,0.00125,0.00109,0.00003,0.00062,0.00026,0.00064,0.00041,0.00126,0.00143,0.00169,0.00146,0.00102,0.00160,0.00159,0.00196,0.00304,0.02471,0.02904,0.00780,0.00149,0.00183,0.00148,0.00099,0.00121,0.00161,0.00139,0.00129,0.00058,0.00049,0.00025,0.00067,0.00036,0.00082,0.00115,0.00146,0.00185,0.00116,0.00159,0.00066,0.00403,0.00769,0.15304,0.41084,0.27477,0.02043,0.00574,0.00101,0.00205,0.00040,0.00170,0.00131,0.00130,0.00102,0.00011,0.00074,0.00022
0,0.00155,0.00011,0.00008,0.00016,0.00023,0.00009,0.00004,0.00005,0.00018,0.00020,0.00017,0.00008,0.00008,0.00016,0.00020,0.00019,0.00007,0.00019,0.00022,0.00014,0.00006,0.00055,0.00087,0.00539,0.03390,0.03850,0.00982,0.00105,0.00035,0.00024,0.00007,0.00012,0.00031,0.00035,0.00017,0.00025,0.00028,0.00008,0.00011,0.00011,0.00030,0.00012,0.00019,0.00026,0.00039,0.00043,0.00090,0.00266,0.00892,0.15563,0.42006,0.28198,0.02190,0.00493,0.00168,0.00084,0.00046,0.00050,0.00013,0.00013,0.00038,0.00020,0.00020,0.00005
0,0.00230,0.00236,0.00159,0.00058,0.00025,0.00152,0.00100,0.00133,0.00180,0.00121,0.00053,0.00058,0.00043,0.00051,0.00081,0.00157,0.00157,0.00044,0.00184,0.00087,0.00051,0.00121,0.00143,0.00667,0.02872,0.03183,0.00841,0.00180,0.00120,0.00069,0.00045,0.00159,0.00061,0.00139,0.00154,0.00087,0.00029,0.00030,0.00075,0.00041,0.00081,0.00129,0.00123,0.00092,0.00142,0.00060,0.00118,0.00170,0.01059,0.14916,0.40641,0.27337,0.02184,0.00479,0.00225,0.00045,0.00070,0.00170,0.00105,0.00172,0.00138,0.00071,0.00072,0.00024
0,0.00146,0.00028,0.00037,0.00048,0.00007,0.00039,0.00041,0.00058,0.00028,0.00107,0.00094,0.00030,0.00053,0.00038,0.00122,0.00103,0.00030,0.00084,0.00086,0.00120,0.00061,0.00084,0.00038,0.00336,0.01943,0.02246,0.00648,0.00043,0.00065,0.00097,0.00031,0.00110,0.00044,0.00030,0.00057,0.00077,0.00053,0.00056,0.00073,0.00036,0.00020,0.00050,0.00035,0.00080,0.00038,0.00058,0.00175,0.00257,0.00928,0.15825,0.42802,0.28778,0.02310,0.00418,0.00198,0.00140,0.00089,0.00036,0.00041,0.00083,0.00038,0.00038,0.00088,0.00045
0,0.00152,0.00012,0.00005,0.00005,0.00028,0.00038,0.00020,0.00010,0.00034,0.00015,0.00021,0.00015,0.00008,0.00006,0.00003,0.00013,0.00008,0.00022,0.00027,0.00015,0.00014,0.00026,0.00050,0.00265,0.01715,0.01966,0.00511,0.00051,0.00027,0.00003,0.00004,0.00025,0.00027,0.00005,0.00015,0.00013,0.00011,0.00009,0.00025,0.00019,0.00026,0.00025,0.00026,0.00024,0.00051,0.00033,0.00113,0.00269,0.00937,0.16322,0.44061,0.29567,0.02284,0.00503,0.00190,0.00088,0.00044,0.00062,0.00038,0.00014,0.00030,0.00020,0.00012,0.00025
0,0.00174,0.00403,0.00162,0.00053,0.00092,0.00102,0.00089,0.00139,0.00177,0.00176,0.00143,0.00116,0.00103,0.00082,0.00154,0.00189,0.00162,0.00102,0.00086,0.00119,0.00085,0.00053,0.00280,0.00138,0.01627,0.01989,0.00501,0.00298,0.00066,0.00056,0.00088,0.00094,0.00131,0.00189,0.00208,0.00170,0.00121,0.00104,0.00093,0.00103,0.00170,0.00210,0.00197,0.00139,0.00125,0.00119,0.00105,0.00359,0.00797,0.15436,0.41434,0.27687,0.01995,0.00601,0.00144,0.00127,0.00122,0.00137,0.00171,0.00165,0.00160,0.00133,0.00114,0.00138
0,0.00146,0.00011,0.00027,0.00066,0.00058,0.00029,0.00011,0.00042,0.00074,0.00087,0.00102,0.00056,0.00052,0.00081,0.00099,0.00086,0.00087,0.00029,0.00010,0.00040,0.00054,0.00059,0.00049,0.00298,0.01860,0.02127,0.00550,0.00052,0.00063,0.00026,0.00020,0.00024,0.00005,0.00041,0.00062,0.00092,0.00104,0.00011,0.00073,0.00117,0.00115,0.00091,0.00073,0.00008,0.00041,0.00057,0.00101,0.00266,0.00930,0.15978,0.43129,0.28898,0.02184,0.00497,0.00218,0.00082,0.00042,0.00050,0.00037,0.00075,0.00047,0.00089,0.00074,0.00033
0,0.00108,0.00017,0.00012,0.00033,0.00037,0.00061,0.00042,0.00021,0.00033,0.00039,0.00027,0.00032,0.00035,0.00040,0.00042,0.00033,0.00020,0.00018,0.00045,0.00076,0.00053,0.00061,0.00052,0.00175,0.01227,0.01415,0.00373,0.00019,0.00066,0.00069,0.00068,0.00050,0.00035,0.00028,0.00028,0.00031,0.00030,0.00037,0.00030,0.00041,0.00065,0.00053,0.00051,0.00027,0.00072,0.00074,0.00077,0.00297,0.00925,0.16397,0.44260,0.29685,0.02274,0.00498,0.00236,0.00058,0.00095,0.00035,0.00029,0.00036,0.00021,0.00030,0.00035,0.00012
0,0.00172,0.00021,0.00066,0.00064,0.00067,0.00026,0.00028,0.00044,0.00069,0.00048,0.00009,0.00071,0.00090,0.00053,0.00026,0.00049,0.00063,0.00057,0.00025,0.00069,0.00081,0.00079,0.00108,0.00263,0.01645,0.01883,0.00497,0.00080,0.00053,0.00071,0.00083,0.00008,0.00047,0.00072,0.00054,0.00039,0.00028,0.00082,0.00070,0.00016,0.00037,0.00080,0.00067,0.00071,0.00008,0.00082,0.00083,0.00295,0.00914,0.16034,0.43322,0.29100,0.02267,0.00524,0.00129,0.00159,0.00029,0.00067,0.00030,0.00058,0.00042,0.00044,0.00080,0.00105
0,0.00373,0.00087,0.00075,0.00111,0.00064,0.00083,0.00091,0.00072,0.00101,0.00066,0.00115,0.00094,0.00060,0.00084,0.00089,0.00073,0.00070,0.00108,0.00067,0.00073,0.00090,0.00065,0.00107,0.00375,0.01904,0.02340,0.00539,0.00127,0.00062,0.00110,0.00092,0.00063,0.00095,0.00097,0.00077,0.00062,0.00109,0.00105,0.00058,0.00070,0.00110,0.00066,0.00100,0.00060,0.00081,0.00041,0.00069,0.00187,0.00900,0.15692,0.42140,0.28391,0.02125,0.00447,0.00205,0.00178,0.00114,0.00131,0.00077,0.00119,0.00050,0.00084,0.00070,0.00060
0,0.00163,0.00034,0.00033,0.00032,0.00012,0.00001,0.00005,0.00011,0.00003,0.00018,0.00010,0.00007,0.00004,0.00021,0.00022,0.00019,0.00011,0.00023,0.00029,0.00017,0.00027,0.00025,0.00042,0.00318,0.01933,0.02213,0.00570,0.00079,0.00015,0.00007,0.00032,0.00038,0.00025,0.00016,0.00006,0.00001,0.00012,0.00005,0.00021,0.00023,0.00011,0.00032,0.00041,0.00041,0.00025,0.00067,0.00107,0.00265,0.00927,0.16217,0.43773,0.29371,0.02280,0.00482,0.00179,0.00114,0.00042,0.00038,0.00036,0.00014,0.00010,0.00027,0.00013,0.00006
0,0.00249,0.00013,0.00008,0.00009,0.00038,0.00031,0.00015,0.00013,0.00014,0.00013,0.00020,0.00003,0.00004,0.00012,0.00013,0.00013,0.00012,0.00014,0.00014,0.00014,0.00017,0.00029,0.00035,0.00048,0.00417,0.00467,0.00122,0.00023,0.00021,0.00027,0.00011,0.00032,0.00017,0.00013,0.00012,0.00007,0.00024,0.00016,0.00011,0.00028,0.00017,0.00004,0.00019,0.00025,0.00038,0.00044,0.00115,0.00275,0.00988,0.16897,0.45625,0.30614,0.02370,0.00498,0.00207,0.00114,0.00044,0.00053,0.00034,0.00021,0.00028,0.00034,0.00021,0.00017
0,0.00097,0.00096,0.00040,0.00132,0.00031,0.00178,0.00138,0.00071,0.00066,0.00173,0.00199,0.00176,0.00192,0.00197,0.00209,0.00153,0.00067,0.00113,0.00181,0.00113,0.00119,0.00145,0.00037,0.00232,0.01315,0.01547,0.00481,0.00021,0.00094,0.00137,0.00079,0.00172,0.00112,0.00085,0.00121,0.00195,0.00191,0.00200,0.00193,0.00191,0.00178,0.00096,0.00075,0.00140,0.00183,0.00035,0.00215,0.00234,0.00917,0.15505,0.41944,0.28081,0.02085,0.00473,0.00296,0.00075,0.00084,0.00194,0.00067,0.00042,0.00192,0.00213,0.00195,0.00193
0,0.00176,0.00024,0.00026,0.00039,0.00027,0.00036,0.00025,0.00040,0.00059,0.00027,0.00038,0.00055,0.00038,0.00045,0.00018,0.00045,0.00056,0.00025,0.00026,0.00027,0.00029,0.00022,0.00078,0.00362,0.02378,0.02722,0.00686,0.00105,0.00007,0.00033,0.00011,0.00019,0.00057,0.00076,0.00052,0.00011,0.00023,0.00016,0.00045,0.00016,0.00039,0.00042,0.00022,0.00033,0.00036,0.00069,0.00123,0.00242,0.00936,0.15892,0.42910,0.28779,0.02224,0.00477,0.00211,0.00060,0.00050,0.00075,0.00032,0.00057,0.00048,0.00006,0.00029,0.00011
0,0.00094,0.00022,0.00011,0.00014,0.00014,0.00010,0.00008,0.00016,0.00012,0.00012,0.00024,0.00020,0.00007,0.00009,0.00011,0.00010,0.00004,0.00013,0.00003,0.00021,0.00016,0.00038,0.00055,0.00368,0.02306,0.02621,0.00673,0.00062,0.00036,0.00003,0.00022,0.00012,0.00009,0.00014,0.00006,0.00029,0.00031,0.00011,0.00024,0.00024,0.00017,0.00010,0.00013,0.00027,0.00027,0.00077,0.00102,0.00251,0.00938,0.16065,0.43405,0.29134,0.02253,0.00495,0.00195,0.00098,0.00029,0.00040,0.00034,0.00018,0.00016,0.00028,0.00018,0.00017
0,0.00167,0.00039,0.00007,0.00011,0.00026,0.00024,0.00014,0.00017,0.00034,0.00037,0.00020,0.00017,0.00017,0.00016,0.00008,0.00014,0.00008,0.00016,0.00015,0.00018,0.00008,0.00011,0.00072,0.00330,0.02127,0.02440,0.00643,0.00051,0.00018,0.00053,0.00037,0.00024,0.00004,0.00004,0.00017,0.00028,0.00023,0.00014,0.00022,0.00021,0.00021,0.00015,0.00028,0.00017,0.00034,0.00065,0.00098,0.00268,0.00953,0.16080,0.43506,0.29201,0.02252,0.00498,0.00177,0.00105,0.00049,0.00035,0.00026,0.00031,0.00021,0.00015,0.00029,0.00006
0,0.00107,0.00177,0.00151,0.00097,0.00180,0.00168,0.00087,0.00091,0.00128,0.00097,0.00067,0.00057,0.00045,0.00066,0.00091,0.00121,0.00049,0.00053,0.00071,0.00065,0.00044,0.00046,0.00116,0.00449,0.02714,0.03020,0.00735,0.00105,0.00175,0.00121,0.00076,0.00155,0.00152,0.00118,0.00097,0.00144,0.00142,0.00157,0.00150,0.00158,0.00124,0.00138,0.00170,0.00135,0.00107,0.00163,0.00120,0.00345,0.00892,0.15098,0.40925,0.27509,0.02232,0.00352,0.00242,0.00115,0.00077,0.00099,0.00063,0.00052,0.00084,0.00055,0.00044,0.00015
0,0.00090,0.00024,0.00007,0.00004,0.00011,0.00015,0.00017,0.00031,0.00020,0.00020,0.00021,0.00022,0.00035,0.00013,0.00021,0.00029,0.00044,0.00061,0.00036,0.00015,0.00026,0.00043,0.00068,0.00418,0.02641,0.03004,0.00760,0.00089,0.00028,0.00031,0.00017,0.00016,0.00010,0.00010,0.00009,0.00015,0.00027,0.00013,0.00007,0.00020,0.00016,0.00026,0.00032,0.00055,0.00022,0.00043,0.00096,0.00275,0.00924,0.15869,0.42876,0.28769,0.02232,0.00468,0.00174,0.00111,0.00054,0.00029,0.00029,0.00032,0.00022,0.00031,0.00024,0.00004
0,0.00152,0.00011,0.00016,0.00009,0.00028,0.00032,0.00035,0.00040,0.00030,0.00036,0.00031,0.00022,0.00027,0.00018,0.00007,0.00018,0.00020,0.00006,0.00024,0.00020,0.00022,0.00026,0.00083,0.00424,0.02736,0.03120,0.00803,0.00074,0.00040,0.00019,0.00006,0.00014,0.00011,0.00012,0.00025,0.00031,0.00025,0.00013,0.00006,0.00013,0.00024,0.00013,0.00008,0.00021,0.00020,0.00050,0.00114,0.00250,0.00902,0.15854,0.42763,0.28685,0.02221,0.00469,0.00193,0.00105,0.00041,0.00061,0.00021,0.00022,0.00027,0.00017,0.00031,0.00003
0,0.00114,0.00006,0.00006,0.00013,0.00006,0.00009,0.00008,0.00011,0.00012,0.00004,0.00011,0.00012,0.00002,0.00009,0.00019,0.00010,0.00007,0.00005,0.00003,0.00006,0.00020,0.00012,0.00096,0.00416,0.02693,0.03081,0.00788,0.00097,0.00031,0.00004,0.00024,0.00015,0.00024,0.00020,0.00015,0.00003,0.00012,0.00015,0.00018,0.00015,0.00020,0.00020,0.00030,0.00015,0.00032,0.00049,0.00092,0.00276,0.00917,0.15904,0.42961,0.28838,0.02242,0.00475,0.00204,0.00066,0.00057,0.00043,0.00015,0.00028,0.00009,0.00013,0.00004,0.00019
0,0.00571,0.00349,0.00496,0.00230,0.00430,0.00371,0.00320,0.00465,0.00217,0.00439,0.00426,0.00192,0.00455,0.00340,0.00315,0.00460,0.00258,0.00459,0.00349,0.00266,0.00495,0.00250,0.00323,0.00525,0.00914,0.00991,0.00663,0.00287,0.00409,0.00253,0.00423,0.00394,0.00231,0.00445,0.00339,0.00311,0.00404,0.00290,0.00417,0.00338,0.00292,0.00450,0.00252,0.00335,0.00396,0.00302,0.00419,0.00187,0.00904,0.13894,0.36528,0.24142,0.01761,0.00319,0.00561,0.00371,0.00307,0.00386,0.00351,0.00379,0.00317,0.00384,0.00398,0.00253
0,0.01008,0.00962,0.01008,0.01041,0.01038,0.01076,0.01085,0.01155,0.01124,0.01167,0.01165,0.01155,0.01114,0.01076,0.01083,0.01005,0.00963,0.00928,0.00892,0.00861,0.00811,0.00843,0.00869,0.00851,0.01917,0.01994,0.00882,0.01051,0.01039,0.01026,0.01053,0.00982,0.00949,0.00899,0.00818,0.00744,0.00656,0.00652,0.00577,0.00562,0.00563,0.00577,0.00608,0.00600,0.00655,0.00632,0.00732,0.00710,0.00126,0.09330,0.24017,0.15967,0.01544,0.00262,0.00523,0.00464,0.00406,0.00364,0.00363,0.00306,0.00293,0.00327,0.00260,0.00288
0,0.00936,0.01106,0.01078,0.01073,0.01089,0.01063,0.01054,0.01041,0.01027,0.01013,0.00985,0.00972,0.00952,0.00929,0.00917,0.00887,0.00884,0.00877,0.00841,0.00817,0.00812,0.00824,0.00765,0.00919,0.01411,0.01011,0.00359,0.00755,0.00726,0.00736,0.00738,0.00741,0.00737,0.00726,0.00731,0.00715,0.00712,0.00721,0.00713,0.00701,0.00685,0.00683,0.00676,0.00631,0.00649,0.00649,0.00546,0.00739,0.00695,0.09962,0.27122,0.18134,0.01434,0.00333,0.00515,0.00290,0.00293,0.00259,0.00197,0.00177,0.00119,0.00074,0.00049,0.00000
0,0.00501,0.00158,0.00216,0.00207,0.00247,0.00321,0.00087,0.00213,0.00311,0.00318,0.00392,0.00305,0.00281,0.00213,0.00033,0.00240,0.00101,0.00212,0.00140,0.00102,0.00125,0.00089,0.00061,0.00493,0.02641,0.03135,0.00688,0.00175,0.00285,0.00324,0.00163,0.00232,0.00113,0.00251,0.00415,0.00313,0.00111,0.00041,0.00207,0.00133,0.00198,0.00173,0.00154,0.00186,0.00170,0.00345,0.00243,0.00075,0.01033,0.14269,0.38446,0.25877,0.01807,0.00753,0.00057,0.00134,0.00062,0.00327,0.00140,0.00180,0.00112,0.00110,0.00330,0.00225
0,0.00792,0.00861,0.00847,0.00844,0.00837,0.00857,0.00847,0.00826,0.00849,0.00851,0.00840,0.00837,0.00839,0.00849,0.00856,0.00850,0.00857,0.00851,0.00838,0.00858,0.00863,0.00861,0.00815,0.00978,0.01054,0.00666,0.00884,0.00834,0.00882,0.00870,0.00885,0.00882,0.00890,0.00885,0.00884,0.00878,0.00884,0.00881,0.00879,0.00885,0.00906,0.00909,0.00892,0.00890,0.00897,0.00864,0.00879,0.01022,0.00708,0.08221,0.22359,0.15331,0.01969,0.00671,0.00905,0.00943,0.00883,0.00897,0.00893,0.00900,0.00911,0.00921,0.00912,0.00890
0,0.01033,0.01211,0.01200,0.01182,0.01205,0.01199,0.01187,0.01189,0.01184,0.01178,0.01170,0.01144,0.01114,0.01108,0.01137,0.01131,0.01113,0.01096,0.01065,0.01077,0.01073,0.01045,0.01065,0.00841,0.01242,0.02188,0.01395,0.00991,0.01000,0.00990,0.00980,0.00980,0.00966,0.00961,0.00951,0.00934,0.00954,0.00937,0.00928,0.00894,0.00887,0.00884,0.00877,0.00860,0.00858,0.00821,0.00817,0.00944,0.00721,0.06932,0.18989,0.12871,0.01522,0.00536,0.00821,0.00753,0.00705,0.00744,0.00712,0.00687,0.00694,0.00691,0.00714,0.00722
0,0.00234,0.00261,0.00228,0.00247,0.00285,0.00200,0.00199,0.00188,0.00237,0.00209,0.00246,0.00265,0.00215,0.00210,0.00173,0.00198,0.00249,0.00235,0.00258,0.00264,0.00204,0.00175,0.00234,0.00344,0.00848,0.00928,0.00529,0.00223,0.00215,0.00214,0.00195,0.00219,0.00254,0.00254,0.00228,0.00204,0.00211,0.00205,0.00213,0.00209,0.00274,0.00254,0.00235,0.00229,0.00220,0.00158,0.00137,0.00391,0.01125,0.14961,0.39958,0.26577,0.02151,0.00405,0.00101,0.00229,0.00267,0.00284,0.00213,0.00171,0.00198,0.00228,0.00213,0.00312
0,0.00104,0.00012,0.00012,0.00023,0.00014,0.00023,0.00023,0.00008,0.00010,0.00015,0.00009,0.00011,0.00016,0.00012,0.00017,0.00025,0.00026,0.00022,0.00028,0.00033,0.00030,0.00062,0.00071,0.00418,0.02687,0.03069,0.00788,0.00089,0.00022,0.00029,0.00013,0.00014,0.00016,0.00008,0.00029,0.00031,0.00011,0.00007,0.00030,0.00037,0.00032,0.00022,0.00027,0.00013,0.00056,0.00037,0.00115,0.00244,0.00927,0.15842,0.42802,0.28731,0.02231,0.00469,0.00195,0.00099,0.00045,0.00047,0.00006,0.00032,0.00007,0.00039,0.00034,0.00042
0,0.00685,0.00902,0.00856,0.00774,0.00685,0.00671,0.00714,0.00761,0.00777,0.00752,0.00722,0.00703,0.00683,0.00660,0.00644,0.00657,0.00688,0.00719,0.00718,0.00705,0.00734,0.00804,0.00762,0.01060,0.02541,0.02780,0.01236,0.00616,0.00643,0.00533,0.00485,0.00457,0.00483,0.00564,0.00598,0.00557,0.00502,0.00427,0.00364,0.00331,0.00367,0.00444,0.00496,0.00487,0.00480,0.00398,0.00454,0.00257,0.00951,0.11050,0.30240,0.20151,0.01275,0.00605,0.00080,0.00232,0.00114,0.00152,0.00153,0.00212,0.00189,0.00165,0.00073,0.00025
0,0.00143,0.00033,0.00039,0.00042,0.00031,0.00002,0.00018,0.00033,0.00029,0.00005,0.00017,0.00011,0.00034,0.00016,0.00024,0.00033,0.00036,0.00023,0.00013,0.00023,0.00039,0.00032,0.00019,0.00282,0.01661,0.01900,0.00497,0.00058,0.00022,0.00032,0.00035,0.00014,0.00022,0.00012,0.00013,0.00028,0.00018,0.00003,0.00021,0.00033,0.00006,0.00035,0.00064,0.00037,0.00015,0.00052,0.00123,0.00256,0.00939,0.16315,0.44000,0.29494,0.02270,0.00479,0.00189,0.00117,0.00044,0.00025,0.00047,0.00025,0.00029,0.00045,0.00025,0.00024
1,0.00555,0.00013,0.00002,0.00014,0.00024,0.00029,0.00025,0.00016,0.00003,0.00012,0.00023,0.00028,0.00024,0.00015,0.00003,0.00015,0.00029,0.00035,0.00036,0.00033,0.00047,0.00103,0.00292,0.01669,0.10220,0.11705,0.02993,0.00350,0.00119,0.00061,0.00038,0.00022,0.00011,0.00014,0.00025,0.00030,0.00030,0.00022,0.00010,0.00009,0.00023,0.00032,0.00036,0.00032,0.00029,0.00043,0.00089,0.00213,0.00737,0.12255,0.33036,0.22176,0.01731,0.00388,0.00157,0.00080,0.00043,0.00029,0.00031,0.00037,0.00037,0.00031,0.00018,0.00009
1,0.00078,0.00001,0.00001,0.00001,0.00001,0.00001,0.00001,0.00001,0.00001,0.00001,0.00001,0.00002,0.00002,0.00003,0.00004,0.00005,0.00007,0.00010,0.00015,0.00025,0.00045,0.00097,0.00277,0.01665,0.10381,0.11838,0.03039,0.00350,0.00110,0.00048,0.00025,0.00015,0.00010,0.00007,0.00005,0.00004,0.00003,0.00003,0.00003,0.00004,0.00005,0.00006,0.00009,0.00014,0.00022,0.00040,0.00080,0.00198,0.00722,0.12393,0.33479,0.22467,0.01742,0.00377,0.00146,0.00073,0.00042,0.00027,0.00019,0.00014,0.00011,0.00009,0.00009,0.00008
1,0.00337,0.00041,0.00050,0.00066,0.00061,0.00042,0.00045,0.00064,0.00063,0.00047,0.00040,0.00059,0.00068,0.00048,0.00043,0.00051,0.00066,0.00065,0.00026,0.00070,0.00069,0.00084,0.00312,0.01586,0.10119,0.11590,0.03007,0.00304,0.00164,0.00060,0.00053,0.00051,0.00044,0.00072,0.00057,0.00040,0.00048,0.00065,0.00062,0.00044,0.00044,0.00057,0.00073,0.00043,0.00047,0.00083,0.00022,0.00243,0.00689,0.12132,0.32728,0.21937,0.01671,0.00389,0.00170,0.00035,0.00084,0.00028,0.00066,0.00072,0.00043,0.00044,0.00054,0.00067
1,0.00078,0.00001,0.00001,0.00001,0.00001,0.00001,0.00001,0.00001,0.00001,0.00001,0.00001,0.00002,0.00002,0.00003,0.00004,0.00005,0.00007,0.00010,0.00015,0.00025,0.00045,0.00097,0.00277,0.01665,0.10381,0.11838,0.03039,0.00350,0.00110,0.00048,0.00025,0.00015,0.00010,0.00007,0.00005,0.00004,0.00003,0.00003,0.00003,0.00004,0.00005,0.00006,0.00009,0.00014,0.00022,0.00040,0.00080,0.00198,0.00722,0.12393,0.33479,0.22467,0.01742,0.00377,0.00146,0.00073,0.00042,0.00027,0.00019,0.00014,0.00011,0.00009,0.00009,0.00008
1,0.00340,0.00002,0.00001,0.00001,0.00001,0.00001,0.00001,0.00001,0.00001,0.00001,0.00001,0.00002,0.00002,0.00003,0.00004,0.00005,0.00007,0.00010,0.00015,0.00025,0.00045,0.00097,0.00277,0.01662,0.10359,0.11814,0.03033,0.00349,0.00110,0.00048,0.00025,0.00015,0.00009,0.00006,0.00004,0.00002,0.00001,0.00000,0.00001,0.00002,0.00003,0.00005,0.00008,0.00013,0.00022,0.00040,0.00080,0.00198,0.00721,0.12369,0.33409,0.22422,0.01737,0.00374,0.00144,0.00071,0.00040,0.00024,0.00016,0.00010,0.00007,0.00004,0.00002,0.00000
1,0.00078,0.00001,0.00001,0.00001,0.00001,0.00001,0.00001,0.00001,0.00001,0.00001,0.00001,0.00002,0.00002,0.00003,0.00004,0.00005,0.00007,0.00010,0.00015,0.00025,0.00045,0.00097,0.00277,0.01665,0.10381,0.11838,0.03039,0.00350,0.00110,0.00048,0.00025,0.00015,0.00010,0.00007,0.00005,0.00004,0.00003,0.00003,0.00003,0.00004,0.00005,0.00006,0.00009,0.00014,0.00022,0.00040,0.00080,0.00198,0.00722,0.12393,0.33479,0.22467,0.01742,0.00377,0.00146,0.00073,0.00042,0.00027,0.00019,0.00014,0.00011,0.00009,0.00009,0.00008
1,0.00340,0.00002,0.00001,0.00001,0.00001,0.00001,0.00001,0.00001,0.00001,0.00001,0.00001,0.00002,0.00002,0.00003,0.00004,0.00005,0.00007,0.00010,0.00015,0.00025,0.00045,0.00097,0.00277,0.01662,0.10359,0.11814,0.03033,0.00349,0.00110,0.00048,0.00025,0.00015,0.00009,0.00006,0.00004,0.00002,0.00001,0.00000,0.00001,0.00002,0.00003,0.00005,0.00008,0.00013,0.00022,0.00040,0.00080,0.00198,0.00721,0.12369,0.33409,0.22422,0.01737,0.00374,0.00144,0.00071,0.00040,0.00024,0.00016,0.00010,0.00007,0.00004,0.00002,0.00000
1,0.00078,0.00001,0.00001,0.00001,0.00001,0.00001,0.00001,0.00001,0.00001,0.00001,0.00001,0.00002,0.00002,0.00003,0.00004,0.00005,0.00007,0.00010,0.00015,0.00025,0.00045,0.00097,0.00277,0.01665,0.10381,0.11838,0.03039,0.00350,0.00110,0.00048,0.00025,0.00015,0.00010,0.00007,0.00005,0.00004,0.00003,0.00003,0.00003,0.00004,0.00005,0.00006,0.00009,0.00014,0.00022,0.00040,0.00080,0.00198,0.00722,0.12393,0.33479,0.22467,0.01742,0.00377,0.00146,0.00073,0.00042,0.00027,0.00019,0.00014,0.00011,0.00009,0.00009,0.00008
1,0.00340,0.00002,0.00001,0.00001,0.00001,0.00001,0.00001,0.00001,0.00001,0.00001,0.00001,0.00002,0.00002,0.00003,0.00004,0.00005,0.00007,0.00010,0.00015,0.00025,0.00045,0.00097,0.00277,0.01662,0.10359,0.11814,0.03033,0.00349,0.00110,0.00048,0.00025,0.00015,0.00009,0.00006,0.00004,0.00002,0.00001,0.00000,0.00001,0.00002,0.00003,0.00005,0.00008,0.00013,0.00022,0.00040,0.00080,0.00198,0.00721,0.12369,0.33409,0.22422,0.01737,0.00374,0.00144,0.00071,0.00040,0.00024,0.00016,0.00010,0.00007,0.00004,0.00002,0.00000
1,0.00110,0.00035,0.00022,0.00018,0.00019,0.00012,0.00010,0.00029,0.00034,0.00024,0.00012,0.00024,0.00022,0.00022,0.00035,0.00027,0.00008,0.00008,0.00042,0.00014,0.00061,0.00074,0.00296,0.01647,0.10304,0.11736,0.02996,0.00353,0.00112,0.00052,0.00034,0.00023,0.00032,0.00024,0.00011,0.00023,0.00033,0.00021,0.00029,0.00022,0.00012,0.00017,0.00042,0.00016,0.00033,0.00029,0.00097,0.00186,0.00728,0.12296,0.33251,0.22328,0.01746,0.00365,0.00153,0.00061,0.00056,0.00031,0.00026,0.00015,0.00045,0.00018,0.00025,0.00015
1,0.00079,0.00000,0.00000,0.00000,0.00000,0.00000,0.00001,0.00001,0.00001,0.00001,0.00001,0.00002,0.00002,0.00003,0.00004,0.00005,0.00007,0.00010,0.00015,0.00025,0.00045,0.00097,0.00277,0.01666,0.10384,0.11842,0.03040,0.00350,0.00110,0.00048,0.00025,0.00015,0.00009,0.00006,0.00004,0.00003,0.00002,0.00002,0.00002,0.00003,0.00004,0.00006,0.00008,0.00013,0.00022,0.00040,0.00080,0.00198,0.00723,0.12398,0.33489,0.22475,0.01742,0.00376,0.00145,0.00072,0.00041,0.00026,0.00017,0.00012,0.00009,0.00007,0.00006,0.00005
1,0.00343,0.00005,0.00005,0.00005,0.00005,0.00005,0.00005,0.00005,0.00004,0.00004,0.00004,0.00004,0.00005,0.00007,0.00008,0.00009,0.00009,0.00009,0.00011,0.00020,0.00043,0.00098,0.00280,0.01664,0.10345,0.11801,0.03033,0.00353,0.00114,0.00050,0.00024,0.00011,0.00006,0.00006,0.00007,0.00007,0.00007,0.00005,0.00003,0.00002,0.00005,0.00009,0.00013,0.00017,0.00024,0.00039,0.00076,0.00193,0.00718,0.12355,0.33369,0.22401,0.01732,0.00374,0.00146,0.00075,0.00045,0.00028,0.00016,0.00008,0.00005,0.00007,0.00009,0.00009
1,0.00079,0.00000,0.00000,0.00000,0.00000,0.00000,0.00001,0.00001,0.00001,0.00001,0.00001,0.00002,0.00002,0.00003,0.00004,0.00005,0.00007,0.00010,0.00015,0.00025,0.00045,0.00097,0.00277,0.01666,0.10384,0.11842,0.03040,0.00350,0.00110,0.00048,0.00025,0.00015,0.00009,0.00006,0.00004,0.00003,0.00002,0.00002,0.00002,0.00003,0.00004,0.00006,0.00008,0.00013,0.00022,0.00040,0.00080,0.00198,0.00723,0.12398,0.33489,0.22475,0.01742,0.00376,0.00145,0.00072,0.00041,0.00026,0.00017,0.00012,0.00009,0.00007,0.00006,0.00005
1,0.00079,0.00000,0.00000,0.00000,0.00000,0.00000,0.00001,0.00001,0.00001,0.00001,0.00001,0.00002,0.00002,0.00003,0.00004,0.00005,0.00007,0.00010,0.00015,0.00025,0.00045,0.00097,0.00277,0.01666,0.10384,0.11842,0.03040,0.00350,0.00110,0.00048,0.00025,0.00015,0.00009,0.00006,0.00004,0.00003,0.00003,0.00002,0.00002,0.00003,0.00004,0.00006,0.00008,0.00013,0.00022,0.00040,0.00080,0.00198,0.00723,0.12398,0.33489,0.22474,0.01742,0.00376,0.00145,0.00072,0.00041,0.00026,0.00017,0.00012,0.00009,0.00007,0.00005,0.00005
1,0.00079,0.00000,0.00000,0.00000,0.00000,0.00000,0.00001,0.00001,0.00001,0.00001,0.00001,0.00002,0.00002,0.00003,0.00004,0.00005,0.00007,0.00010,0.00015,0.00025,0.00045,0.00097,0.00277,0.01666,0.10384,0.11842,0.03040,0.00350,0.00110,0.00048,0.00025,0.00015,0.00009,0.00006,0.00004,0.00003,0.00002,0.00002,0.00002,0.00003,0.00004,0.00006,0.00008,0.00013,0.00022,0.00040,0.00080,0.00198,0.00723,0.12398,0.33489,0.22475,0.01742,0.00376,0.00145,0.00072,0.00041,0.00026,0.00017,0.00012,0.00009,0.00007,0.00006,0.00005
1,0.00340,0.00002,0.00001,0.00001,0.00001,0.00001,0.00001,0.00001,0.00001,0.00001,0.00001,0.00002,0.00002,0.00003,0.00004,0.00005,0.00007,0.00010,0.00015,0.00025,0.00045,0.00097,0.00277,0.01662,0.10359,0.11814,0.03033,0.00349,0.00110,0.00048,0.00025,0.00015,0.00009,0.00006,0.00004,0.00002,0.00001,0.00000,0.00001,0.00002,0.00003,0.00005,0.00008,0.00013,0.00022,0.00040,0.00080,0.00198,0.00721,0.12369,0.33409,0.22422,0.01737,0.00374,0.00144,0.00071,0.00040,0.00024,0.00016,0.00010,0.00007,0.00004,0.00002,0.00000
1,0.00078,0.00001,0.00001,0.00001,0.00001,0.00001,0.00001,0.00001,0.00001,0.00001,0.00001,0.00002,0.00002,0.00003,0.00004,0.00005,0.00007,0.00010,0.00015,0.00025,0.00045,0.00097,0.00277,0.01665,0.10381,0.11838,0.03039,0.00350,0.00110,0.00048,0.00025,0.00015,0.00010,0.00007,0.00005,0.00004,0.00003,0.00003,0.00003,0.00004,0.00005,0.00006,0.00009,0.00014,0.00022,0.00040,0.00080,0.00198,0.00722,0.12393,0.33479,0.22467,0.01742,0.00377,0.00146,0.00073,0.00042,0.00027,0.00019,0.00014,0.00011,0.00009,0.00009,0.00008
1,0.00340,0.00002,0.00001,0.00001,0.00001,0.00001,0.00001,0.00001,0.00001,0.00001,0.00001,0.00002,0.00002,0.00003,0.00004,0.00005,0.00007,0.00010,0.00015,0.00025,0.00045,0.00097,0.00277,0.01662,0.10359,0.11814,0.03033,0.00349,0.00110,0.00048,0.00025,0.00015,0.00009,0.00006,0.00004,0.00002,0.00001,0.00000,0.00001,0.00002,0.00003,0.00005,0.00008,0.00013,0.00022,0.00040,0.00080,0.00198,0.00721,0.12369,0.33409,0.22422,0.01737,0.00374,0.00144,0.00071,0.00040,0.00024,0.00016,0.00010,0.00007,0.00004,0.00002,0.00000
1,0.00078,0.00001,0.00001,0.00001,0.00001,0.00001,0.00001,0.00001,0.00001,0.00001,0.00001,0.00002,0.00002,0.00003,0.00004,0.00005,0.00007,0.00010,0.00015,0.00025,0.00045,0.00097,0.00277,0.01665,0.10381,0.11838,0.03039,0.00350,0.00110,0.00048,0.00025,0.00015,0.00010,0.00007,0.00005,0.00004,0.00003,0.00003,0.00003,0.00004,0.00005,0.00006,0.00009,0.00014,0.00022,0.00040,0.00080,0.00198,0.00722,0.12393,0.33479,0.22467,0.01742,0.00377,0.00146,0.00073,0.00042,0.00027,0.00019,0.00014,0.00011,0.00009,0.00009,0.00008
1,0.00079,0.00000,0.00000,0.00000,0.00000,0.00000,0.00001,0.00001,0.00001,0.00001,0.00001,0.00002,0.00002,0.00003,0.00004,0.00005,0.00007,0.00010,0.00015,0.00025,0.00045,0.00097,0.00277,0.01666,0.10384,0.11842,0.03040,0.00350,0.00110,0.00048,0.00025,0.00015,0.00009,0.00006,0.00004,0.00003,0.00002,0.00002,0.00002,0.00003,0.00004,0.00006,0.00008,0.00013,0.00022,0.00040,0.00080,0.00198,0.00723,0.12398,0.33489,0.22475,0.01742,0.00376,0.00145,0.00072,0.00041,0.00026,0.00017,0.00012,0.00009,0.00007,0.00006,0.00005
1,0.00340,0.00002,0.00001,0.00001,0.00001,0.00001,0.00001,0.00001,0.00001,0.00001,0.00001,0.00002,0.00002,0.00003,0.00004,0.00005,0.00007,0.00010,0.00015,0.00025,0.00045,0.00097,0.00277,0.01661,0.10356,0.11810,0.03032,0.00349,0.00110,0.00048,0.00025,0.00015,0.00009,0.00006,0.00004,0.00003,0.00002,0.00002,0.00002,0.00003,0.00004,0.00006,0.00008,0.00013,0.00022,0.00040,0.00080,0.00198,0.00721,0.12365,0.33400,0.22415,0.01737,0.00375,0.00144,0.00071,0.00041,0.00026,0.00017,0.00012,0.00009,0.00007,0.00006,0.00005
1,0.00079,0.00000,0.00000,0.00000,0.00000,0.00000,0.00001,0.00001,0.00001,0.00001,0.00001,0.00002,0.00002,0.00003,0.00004,0.00005,0.00007,0.00010,0.00015,0.00025,0.00045,0.00097,0.00277,0.01666,0.10384,0.11842,0.03040,0.00350,0.00110,0.00048,0.00025,0.00015,0.00009,0.00006,0.00004,0.00003,0.00002,0.00002,0.00002,0.00003,0.00004,0.00006,0.00008,0.00013,0.00022,0.00040,0.00080,0.00198,0.00723,0.12398,0.33489,0.22475,0.01742,0.00376,0.00145,0.00072,0.00041,0.00026,0.00017,0.00012,0.00009,0.00007,0.00006,0.00005
1,0.00079,0.00000,0.00000,0.00000,0.00000,0.00000,0.00001,0.00001,0.00001,0.00001,0.00001,0.00002,0.00002,0.00003,0.00004,0.00005,0.00007,0.00010,0.00015,0.00025,0.00045,0.00097,0.00277,0.01666,0.10384,0.11842,0.03040,0.00350,0.00110,0.00048,0.00025,0.00015,0.00009,0.00006,0.00004,0.00003,0.00002,0.00002,0.00002,0.00003,0.00004,0.00006,0.00008,0.00013,0.00022,0.00040,0.00080,0.00198,0.00723,0.12398,0.33489,0.22475,0.01742,0.00376,0.00145,0.00072,0.00041,0.00026,0.00017,0.00012,0.00009,0.00007,0.00006,0.00005
1,0.00078,0.00001,0.00001,0.00001,0.00001,0.00001,0.00001,0.00001,0.00001,0.00001,0.00001,0.00002,0.00002,0.00003,0.00004,0.00005,0.00007,0.00010,0.00015,0.00025,0.00045,0.00097,0.00277,0.01665,0.10381,0.11838,0.03039,0.00350,0.00110,0.00048,0.00025,0.00015,0.00010,0.00007,0.00005,0.00004,0.00003,0.00003,0.00003,0.00004,0.00005,0.00006,0.00009,0.00014,0.00022,0.00040,0.00080,0.00198,0.00722,0.12393,0.33479,0.22467,0.01742,0.00377,0.00146,0.00073,0.00042,0.00027,0.00019,0.00014,0.00011,0.00009,0.00009,0.00008
1,0.00155,0.00315,0.00470,0.00619,0.00765,0.00903,0.01036,0.01159,0.01274,0.01378,0.01471,0.01553,0.01622,0.01681,0.01723,0.01758,0.01773,0.01783,0.01771,0.01754,0.01727,0.01661,0.01709,0.01018,0.02653,0.03281,0.00489,0.01365,0.01138,0.01089,0.00999,0.00930,0.00872,0.00829,0.00807,0.00803,0.00822,0.00856,0.00903,0.00960,0.01020,0.01085,0.01143,0.01207,0.01254,0.01307,0.01354,0.01342,0.01633,0.03635,0.11829,0.07523,0.00958,0.01518,0.01401,0.01395,0.01384,0.01349,0.01341,0.01311,0.01301,0.01284,0.01277,0.01274
1,0.00478,0.00723,0.00916,0.01048,0.01216,0.01499,0.01846,0.02118,0.02182,0.01959,0.01463,0.00893,0.00905,0.01504,0.02028,0.02234,0.02079,0.01639,0.01082,0.00763,0.00809,0.00828,0.00743,0.00657,0.04028,0.03610,0.00940,0.01791,0.01823,0.01604,0.01395,0.01136,0.00842,0.00553,0.00588,0.00994,0.01359,0.01495,0.01325,0.00929,0.00734,0.01146,0.01652,0.01895,0.01822,0.01604,0.01567,0.02114,0.02501,0.04164,0.10216,0.07550,0.01982,0.00715,0.00291,0.00446,0.00668,0.00593,0.00451,0.00409,0.00476,0.00469,0.00319,0.00188
1,0.00340,0.00002,0.00001,0.00001,0.00001,0.00001,0.00001,0.00001,0.00001,0.00001,0.00001,0.00002,0.00002,0.00003,0.00004,0.00005,0.00007,0.00010,0.00015,0.00025,0.00045,0.00097,0.00277,0.01662,0.10359,0.11814,0.03033,0.00349,0.00110,0.00048,0.00025,0.00015,0.00009,0.00006,0.00004,0.00002,0.00001,0.00000,0.00001,0.00002,0.00003,0.00005,0.00008,0.00013,0.00022,0.00040,0.00080,0.00198,0.00721,0.12369,0.33409,0.22422,0.01737,0.00374,0.00144,0.00071,0.00040,0.00024,0.00016,0.00010,0.00007,0.00004,0.00002,0.00000
1,0.00078,0.00001,0.00001,0.00001,0.00001,0.00001,0.00001,0.00001,0.00001,0.00001,0.00001,0.00002,0.00002,0.00003,0.00004,0.00005,0.00007,0.00010,0.00015,0.00025,0.00045,0.00097,0.00277,0.01665,0.10381,0.11838,0.03039,0.00350,0.00110,0.00048,0.00025,0.00015,0.00010,0.00007,0.00005,0.00004,0.00003,0.00003,0.00003,0.00004,0.00005,0.00006,0.00009,0.00014,0.00022,0.00040,0.00080,0.00198,0.00722,0.12393,0.33479,0.22467,0.01742,0.00377,0.00146,0.00073,0.00042,0.00027,0.00019,0.00014,0.00011,0.00009,0.00009,0.00008
1,0.00079,0.00000,0.00000,0.00000,0.00000,0.00000,0.00001,0.00001,0.00001,0.00001,0.00001,0.00002,0.00002,0.00003,0.00004,0.00005,0.00007,0.00010,0.00015,0.00025,0.00045,0.00097,0.00277,0.01666,0.10384,0.11842,0.03040,0.00350,0.00110,0.00048,0.00025,0.00015,0.00009,0.00006,0.00004,0.00003,0.00002,0.00002,0.00002,0.00003,0.00004,0.00006,0.00008,0.00013,0.00022,0.00040,0.00080,0.00198,0.00723,0.12398,0.33489,0.22475,0.01742,0.00376,0.00145,0.00072,0.00041,0.00026,0.00017,0.00012,0.00009,0.00007,0.00006,0.00005
1,0.00079,0.00000,0.00000,0.00000,0.00000,0.00000,0.00001,0.00001,0.00001,0.00001,0.00001,0.00002,0.00002,0.00003,0.00004,0.00005,0.00007,0.00010,0.00015,0.00025,0.00045,0.00097,0.00277,0.01666,0.10384,0.11842,0.03040,0.00350,0.00110,0.00048,0.00025,0.00015,0.00009,0.00006,0.00004,0.00003,0.00002,0.00002,0.00002,0.00003,0.00004,0.00006,0.00008,0.00013,0.00022,0.00040,0.00080,0.00198,0.00723,0.12398,0.33489,0.22475,0.01742,0.00376,0.00145,0.00072,0.00041,0.00026,0.00017,0.00012,0.00009,0.00007,0.00006,0.00005
1,0.00340,0.00002,0.00001,0.00001,0.00001,0.00001,0.00001,0.00001,0.00001,0.00001,0.00001,0.00002,0.00002,0.00003,0.00004,0.00005,0.00007,0.00010,0.00015,0.00025,0.00045,0.00097,0.00277,0.01661,0.10356,0.11810,0.03032,0.00349,0.00110,0.00048,0.00025,0.00015,0.00009,0.00006,0.00004,0.00003,0.00002,0.00002,0.00002,0.00003,0.00004,0.00006,0.00008,0.00013,0.00022,0.00040,0.00080,0.00198,0.00721,0.12365,0.33400,0.22415,0.01737,0.00375,0.00144,0.00071,0.00041,0.00026,0.00017,0.00012,0.00009,0.00007,0.00006,0.00005
1,0.00079,0.00000,0.00000,0.00000,0.00000,0.00000,0.00001,0.00001,0.00001,0.00001,0.00001,0.00002,0.00002,0.00003,0.00004,0.00005,0.00007,0.00010,0.00015,0.00025,0.00045,0.00097,0.00277,0.01666,0.10384,0.11842,0.03040,0.00350,0.00110,0.00048,0.00025,0.00015,0.00009,0.00006,0.00004,0.00003,0.00002,0.00002,0.00002,0.00003,0.00004,0.00006,0.00008,0.00013,0.00022,0.00040,0.00080,0.00198,0.00723,0.12398,0.33489,0.22475,0.01742,0.00376,0.00145,0.00072,0.00041,0.00026,0.00017,0.00012,0.00009,0.00007,0.00006,0.00005
1,0.00078,0.00001,0.00001,0.00001,0.00001,0.00001,0.00001,0.00001,0.00001,0.00001,0.00001,0.00002,0.00002,0.00003,0.00004,0.00005,0.00007,0.00010,0.00015,0.00025,0.00045,0.00097,0.00277,0.01665,0.10381,0.11838,0.03039,0.00350,0.00110,0.00048,0.00025,0.00015,0.00010,0.00007,0.00005,0.00004,0.00003,0.00003,0.00003,0.00004,0.00005,0.00006,0.00009,0.00014,0.00022,0.00040,0.00080,0.00198,0.00722,0.12393,0.33479,0.22467,0.01742,0.00377,0.00146,0.00073,0.00042,0.00027,0.00019,0.00014,0.00011,0.00009,0.00009,0.00008
1,0.00340,0.00002,0.00001,0.00001,0.00001,0.00001,0.00001,0.00001,0.00001,0.00001,0.00001,0.00002,0.00002,0.00003,0.00004,0.00005,0.00007,0.00010,0.00015,0.00025,0.00045,0.00097,0.00277,0.01662,0.10359,0.11814,0.03033,0.00349,0.00110,0.00048,0.00025,0.00015,0.00009,0.00006,0.00004,0.00002,0.00001,0.00000,0.00001,0.00002,0.00003,0.00005,0.00008,0.00013,0.00022,0.00040,0.00080,0.00198,0.00721,0.12369,0.33409,0.22422,0.01737,0.00374,0.00144,0.00071,0.00040,0.00024,0.00016,0.00010,0.00007,0.00004,0.00002,0.00000
1,0.00078,0.00001,0.00001,0.00001,0.00001,0.00001,0.00001,0.00001,0.00001,0.00001,0.00001,0.00002,0.00002,0.00003,0.00004,0.00005,0.00007,0.00010,0.00015,0.00025,0.00045,0.00097,0.00277,0.01665,0.10381,0.11838,0.03039,0.00350,0.00110,0.00048,0.00025,0.00015,0.00010,0.00007,0.00005,0.00004,0.00003,0.00003,0.00003,0.00004,0.00005,0.00006,0.00009,0.00014,0.00022,0.00040,0.00080,0.00198,0.00722,0.12393,0.33479,0.22467,0.01742,0.00377,0.00146,0.00073,0.00042,0.00027,0.00019,0.00014,0.00011,0.00009,0.00009,0.00008
1,0.00340,0.00002,0.00001,0.00001,0.00001,0.00001,0.00001,0.00001,0.00001,0.00001,0.00001,0.00002,0.00002,0.00003,0.00004,0.00005,0.00007,0.00010,0.00015,0.00025,0.00045,0.00097,0.00277,0.01662,0.10359,0.11814,0.03033,0.00349,0.00110,0.00048,0.00025,0.00015,0.00009,0.00006,0.00004,0.00002,0.00001,0.00000,0.00001,0.00002,0.00003,0.00005,0.00008,0.00013,0.00022,0.00040,0.00080,0.00198,0.00721,0.12369,0.33409,0.22422,0.01737,0.00374,0.00144,0.00071,0.00040,0.00024,0.00016,0.00010,0.00007,0.00004,0.00002,0.00000
1,0.00078,0.00001,0.00001,0.00001,0.00001,0.00001,0.00001,0.00001,0.00001,0.00001,0.00001,0.00002,0.00002,0.00003,0.00004,0.00005,0.00007,0.00010,0.00015,0.00025,0.00045,0.00097,0.00277,0.01665,0.10381,0.11838,0.03039,0.00350,0.00110,0.00048,0.00025,0.00015,0.00010,0.00007,0.00005,0.00004,0.00003,0.00003,0.00003,0.00004,0.00005,0.00006,0.00009,0.00014,0.00022,0.00040,0.00080,0.00198,0.00722,0.12393,0.33479,0.22467,0.01742,0.00377,0.00146,0.00073,0.00042,0.00027,0.00019,0.00014,0.00011,0.00009,0.00009,0.00008
1,0.00079,0.00000,0.00000,0.00000,0.00000,0.00000,0.00001,0.00001,0.00001,0.00001,0.00001,0.00002,0.00002,0.00003,0.00004,0.00005,0.00007,0.00010,0.00015,0.00025,0.00045,0.00097,0.00277,0.01666,0.10384,0.11842,0.03040,0.00350,0.00110,0.00048,0.00025,0.00015,0.00009,0.00006,0.00004,0.00003,0.00002,0.00002,0.00002,0.00003,0.00004,0.00006,0.00008,0.00013,0.00022,0.00040,0.00080,0.00198,0.00723,0.12398,0.33489,0.22475,0.01742,0.00376,0.00145,0.00072,0.00041,0.00026,0.00017,0.00012,0.00009,0.00007,0.00006,0.00005
1,0.00079,0.00000,0.00000,0.00000,0.00000,0.00000,0.00001,0.00001,0.00001,0.00001,0.00001,0.00002,0.00002,0.00003,0.00004,0.00005,0.00007,0.00010,0.00015,0.00025,0.00045,0.00097,0.00277,0.01666,0.10384,0.11842,0.03040,0.00350,0.00110,0.00048,0.00025,0.00015,0.00009,0.00006,0.00004,0.00003,0.00002,0.00002,0.00002,0.00003,0.00004,0.00006,0.00008,0.00013,0.00022,0.00040,0.00080,0.00198,0.00723,0.12398,0.33489,0.22475,0.01742,0.00376,0.00145,0.00072,0.00041,0.00026,0.00017,0.00012,0.00009,0.00007,0.00006,0.00005
1,0.00078,0.00001,0.00001,0.00001,0.00001,0.00001,0.00001,0.00001,0.00001,0.00001,0.00001,0.00002,0.00002,0.00003,0.00004,0.00005,0.00007,0.00010,0.00015,0.00025,0.00045,0.00097,0.00277,0.01665,0.10381,0.11838,0.03039,0.00350,0.00110,0.00048,0.00025,0.00015,0.00010,0.00007,0.00005,0.00004,0.00003,0.00003,0.00003,0.00004,0.00005,0.00006,0.00009,0.00014,0.00022,0.00040,0.00080,0.00198,0.00722,0.12393,0.33479,0.22467,0.01742,0.00377,0.00146,0.00073,0.00042,0.00027,0.00019,0.00014,0.00011,0.00009,0.00009,0.00008
1,0.00340,0.00002,0.00001,0.00001,0.00001,0.00001,0.00001,0.00001,0.00001,0.00001,0.00001,0.00002,0.00002,0.00003,0.00004,0.00005,0.00007,0.00010,0.00015,0.00025,0.00045,0.00097,0.00277,0.01662,0.10359,0.11814,0.03033,0.00349,0.00110,0.00048,0.00025,0.00015,0.00009,0.00006,0.00004,0.00002,0.00001,0.00000,0.00001,0.00002,0.00003,0.00005,0.00008,0.00013,0.00022,0.00040,0.00080,0.00198,0.00721,0.12369,0.33409,0.22422,0.01737,0.00374,0.00144,0.00071,0.00040,0.00024,0.00016,0.00010,0.00007,0.00004,0.00002,0.00000
1,0.00078,0.00001,0.00001,0.00001,0.00001,0.00001,0.00001,0.00001,0.00001,0.00001,0.00001,0.00002,0.00002,0.00003,0.00004,0.00005,0.00007,0.00010,0.00015,0.00025,0.00045,0.00097,0.00277,0.01665,0.10381,0.11838,0.03039,0.00350,0.00110,0.00048,0.00025,0.00015,0.00010,0.00007,0.00005,0.00004,0.00003,0.00003,0.00003,0.00004,0.00005,0.00006,0.00009,0.00014,0.00022,0.00040,0.00080,0.00198,0.00722,0.12393,0.33479,0.22467,0.01742,0.00377,0.00146,0.00073,0.00042,0.00027,0.00019,0.00014,0.00011,0.00009,0.00009,0.00008
1,0.00362,0.00053,0.00059,0.00063,0.00053,0.00054,0.00062,0.00060,0.00051,0.00056,0.00063,0.00054,0.00051,0.00057,0.00064,0.00047,0.00058,0.00051,0.00072,0.00027,0.00098,0.00059,0.00307,0.01599,0.10119,0.11562,0.02971,0.00347,0.00134,0.00053,0.00067,0.00049,0.00070,0.00050,0.00055,0.00059,0.00063,0.00052,0.00054,0.00065,0.00057,0.00054,0.00054,0.00068,0.00059,0.00065,0.00107,0.00174,0.00740,0.12084,0.32680,0.21910,0.01654,0.00422,0.00079,0.00121,0.00018,0.00082,0.00050,0.00057,0.00049,0.00063,0.00056,0.00049
1,0.00078,0.00001,0.00001,0.00001,0.00001,0.00001,0.00001,0.00001,0.00001,0.00001,0.00001,0.00002,0.00002,0.00003,0.00004,0.00005,0.00007,0.00010,0.00015,0.00025,0.00045,0.00097,0.00277,0.01665,0.10381,0.11838,0.03039,0.00350,0.00110,0.00048,0.00025,0.00015,0.00010,0.00007,0.00005,0.00004,0.00003,0.00003,0.00003,0.00004,0.00005,0.00006,0.00009,0.00014,0.00022,0.00040,0.00080,0.00198,0.00722,0.12393,0.33479,0.22467,0.01742,0.00377,0.00146,0.00073,0.00042,0.00027,0.00019,0.00014,0.00011,0.00009,0.00009,0.00008
1,0.00340,0.00002,0.00001,0.00001,0.00001,0.00001,0.00001,0.00001,0.00001,0.00001,0.00001,0.00002,0.00002,0.00003,0.00004,0.00005,0.00007,0.00010,0.00015,0.00025,0.00045,0.00097,0.00277,0.01661,0.10356,0.11810,0.03032,0.00349,0.00110,0.00048,0.00025,0.00015,0.00009,0.00006,0.00004,0.00003,0.00002,0.00002,0.00002,0.00003,0.00004,0.00006,0.00008,0.00013,0.00022,0.00040,0.00080,0.00198,0.00721,0.12365,0.33400,0.22415,0.01737,0.00375,0.00144,0.00071,0.00041,0.00026,0.00017,0.00012,0.00009,0.00007,0.00006,0.00005
1,0.00079,0.00000,0.00000,0.00000,0.00000,0.00000,0.00001,0.00001,0.00001,0.00001,0.00001,0.00002,0.00002,0.00003,0.00004,0.00005,0.00007,0.00010,0.00015,0.00025,0.00045,0.00097,0.00277,0.01666,0.10384,0.11842,0.03040,0.00350,0.00110,0.00048,0.00025,0.00015,0.00009,0.00006,0.00004,0.00003,0.00002,0.00002,0.00002,0.00003,0.00004,0.00006,0.00008,0.00013,0.00022,0.00040,0.00080,0.00198,0.00723,0.12398,0.33489,0.22475,0.01742,0.00376,0.00145,0.00072,0.00041,0.00026,0.00017,0.00012,0.00009,0.00007,0.00006,0.00005
1,0.00078,0.00001,0.00001,0.00001,0.00001,0.00001,0.00001,0.00001,0.00001,0.00001,0.00001,0.00002,0.00002,0.00003,0.00004,0.00005,0.00007,0.00010,0.00015,0.00025,0.00045,0.00097,0.00277,0.01665,0.10381,0.11838,0.03039,0.00350,0.00110,0.00048,0.00025,0.00015,0.00010,0.00007,0.00005,0.00004,0.00003,0.00003,0.00003,0.00004,0.00005,0.00006,0.00009,0.00014,0.00022,0.00040,0.00080,0.00198,0.00722,0.12393,0.33479,0.22467,0.01742,0.00377,0.00146,0.00073,0.00042,0.00027,0.00019,0.00014,0.00011,0.00009,0.00009,0.00008
1,0.00079,0.00000,0.00000,0.00000,0.00000,0.00000,0.00001,0.00001,0.00001,0.00001,0.00001,0.00002,0.00002,0.00003,0.00004,0.00005,0.00007,0.00010,0.00015,0.00025,0.00045,0.00097,0.00277,0.01666,0.10384,0.11842,0.03040,0.00350,0.00110,0.00048,0.00025,0.00015,0.00009,0.00006,0.00004,0.00003,0.00002,0.00002,0.00002,0.00003,0.00004,0.00006,0.00008,0.00013,0.00022,0.00040,0.00080,0.00198,0.00723,0.12398,0.33489,0.22475,0.01742,0.00376,0.00145,0.00072,0.00041,0.00026,0.00017,0.00012,0.00009,0.00007,0.00006,0.00005
1,0.00073,0.00010,0.00002,0.00016,0.00002,0.00016,0.00013,0.00010,0.00016,0.00003,0.00015,0.00009,0.00013,0.00009,0.00003,0.00007,0.00016,0.00017,0.00021,0.00018,0.00032,0.00107,0.00277,0.01673,0.10362,0.11799,0.03030,0.00351,0.00098,0.00046,0.00034,0.00024,0.00012,0.00009,0.00005,0.00007,0.00018,0.00007,0.00020,0.00003,0.00009,0.00016,0.00012,0.00026,0.00025,0.00033,0.00076,0.00195,0.00727,0.12373,0.33406,0.22409,0.01741,0.00374,0.00145,0.00056,0.00053,0.00032,0.00029,0.00013,0.00003,0.00010,0.00011,0.00022
1,0.00833,0.00526,0.00519,0.00509,0.00496,0.00481,0.00464,0.00444,0.00421,0.00396,0.00370,0.00343,0.00314,0.00283,0.00249,0.00213,0.00178,0.00151,0.00131,0.00110,0.00068,0.00034,0.00260,0.01475,0.08303,0.09538,0.02682,0.00509,0.00296,0.00289,0.00334,0.00378,0.00411,0.00434,0.00452,0.00469,0.00486,0.00501,0.00512,0.00520,0.00525,0.00530,0.00536,0.00539,0.00531,0.00500,0.00440,0.00404,0.00832,0.10465,0.26754,0.18240,0.01727,0.00660,0.00388,0.00273,0.00238,0.00228,0.00211,0.00180,0.00143,0.00109,0.00087,0.00080
1,0.00079,0.00000,0.00000,0.00000,0.00000,0.00000,0.00001,0.00001,0.00001,0.00001,0.00001,0.00002,0.00002,0.00003,0.00004,0.00005,0.00007,0.00010,0.00015,0.00025,0.00045,0.00097,0.00277,0.01666,0.10384,0.11842,0.03040,0.00350,0.00110,0.00048,0.00025,0.00015,0.00009,0.00006,0.00004,0.00003,0.00002,0.00002,0.00002,0.00003,0.00004,0.00006,0.00008,0.00013,0.00022,0.00040,0.00080,0.00198,0.00723,0.12398,0.33489,0.22475,0.01742,0.00376,0.00145,0.00072,0.00041,0.00026,0.00017,0.00012,0.00009,0.00007,0.00006,0.00005
1,0.00078,0.00001,0.00001,0.00001,0.00001,0.00001,0.00001,0.00001,0.00001,0.00001,0.00001,0.00002,0.00002,0.00003,0.00004,0.00005,0.00007,0.00010,0.00015,0.00025,0.00045,0.00097,0.00277,0.01665,0.10381,0.11838,0.03039,0.00350,0.00110,0.00048,0.00025,0.00015,0.00010,0.00007,0.00005,0.00004,0.00003,0.00003,0.00003,0.00004,0.00005,0.00006,0.00009,0.00014,0.00022,0.00040,0.00080,0.00198,0.00722,0.12393,0.33479,0.22467,0.01742,0.00377,0.00146,0.00073,0.00042,0.00027,0.00019,0.00014,0.00011,0.00009,0.00009,0.00008
1,0.00079,0.00000,0.00000,0.00000,0.00000,0.00000,0.00001,0.00001,0.00001,0.00001,0.00001,0.00002,0.00002,0.00003,0.00004,0.00005,0.00007,0.00010,0.00015,0.00025,0.00045,0.00097,0.00277,0.01666,0.10384,0.11842,0.03040,0.00350,0.00110,0.00048,0.00025,0.00015,0.00009,0.00006,0.00004,0.00003,0.00002,0.00002,0.00002,0.00003,0.00004,0.00006,0.00008,0.00013,0.00022,0.00040,0.00080,0.00198,0.00723,0.12398,0.33489,0.22475,0.01742,0.00376,0.00145,0.00072,0.00041,0.00026,0.00017,0.00012,0.00009,0.00007,0.00006,0.00005
1,0.00078,0.00002,0.00001,0.00001,0.00002,0.00001,0.00001,0.00002,0.00001,0.00001,0.00003,0.00002,0.00002,0.00004,0.00004,0.00004,0.00008,0.00011,0.00014,0.00025,0.00046,0.00096,0.00277,0.01666,0.10381,0.11837,0.03038,0.00350,0.00111,0.00048,0.00025,0.00016,0.00010,0.00006,0.00006,0.00004,0.00002,0.00004,0.00004,0.00003,0.00005,0.00007,0.00008,0.00014,0.00023,0.00039,0.00080,0.00199,0.00722,0.12392,0.33477,0.22466,0.01743,0.00376,0.00145,0.00074,0.00042,0.00026,0.00020,0.00014,0.00010,0.00010,0.00009,0.00007
1,0.00340,0.00002,0.00001,0.00001,0.00001,0.00001,0.00001,0.00001,0.00001,0.00001,0.00001,0.00002,0.00002,0.00003,0.00004,0.00005,0.00007,0.00010,0.00015,0.00025,0.00045,0.00097,0.00277,0.01662,0.10359,0.11814,0.03033,0.00349,0.00110,0.00048,0.00025,0.00015,0.00009,0.00006,0.00004,0.00002,0.00001,0.00000,0.00001,0.00002,0.00003,0.00005,0.00008,0.00013,0.00022,0.00040,0.00080,0.00198,0.00721,0.12369,0.33409,0.22422,0.01737,0.00374,0.00144,0.00071,0.00040,0.00024,0.00016,0.00010,0.00007,0.00004,0.00002,0.00000
1,0.00078,0.00001,0.00001,0.00001,0.00001,0.00001,0.00001,0.00001,0.00001,0.00001,0.00001,0.00002,0.00002,0.00003,0.00004,0.00005,0.00007,0.00010,0.00015,0.00025,0.00045,0.00097,0.00277,0.01665,0.10381,0.11838,0.03039,0.00350,0.00110,0.00048,0.00025,0.00015,0.00010,0.00007,0.00005,0.00004,0.00003,0.00003,0.00003,0.00004,0.00005,0.00006,0.00009,0.00014,0.00022,0.00040,0.00080,0.00198,0.00722,0.12393,0.33479,0.22467,0.01742,0.00377,0.00146,0.00073,0.00042,0.00027,0.00019,0.00014,0.00011,0.00009,0.00009,0.00008
1,0.00079,0.00000,0.00000,0.00000,0.00000,0.00000,0.00001,0.00001,0.00001,0.00001,0.00001,0.00002,0.00002,0.00003,0.00004,0.00005,0.00007,0.00010,0.00015,0.00025,0.00045,0.00097,0.00277,0.01666,0.10384,0.11842,0.03040,0.00350,0.00110,0.00048,0.00025,0.00015,0.00009,0.00006,0.00004,0.00003,0.00002,0.00002,0.00002,0.00003,0.00004,0.00006,0.00008,0.00013,0.00022,0.00040,0.00080,0.00198,0.00723,0.12398,0.33489,0.22475,0.01742,0.00376,0.00145,0.00072,0.00041,0.00026,0.00017,0.00012,0.00009,0.00007,0.00006,0.00005
1,0.00335,0.00013,0.00020,0.00022,0.00036,0.00039,0.00020,0.00044,0.00041,0.00018,0.00013,0.00006,0.00036,0.00055,0.00029,0.00020,0.00031,0.00027,0.00028,0.00041,0.00067,0.00089,0.00270,0.01648,0.10253,0.11709,0.03030,0.00330,0.00099,0.00066,0.00041,0.00033,0.00022,0.00026,0.00030,0.00047,0.00041,0.00012,0.00012,0.00011,0.00041,0.00040,0.00031,0.00037,0.00018,0.00061,0.00065,0.00210,0.00726,0.12214,0.33054,0.22204,0.01735,0.00361,0.00169,0.00047,0.00059,0.00052,0.00026,0.00031,0.00015,0.00014,0.00040,0.00043
1,0.00340,0.00002,0.00001,0.00001,0.00001,0.00001,0.00001,0.00001,0.00001,0.00001,0.00001,0.00002,0.00002,0.00003,0.00004,0.00005,0.00007,0.00010,0.00015,0.00025,0.00045,0.00097,0.00277,0.01662,0.10359,0.11814,0.03033,0.00349,0.00110,0.00048,0.00025,0.00015,0.00009,0.00006,0.00004,0.00002,0.00001,0.00000,0.00001,0.00002,0.00003,0.00005,0.00008,0.00013,0.00022,0.00040,0.00080,0.00198,0.00721,0.12369,0.33409,0.22422,0.01737,0.00374,0.00144,0.00071,0.00040,0.00024,0.00016,0.00010,0.00007,0.00004,0.00002,0.00000
1,0.00079,0.00000,0.00000,0.00000,0.00000,0.00000,0.00001,0.00001,0.00001,0.00001,0.00001,0.00002,0.00002,0.00003,0.00004,0.00005,0.00007,0.00010,0.00015,0.00025,0.00045,0.00097,0.00277,0.01666,0.10384,0.11842,0.03040,0.00350,0.00110,0.00048,0.00025,0.00015,0.00009,0.00006,0.00004,0.00003,0.00002,0.00002,0.00002,0.00003,0.00004,0.00006,0.00008,0.00013,0.00022,0.00040,0.00080,0.00198,0.00723,0.12398,0.33489,0.22475,0.01742,0.00376,0.00145,0.00072,0.00041,0.00026,0.00017,0.00012,0.00009,0.00007,0.00006,0.00005
2,0.00257,0.00141,0.00070,0.00134,0.00108,0.00137,0.00071,0.00110,0.00119,0.00110,0.00094,0.00129,0.00093,0.00070,0.00149,0.00021,0.00094,0.00132,0.00048,0.00118,0.00062,0.00099,0.00147,0.00781,0.05010,0.05852,0.01414,0.00201,0.00176,0.00069,0.00105,0.00135,0.00099,0.00107,0.00053,0.00183,0.00056,0.00121,0.00163,0.00066,0.00123,0.00121,0.00085,0.00140,0.00114,0.00124,0.00017,0.00136,0.00791,0.14133,0.37902,0.25594,0.02019,0.00450,0.00291,0.00120,0.00124,0.00040,0.00076,0.00128,0.00051,0.00157,0.00123,0.00037
2,0.00764,0.01184,0.01183,0.01184,0.01187,0.01195,0.01190,0.01187,0.01195,0.01197,0.01205,0.01198,0.01211,0.01219,0.01234,0.01239,0.01250,0.01256,0.01258,0.01259,0.01264,0.01299,0.01276,0.01467,0.02679,0.02915,0.01625,0.01291,0.01318,0.01299,0.01296,0.01294,0.01283,0.01257,0.01239,0.01213,0.01191,0.01163,0.01140,0.01098,0.01078,0.01039,0.01018,0.00952,0.00936,0.00862,0.00881,0.00684,0.01139,0.06060,0.17608,0.11660,0.00431,0.00715,0.00382,0.00447,0.00331,0.00325,0.00254,0.00228,0.00174,0.00158,0.00128,0.00104
2,0.00201,0.00087,0.00133,0.00141,0.00157,0.00170,0.00187,0.00170,0.00238,0.00222,0.00261,0.00263,0.00271,0.00303,0.00326,0.00320,0.00347,0.00339,0.00380,0.00358,0.00386,0.00374,0.00370,0.00792,0.02461,0.03502,0.01120,0.00548,0.00458,0.00447,0.00459,0.00448,0.00462,0.00479,0.00466,0.00508,0.00471,0.00459,0.00506,0.00451,0.00461,0.00498,0.00471,0.00459,0.00490,0.00507,0.00413,0.00280,0.00569,0.12693,0.33519,0.23070,0.01923,0.00762,0.00530,0.00371,0.00332,0.00376,0.00381,0.00379,0.00379,0.00358,0.00347,0.00386
2,0.01112,0.00883,0.00840,0.00859,0.00839,0.00852,0.00827,0.00799,0.00811,0.00773,0.00754,0.00758,0.00724,0.00705,0.00688,0.00649,0.00646,0.00645,0.00616,0.00608,0.00598,0.00568,0.00548,0.00790,0.01526,0.02468,0.01181,0.00623,0.00561,0.00598,0.00629,0.00619,0.00621,0.00646,0.00642,0.00653,0.00673,0.00653,0.00665,0.00674,0.00684,0.00656,0.00675,0.00653,0.00647,0.00644,0.00662,0.00523,0.00365,0.10599,0.27350,0.18642,0.01984,0.00626,0.00384,0.00433,0.00464,0.00433,0.00412,0.00375,0.00385,0.00393,0.00357,0.00331
2,0.01088,0.01324,0.01244,0.01157,0.01068,0.00995,0.00936,0.00899,0.00914,0.00967,0.01035,0.01191,0.01317,0.01274,0.01262,0.01279,0.01273,0.01229,0.01158,0.01064,0.00973,0.00849,0.00843,0.00686,0.01751,0.02275,0.01318,0.01061,0.01204,0.01239,0.01278,0.01283,0.01289,0.01269,0.01220,0.01150,0.01100,0.01128,0.01038,0.00896,0.00895,0.00966,0.01055,0.01170,0.01254,0.01331,0.01367,0.01306,0.01656,0.04646,0.14972,0.10204,0.01280,0.00924,0.00934,0.00815,0.00855,0.00856,0.00942,0.01012,0.01097,0.01181,0.01317,0.01440
2,0.00066,0.00063,0.00084,0.00080,0.00070,0.00066,0.00073,0.00048,0.00072,0.00079,0.00096,0.00064,0.00099,0.00079,0.00074,0.00074,0.00092,0.00070,0.00092,0.00082,0.00066,0.00051,0.00210,0.00906,0.05526,0.06225,0.01528,0.00230,0.00097,0.00047,0.00055,0.00085,0.00108,0.00102,0.00068,0.00065,0.00069,0.00061,0.00084,0.00074,0.00084,0.00073,0.00067,0.00085,0.00122,0.00062,0.00112,0.00320,0.00801,0.14022,0.38026,0.25608,0.02055,0.00479,0.00073,0.00117,0.00142,0.00072,0.00053,0.00103,0.00086,0.00067,0.00086,0.00109
2,0.00132,0.00087,0.00115,0.00061,0.00081,0.00077,0.00095,0.00026,0.00046,0.00144,0.00140,0.00053,0.00019,0.00073,0.00099,0.00082,0.00048,0.00050,0.00082,0.00037,0.00116,0.00099,0.00189,0.00486,0.03439,0.03942,0.01058,0.00067,0.00121,0.00085,0.00081,0.00089,0.00061,0.00023,0.00055,0.00112,0.00090,0.00021,0.00079,0.00123,0.00100,0.00039,0.00068,0.00034,0.00071,0.00057,0.00139,0.00316,0.00772,0.15109,0.40648,0.27254,0.02059,0.00528,0.00193,0.00126,0.00129,0.00028,0.00083,0.00014,0.00098,0.00134,0.00107,0.00011
2,0.00136,0.00008,0.00027,0.00043,0.00006,0.00004,0.00016,0.00007,0.00016,0.00025,0.00018,0.00029,0.00040,0.00026,0.00023,0.00012,0.00025,0.00017,0.00014,0.00031,0.00033,0.00034,0.00102,0.00454,0.03011,0.03442,0.00881,0.00094,0.00040,0.00045,0.00033,0.00030,0.00039,0.00035,0.00008,0.00024,0.00021,0.00018,0.00045,0.00073,0.00055,0.00016,0.00001,0.00045,0.00016,0.00096,0.00060,0.00260,0.00921,0.15648,0.42280,0.28376,0.02223,0.00470,0.00174,0.00113,0.00041,0.00085,0.00020,0.00037,0.00014,0.00029,0.00022,0.00013
2,0.00528,0.00527,0.00546,0.00585,0.00483,0.00492,0.00603,0.00612,0.00507,0.00539,0.00554,0.00532,0.00525,0.00534,0.00520,0.00520,0.00548,0.00650,0.00571,0.00485,0.00511,0.00581,0.00563,0.00409,0.03253,0.03650,0.00587,0.00569,0.00582,0.00544,0.00480,0.00542,0.00625,0.00543,0.00524,0.00539,0.00530,0.00527,0.00517,0.00532,0.00517,0.00506,0.00606,0.00637,0.00505,0.00457,0.00611,0.00666,0.00459,0.10515,0.28923,0.19991,0.01932,0.00770,0.00515,0.00496,0.00514,0.00610,0.00626,0.00536,0.00535,0.00537,0.00545,0.00524
2,0.00202,0.00015,0.00061,0.00040,0.00097,0.00189,0.00274,0.00197,0.00030,0.00124,0.00044,0.00071,0.00087,0.00071,0.00051,0.00052,0.00192,0.00268,0.00187,0.00102,0.00197,0.00246,0.00154,0.00885,0.05566,0.06376,0.01638,0.00288,0.00037,0.00030,0.00024,0.00139,0.00197,0.00161,0.00122,0.00159,0.00072,0.00087,0.00149,0.00090,0.00059,0.00078,0.00158,0.00144,0.00081,0.00166,0.00059,0.00226,0.00856,0.13676,0.37039,0.24941,0.02043,0.00469,0.00146,0.00006,0.00048,0.00178,0.00103,0.00080,0.00058,0.00088,0.00136,0.00194
2,0.01176,0.01621,0.01638,0.01636,0.01655,0.01679,0.01688,0.01670,0.01628,0.01569,0.01508,0.01458,0.01401,0.01334,0.01272,0.01210,0.01135,0.01055,0.00965,0.00928,0.00911,0.00933,0.00921,0.00996,0.01949,0.01851,0.00508,0.01080,0.00989,0.01007,0.00954,0.00913,0.00883,0.00866,0.00851,0.00834,0.00819,0.00846,0.00903,0.00992,0.01125,0.01269,0.01402,0.01535,0.01637,0.01719,0.01831,0.01851,0.02207,0.03040,0.11140,0.06895,0.01247,0.01995,0.01743,0.01724,0.01603,0.01466,0.01300,0.01156,0.01054,0.00980,0.00939,0.00908
2,0.00193,0.00047,0.00054,0.00025,0.00061,0.00038,0.00061,0.00009,0.00071,0.00031,0.00067,0.00017,0.00049,0.00045,0.00041,0.00040,0.00051,0.00030,0.00066,0.00039,0.00090,0.00052,0.00160,0.01011,0.06658,0.07528,0.01953,0.00222,0.00048,0.00012,0.00018,0.00042,0.00046,0.00048,0.00031,0.00054,0.00022,0.00080,0.00032,0.00055,0.00037,0.00041,0.00053,0.00033,0.00024,0.00071,0.00115,0.00281,0.00840,0.13835,0.37300,0.25061,0.01970,0.00478,0.00188,0.00128,0.00062,0.00074,0.00014,0.00036,0.00033,0.00070,0.00030,0.00033
2,0.00239,0.00042,0.00024,0.00028,0.00043,0.00025,0.00022,0.00048,0.00041,0.00030,0.00016,0.00024,0.00037,0.00034,0.00042,0.00058,0.00047,0.00039,0.00044,0.00009,0.00040,0.00030,0.00108,0.00722,0.04348,0.04960,0.01295,0.00136,0.00062,0.00008,0.00027,0.00017,0.00012,0.00030,0.00011,0.00026,0.00036,0.00036,0.00038,0.00046,0.00028,0.00018,0.00033,0.00021,0.00013,0.00067,0.00110,0.00228,0.00879,0.14986,0.40479,0.27165,0.02122,0.00421,0.00205,0.00072,0.00061,0.00049,0.00029,0.00020,0.00059,0.00016,0.00019,0.00027
2,0.00097,0.00042,0.00025,0.00018,0.00017,0.00012,0.00018,0.00021,0.00011,0.00020,0.00022,0.00032,0.00033,0.00030,0.00012,0.00014,0.00013,0.00023,0.00010,0.00015,0.00025,0.00016,0.00127,0.00613,0.03841,0.04388,0.01125,0.00147,0.00032,0.00025,0.00025,0.00030,0.00050,0.00020,0.00003,0.00027,0.00035,0.00037,0.00019,0.00010,0.00025,0.00027,0.00046,0.00010,0.00026,0.00051,0.00105,0.00234,0.00895,0.15290,0.41292,0.27720,0.02151,0.00486,0.00176,0.00066,0.00071,0.00040,0.00038,0.00055,0.00016,0.00029,0.00024,0.00046
2,0.00102,0.00069,0.00058,0.00049,0.00100,0.00082,0.00074,0.00082,0.00093,0.00046,0.00067,0.00095,0.00042,0.00017,0.00014,0.00030,0.00055,0.00056,0.00043,0.00066,0.00109,0.00103,0.00092,0.00449,0.02931,0.03342,0.00862,0.00062,0.00130,0.00083,0.00048,0.00029,0.00038,0.00035,0.00011,0.00009,0.00044,0.00038,0.00063,0.00011,0.00074,0.00053,0.00006,0.00057,0.00027,0.00085,0.00105,0.00241,0.00936,0.15477,0.41833,0.28043,0.02120,0.00472,0.00283,0.00029,0.00102,0.00051,0.00010,0.00084,0.00051,0.00035,0.00086,0.00012
2,0.00040,0.00029,0.00021,0.00028,0.00032,0.00015,0.00019,0.00042,0.00043,0.00048,0.00053,0.00037,0.00013,0.00035,0.00063,0.00060,0.00025,0.00026,0.00038,0.00016,0.00025,0.00044,0.00093,0.00631,0.03928,0.04496,0.01160,0.00146,0.00036,0.00015,0.00036,0.00028,0.00034,0.00023,0.00025,0.00016,0.00016,0.00024,0.00027,0.00045,0.00036,0.00034,0.00030,0.00036,0.00020,0.00072,0.00093,0.00238,0.00889,0.15195,0.41061,0.27574,0.02167,0.00449,0.00163,0.00117,0.00044,0.00033,0.00043,0.00027,0.00041,0.00021,0.00035,0.00056
2,0.00104,0.00026,0.00011,0.00033,0.00026,0.00014,0.00028,0.00025,0.00025,0.00010,0.00008,0.00028,0.00026,0.00023,0.00026,0.00046,0.00027,0.00005,0.00018,0.00022,0.00032,0.00031,0.00108,0.00688,0.04294,0.04904,0.01242,0.00168,0.00046,0.00017,0.00010,0.00034,0.00013,0.00006,0.00020,0.00033,0.00035,0.00029,0.00013,0.00024,0.00027,0.00039,0.00015,0.00023,0.00034,0.00064,0.00082,0.00270,0.00846,0.15104,0.40751,0.27361,0.02130,0.00466,0.00177,0.00101,0.00057,0.00051,0.00007,0.00030,0.00028,0.00013,0.00009,0.00036
2,0.00695,0.00413,0.00497,0.00507,0.00441,0.00504,0.00324,0.00353,0.00308,0.00299,0.00476,0.00298,0.00284,0.00285,0.00259,0.00220,0.00206,0.00209,0.00115,0.00205,0.00283,0.00274,0.00057,0.00498,0.02775,0.03088,0.00670,0.00147,0.00170,0.00054,0.00134,0.00178,0.00170,0.00213,0.00262,0.00386,0.00301,0.00423,0.00477,0.00287,0.00605,0.00636,0.00642,0.00666,0.00699,0.00812,0.00636,0.00615,0.00693,0.12286,0.31073,0.21637,0.02411,0.01200,0.00928,0.00601,0.00750,0.00695,0.00806,0.00781,0.00760,0.00850,0.00698,0.00771
2,0.00605,0.00037,0.00031,0.00005,0.00018,0.00034,0.00046,0.00032,0.00025,0.00035,0.00009,0.00020,0.00014,0.00038,0.00022,0.00038,0.00012,0.00028,0.00016,0.00031,0.00010,0.00022,0.00070,0.00434,0.02815,0.03203,0.00834,0.00118,0.00038,0.00041,0.00006,0.00035,0.00031,0.00026,0.00059,0.00042,0.00025,0.00018,0.00039,0.00031,0.00033,0.00015,0.00023,0.00018,0.00035,0.00063,0.00124,0.00249,0.00949,0.15621,0.42243,0.28378,0.02204,0.00487,0.00176,0.00103,0.00051,0.00073,0.00011,0.00034,0.00014,0.00034,0.00016,0.00053
2,0.00291,0.00011,0.00017,0.00012,0.00031,0.00022,0.00007,0.00004,0.00029,0.00005,0.00015,0.00034,0.00026,0.00020,0.00029,0.00031,0.00028,0.00021,0.00011,0.00028,0.00018,0.00041,0.00093,0.00619,0.03903,0.04442,0.01150,0.00119,0.00061,0.00011,0.00016,0.00007,0.00008,0.00004,0.00021,0.00025,0.00024,0.00019,0.00010,0.00011,0.00029,0.00011,0.00018,0.00047,0.00043,0.00030,0.00145,0.00237,0.00886,0.15287,0.41227,0.27660,0.02151,0.00448,0.00203,0.00089,0.00055,0.00041,0.00027,0.00034,0.00011,0.00033,0.00009,0.00003
2,0.00011,0.00024,0.00024,0.00032,0.00035,0.00045,0.00044,0.00064,0.00027,0.00051,0.00070,0.00026,0.00017,0.00030,0.00009,0.00033,0.00019,0.00019,0.00020,0.00038,0.00029,0.00072,0.00101,0.00542,0.03563,0.04056,0.01048,0.00087,0.00039,0.00018,0.00055,0.00029,0.00035,0.00011,0.00031,0.00022,0.00027,0.00020,0.00044,0.00048,0.00013,0.00011,0.00028,0.00024,0.00049,0.00039,0.00135,0.00220,0.00889,0.15394,0.41587,0.27924,0.02152,0.00483,0.00194,0.00117,0.00035,0.00027,0.00025,0.00027,0.00033,0.00027,0.00044,0.00007
2,0.00137,0.00017,0.00025,0.00013,0.00013,0.00031,0.00044,0.00031,0.00016,0.00031,0.00052,0.00095,0.00123,0.00072,0.00040,0.00024,0.00023,0.00015,0.00020,0.00014,0.00027,0.00065,0.00132,0.00824,0.05097,0.05801,0.01499,0.00162,0.00064,0.00007,0.00034,0.00006,0.00019,0.00012,0.00018,0.00022,0.00058,0.00145,0.00116,0.00027,0.00003,0.00018,0.00031,0.00010,0.00049,0.00067,0.00071,0.00254,0.00862,0.14587,0.39475,0.26502,0.02060,0.00432,0.00186,0.00068,0.00054,0.00020,0.00040,0.00020,0.00018,0.00024,0.00047,0.00134
2,0.00163,0.00045,0.00053,0.00095,0.00141,0.00131,0.00095,0.00027,0.00034,0.00062,0.00068,0.00022,0.00037,0.00060,0.00039,0.00063,0.00042,0.00041,0.00113,0.00125,0.00129,0.00031,0.00129,0.00884,0.05281,0.05989,0.01527,0.00184,0.00077,0.00076,0.00092,0.00071,0.00044,0.00026,0.00075,0.00080,0.00070,0.00033,0.00052,0.00052,0.00058,0.00061,0.00018,0.00077,0.00105,0.00130,0.00076,0.00289,0.00768,0.14321,0.38565,0.25895,0.02053,0.00396,0.00209,0.00031,0.00162,0.00078,0.00065,0.00036,0.00091,0.00070,0.00058,0.00032
2,0.00151,0.00023,0.00009,0.00013,0.00011,0.00023,0.00038,0.00016,0.00021,0.00018,0.00011,0.00021,0.00020,0.00016,0.00028,0.00028,0.00016,0.00012,0.00020,0.00039,0.00038,0.00055,0.00156,0.00989,0.06123,0.06963,0.01763,0.00216,0.00065,0.00035,0.00016,0.00050,0.00035,0.00037,0.00044,0.00027,0.00019,0.00015,0.00025,0.00033,0.00017,0.00039,0.00036,0.00004,0.00029,0.00066,0.00096,0.00229,0.00834,0.14221,0.38439,0.25803,0.02013,0.00417,0.00170,0.00075,0.00074,0.00005,0.00041,0.00033,0.00055,0.00035,0.00023,0.00007
2,0.00079,0.00053,0.00061,0.00040,0.00025,0.00003,0.00037,0.00032,0.00082,0.00058,0.00061,0.00042,0.00029,0.00033,0.00038,0.00043,0.00059,0.00026,0.00019,0.00027,0.00021,0.00091,0.00152,0.01035,0.06268,0.07140,0.01841,0.00210,0.00085,0.00026,0.00025,0.00020,0.00031,0.00073,0.00084,0.00046,0.00057,0.00060,0.00054,0.00020,0.00041,0.00057,0.00065,0.00015,0.00034,0.00020,0.00071,0.00297,0.00792,0.14032,0.37957,0.25458,0.01952,0.00384,0.00222,0.00077,0.00069,0.00031,0.00016,0.00090,0.00050,0.00018,0.00022,0.00046
2,0.00170,0.00121,0.00129,0.00107,0.00119,0.00121,0.00133,0.00099,0.00141,0.00108,0.00118,0.00121,0.00115,0.00126,0.00118,0.00120,0.00102,0.00129,0.00141,0.00147,0.00103,0.00075,0.00118,0.01074,0.06704,0.07882,0.01994,0.00316,0.00198,0.00139,0.00100,0.00117,0.00091,0.00147,0.00126,0.00105,0.00130,0.00118,0.00126,0.00109,0.00099,0.00118,0.00138,0.00123,0.00155,0.00116,0.00123,0.00076,0.00708,0.13171,0.35348,0.23885,0.01890,0.00499,0.00261,0.00126,0.00077,0.00104,0.00122,0.00140,0.00129,0.00136,0.00101,0.00100
2,0.00120,0.00005,0.00046,0.00053,0.00034,0.00020,0.00003,0.00011,0.00018,0.00016,0.00017,0.00024,0.00027,0.00030,0.00035,0.00024,0.00033,0.00032,0.00019,0.00037,0.00019,0.00053,0.00126,0.00578,0.03733,0.04260,0.01091,0.00110,0.00062,0.00016,0.00022,0.00011,0.00037,0.00057,0.00043,0.00018,0.00030,0.00040,0.00031,0.00031,0.00016,0.00029,0.00033,0.00038,0.00034,0.00084,0.00066,0.00260,0.00895,0.15303,0.41351,0.27754,0.02153,0.00453,0.00196,0.00075,0.00048,0.00051,0.00013,0.00011,0.00038,0.00034,0.00052,0.00042
2,0.00038,0.00017,0.00033,0.00043,0.00018,0.00018,0.00010,0.00036,0.00028,0.00016,0.00006,0.00019,0.00027,0.00055,0.00039,0.00011,0.00012,0.00011,0.00011,0.00002,0.00030,0.00043,0.00086,0.00582,0.03555,0.04039,0.01011,0.00143,0.00037,0.00020,0.00012,0.00010,0.00011,0.00023,0.00036,0.00033,0.00021,0.00005,0.00006,0.00005,0.00027,0.00025,0.00017,0.00014,0.00035,0.00056,0.00091,0.00239,0.00931,0.15446,0.41774,0.28029,0.02162,0.00480,0.00191,0.00066,0.00066,0.00060,0.00016,0.00042,0.00012,0.00015,0.00035,0.00012
2,0.00081,0.00049,0.00075,0.00044,0.00033,0.00022,0.00040,0.00065,0.00036,0.00036,0.00082,0.00061,0.00044,0.00045,0.00073,0.00074,0.00087,0.00068,0.00042,0.00087,0.00073,0.00015,0.00125,0.00540,0.03575,0.04031,0.01001,0.00110,0.00027,0.00051,0.00018,0.00076,0.00057,0.00064,0.00030,0.00031,0.00054,0.00071,0.00042,0.00011,0.00018,0.00030,0.00017,0.00027,0.00014,0.00063,0.00114,0.00307,0.00830,0.15321,0.41349,0.27716,0.02111,0.00483,0.00156,0.00136,0.00015,0.00057,0.00045,0.00011,0.00007,0.00005,0.00015,0.00009
2,0.00127,0.00120,0.00220,0.00216,0.00140,0.00042,0.00146,0.00059,0.00074,0.00143,0.00158,0.00149,0.00072,0.00207,0.00178,0.00102,0.00022,0.00077,0.00099,0.00084,0.00197,0.00284,0.00261,0.00602,0.03539,0.03871,0.00984,0.00122,0.00258,0.00200,0.00104,0.00080,0.00100,0.00008,0.00097,0.00107,0.00184,0.00123,0.00157,0.00180,0.00094,0.00074,0.00012,0.00139,0.00081,0.00060,0.00235,0.00319,0.00866,0.14450,0.39325,0.26521,0.02058,0.00550,0.00310,0.00196,0.00076,0.00108,0.00081,0.00038,0.00101,0.00186,0.00193,0.00033
2,0.00285,0.00027,0.00013,0.00023,0.00018,0.00037,0.00012,0.00016,0.00035,0.00031,0.00018,0.00032,0.00002,0.00017,0.00044,0.00033,0.00009,0.00020,0.00022,0.00030,0.00014,0.00050,0.00070,0.00537,0.03331,0.03781,0.00955,0.00138,0.00053,0.00012,0.00055,0.00044,0.00055,0.00014,0.00029,0.00008,0.00008,0.00007,0.00027,0.00014,0.00031,0.00041,0.00051,0.00049,0.00042,0.00039,0.00093,0.00263,0.00891,0.15477,0.41843,0.28067,0.02182,0.00457,0.00203,0.00080,0.00089,0.00022,0.00012,0.00043,0.00029,0.00034,0.00015,0.00024
2,0.00043,0.00028,0.00021,0.00028,0.00037,0.00029,0.00033,0.00052,0.00049,0.00017,0.00032,0.00049,0.00033,0.00029,0.00023,0.00027,0.00013,0.00014,0.00013,0.00033,0.00006,0.00086,0.00082,0.00769,0.04656,0.05313,0.01377,0.00147,0.00047,0.00035,0.00028,0.00057,0.00049,0.00029,0.00021,0.00040,0.00063,0.00050,0.00022,0.00031,0.00024,0.00012,0.00024,0.00018,0.00050,0.00058,0.00100,0.00249,0.00848,0.14900,0.40200,0.26983,0.02123,0.00414,0.00187,0.00093,0.00029,0.00053,0.00021,0.00045,0.00019,0.00016,0.00011,0.00013
2,0.00170,0.00022,0.00026,0.00022,0.00014,0.00009,0.00027,0.00010,0.00033,0.00046,0.00051,0.00030,0.00005,0.00008,0.00009,0.00009,0.00016,0.00016,0.00024,0.00021,0.00015,0.00065,0.00159,0.00907,0.05785,0.06614,0.01682,0.00230,0.00034,0.00037,0.00017,0.00015,0.00008,0.00023,0.00012,0.00027,0.00024,0.00020,0.00021,0.00016,0.00026,0.00033,0.00020,0.00029,0.00012,0.00073,0.00094,0.00236,0.00825,0.14398,0.38864,0.26073,0.02007,0.00447,0.00170,0.00080,0.00063,0.00027,0.00040,0.00034,0.00065,0.00041,0.00056,0.00007
2,0.00120,0.00023,0.00012,0.00014,0.00008,0.00025,0.00022,0.00035,0.00032,0.00039,0.00058,0.00058,0.00034,0.00009,0.00022,0.00035,0.00021,0.00010,0.00024,0.00035,0.00031,0.00058,0.00185,0.01058,0.06579,0.07502,0.01931,0.00231,0.00048,0.00040,0.00024,0.00007,0.00006,0.00010,0.00027,0.00021,0.00027,0.00017,0.00025,0.00013,0.00034,0.00060,0.00039,0.00054,0.00047,0.00097,0.00058,0.00264,0.00780,0.14001,0.37787,0.25363,0.01964,0.00442,0.00155,0.00068,0.00054,0.00043,0.00009,0.00030,0.00013,0.00049,0.00054,0.00057
2,0.00122,0.00081,0.00083,0.00162,0.00181,0.00172,0.00178,0.00122,0.00066,0.00073,0.00049,0.00078,0.00196,0.00157,0.00106,0.00112,0.00123,0.00145,0.00135,0.00136,0.00045,0.00152,0.00125,0.00993,0.05922,0.06673,0.01694,0.00158,0.00148,0.00015,0.00043,0.00094,0.00104,0.00057,0.00089,0.00051,0.00056,0.00039,0.00066,0.00021,0.00080,0.00039,0.00117,0.00167,0.00139,0.00121,0.00207,0.00230,0.00664,0.13789,0.37034,0.24812,0.01868,0.00446,0.00148,0.00160,0.00028,0.00168,0.00248,0.00108,0.00039,0.00039,0.00129,0.00197
2,0.00105,0.00073,0.00080,0.00077,0.00065,0.00090,0.00067,0.00064,0.00105,0.00081,0.00069,0.00086,0.00056,0.00080,0.00075,0.00082,0.00071,0.00074,0.00096,0.00049,0.00046,0.00021,0.00143,0.01103,0.06412,0.07446,0.01869,0.00249,0.00138,0.00100,0.00098,0.00071,0.00063,0.00069,0.00087,0.00063,0.00093,0.00048,0.00077,0.00080,0.00064,0.00091,0.00086,0.00079,0.00076,0.00070,0.00028,0.00151,0.00807,0.13701,0.36843,0.24830,0.01891,0.00466,0.00245,0.00133,0.00107,0.00070,0.00046,0.00079,0.00071,0.00074,0.00083,0.00087
2,0.00278,0.00022,0.00009,0.00022,0.00013,0.00014,0.00033,0.00027,0.00029,0.00035,0.00013,0.00002,0.00020,0.00039,0.00043,0.00012,0.00017,0.00008,0.00031,0.00012,0.00034,0.00035,0.00102,0.00494,0.03152,0.03616,0.00925,0.00101,0.00043,0.00035,0.00041,0.00059,0.00038,0.00057,0.00034,0.00028,0.00035,0.00024,0.00009,0.00011,0.00019,0.00031,0.00027,0.00019,0.00028,0.00070,0.00087,0.00256,0.00915,0.15552,0.42059,0.28213,0.02180,0.00482,0.00215,0.00048,0.00093,0.00019,0.00040,0.00016,0.00009,0.00024,0.00028,0.00016
2,0.00128,0.00018,0.00013,0.00011,0.00018,0.00038,0.00037,0.00031,0.00021,0.00011,0.00007,0.00017,0.00025,0.00025,0.00019,0.00018,0.00012,0.00013,0.00012,0.00025,0.00011,0.00073,0.00109,0.00731,0.04661,0.05341,0.01380,0.00159,0.00033,0.00055,0.00018,0.00018,0.00012,0.00009,0.00015,0.00021,0.00031,0.00037,0.00017,0.00019,0.00021,0.00022,0.00028,0.00046,0.00051,0.00055,0.00108,0.00221,0.00885,0.14938,0.40343,0.27059,0.02092,0.00454,0.00182,0.00067,0.00054,0.00049,0.00009,0.00029,0.00004,0.00010,0.00018,0.00008
2,0.00060,0.00015,0.00021,0.00011,0.00007,0.00004,0.00014,0.00030,0.00030,0.00015,0.00007,0.00005,0.00005,0.00031,0.00034,0.00021,0.00031,0.00022,0.00020,0.00026,0.00047,0.00033,0.00107,0.00660,0.04149,0.04735,0.01205,0.00153,0.00036,0.00038,0.00012,0.00026,0.00032,0.00055,0.00026,0.00017,0.00020,0.00019,0.00032,0.00027,0.00020,0.00018,0.00020,0.00015,0.00032,0.00052,0.00084,0.00253,0.00875,0.15181,0.40978,0.27501,0.02140,0.00488,0.00143,0.00111,0.00056,0.00029,0.00041,0.00001,0.00021,0.00031,0.00031,0.00042
2,0.00037,0.00081,0.00069,0.00064,0.00060,0.00091,0.00068,0.00059,0.00079,0.00081,0.00067,0.00111,0.00130,0.00077,0.00069,0.00090,0.00053,0.00047,0.00070,0.00081,0.00046,0.00103,0.00145,0.00547,0.03717,0.04241,0.01049,0.00212,0.00046,0.00071,0.00059,0.00066,0.00063,0.00066,0.00078,0.00067,0.00101,0.00146,0.00136,0.00082,0.00099,0.00093,0.00075,0.00070,0.00076,0.00072,0.00068,0.00322,0.00816,0.14940,0.40313,0.27084,0.02155,0.00447,0.00160,0.00115,0.00040,0.00097,0.00050,0.00060,0.00050,0.00056,0.00093,0.00124
2,0.00203,0.00139,0.00182,0.00073,0.00156,0.00030,0.00022,0.00081,0.00053,0.00111,0.00280,0.00178,0.00080,0.00045,0.00073,0.00144,0.00189,0.00075,0.00230,0.00255,0.00168,0.00027,0.00146,0.00600,0.03132,0.03342,0.00721,0.00234,0.00159,0.00153,0.00232,0.00158,0.00102,0.00096,0.00085,0.00260,0.00122,0.00122,0.00117,0.00162,0.00159,0.00086,0.00070,0.00194,0.00121,0.00067,0.00122,0.00456,0.00775,0.14666,0.39796,0.26647,0.01986,0.00456,0.00258,0.00346,0.00118,0.00089,0.00118,0.00166,0.00148,0.00063,0.00188,0.00164
2,0.00168,0.00017,0.00053,0.00029,0.00045,0.00029,0.00076,0.00045,0.00022,0.00039,0.00024,0.00049,0.00052,0.00029,0.00028,0.00029,0.00011,0.00014,0.00028,0.00040,0.00035,0.00073,0.00112,0.00690,0.04296,0.04815,0.01231,0.00156,0.00023,0.00037,0.00040,0.00039,0.00051,0.00047,0.00022,0.00016,0.00042,0.00053,0.00027,0.00010,0.00030,0.00047,0.00049,0.00033,0.00050,0.00052,0.00127,0.00226,0.00867,0.15012,0.40573,0.27202,0.02066,0.00441,0.00189,0.00104,0.00063,0.00020,0.00017,0.00059,0.00020,0.00047,0.00049,0.00015
2,0.00357,0.00035,0.00045,0.00093,0.00064,0.00022,0.00018,0.00052,0.00047,0.00024,0.00029,0.00037,0.00046,0.00036,0.00020,0.00015,0.00041,0.00045,0.00038,0.00002,0.00070,0.00049,0.00062,0.00612,0.03813,0.04386,0.01130,0.00175,0.00051,0.00042,0.00036,0.00021,0.00047,0.00037,0.00009,0.00026,0.00036,0.00064,0.00051,0.00036,0.00010,0.00038,0.00077,0.00030,0.00028,0.00061,0.00186,0.00230,0.00849,0.15141,0.40855,0.27465,0.02177,0.00468,0.00168,0.00101,0.00070,0.00050,0.00051,0.00023,0.00051,0.00009,0.00037,0.00004
2,0.00020,0.00029,0.00038,0.00035,0.00036,0.00020,0.00026,0.00016,0.00007,0.00012,0.00008,0.00028,0.00016,0.00009,0.00013,0.00017,0.00028,0.00016,0.00020,0.00004,0.00013,0.00028,0.00088,0.00510,0.03156,0.03599,0.00931,0.00101,0.00043,0.00012,0.00043,0.00021,0.00030,0.00022,0.00015,0.00015,0.00017,0.00022,0.00027,0.00010,0.00007,0.00028,0.00019,0.00057,0.00034,0.00060,0.00089,0.00262,0.00903,0.15651,0.42270,0.28360,0.02176,0.00498,0.00169,0.00115,0.00035,0.00065,0.00009,0.00005,0.00042,0.00009,0.00026,0.00008
2,0.00100,0.00011,0.00015,0.00032,0.00023,0.00015,0.00034,0.00036,0.00032,0.00027,0.00029,0.00018,0.00017,0.00025,0.00021,0.00017,0.00012,0.00014,0.00015,0.00036,0.00008,0.00033,0.00115,0.00577,0.03661,0.04177,0.01078,0.00118,0.00042,0.00015,0.00031,0.00034,0.00021,0.00017,0.00025,0.00025,0.00027,0.00014,0.00008,0.00030,0.00023,0.00011,0.00026,0.00014,0.00021,0.00047,0.00114,0.00252,0.00883,0.15401,0.41591,0.27911,0.02162,0.00468,0.00155,0.00107,0.00060,0.00035,0.00008,0.00020,0.00016,0.00017,0.00035,0.00035
2,0.00176,0.00052,0.00087,0.00022,0.00127,0.00078,0.00018,0.00022,0.00024,0.00073,0.00090,0.00098,0.00087,0.00072,0.00063,0.00018,0.00050,0.00027,0.00044,0.00128,0.00110,0.00060,0.00185,0.00672,0.04582,0.05277,0.01401,0.00158,0.00090,0.00074,0.00128,0.00028,0.00038,0.00046,0.00027,0.00065,0.00079,0.00116,0.00094,0.00036,0.00038,0.00063,0.00045,0.00019,0.00103,0.00085,0.00126,0.00313,0.00858,0.14551,0.39473,0.26455,0.02032,0.00369,0.00189,0.00193,0.00049,0.00007,0.00059,0.00069,0.00030,0.00034,0.00133,0.00084
2,0.00105,0.00014,0.00041,0.00054,0.00040,0.00019,0.00022,0.00026,0.00025,0.00072,0.00083,0.00031,0.00014,0.00027,0.00051,0.00047,0.00047,0.00007,0.00034,0.00060,0.00041,0.00060,0.00210,0.01088,0.06959,0.07959,0.02041,0.00223,0.00110,0.00022,0.00033,0.00011,0.00021,0.00037,0.00064,0.00068,0.00033,0.00026,0.00048,0.00073,0.00064,0.00033,0.00024,0.00041,0.00039,0.00059,0.00075,0.00229,0.00787,0.13778,0.37145,0.24900,0.01911,0.00426,0.00151,0.00108,0.00019,0.00049,0.00021,0.00053,0.00060,0.00065,0.00003,0.00013
2,0.00058,0.00026,0.00033,0.00028,0.00035,0.00022,0.00022,0.00034,0.00042,0.00058,0.00063,0.00054,0.00056,0.00052,0.00053,0.00038,0.00054,0.00038,0.00024,0.00018,0.00038,0.00036,0.00193,0.00953,0.06004,0.06838,0.01779,0.00158,0.00081,0.00029,0.00036,0.00016,0.00010,0.00026,0.00043,0.00082,0.00066,0.00062,0.00052,0.00055,0.00055,0.00051,0.00031,0.00014,0.00039,0.00033,0.00105,0.00227,0.00825,0.14153,0.38256,0.25677,0.02009,0.00408,0.00143,0.00104,0.00053,0.00025,0.00013,0.00074,0.00043,0.00080,0.00091,0.00126
2,0.00114,0.00034,0.00104,0.00119,0.00179,0.00187,0.00112,0.00097,0.00300,0.00305,0.00146,0.00202,0.00232,0.00060,0.00124,0.00200,0.00245,0.00121,0.00052,0.00144,0.00068,0.00147,0.00073,0.00950,0.05734,0.06575,0.01685,0.00262,0.00126,0.00107,0.00122,0.00092,0.00134,0.00215,0.00190,0.00134,0.00130,0.00244,0.00258,0.00117,0.00184,0.00245,0.00086,0.00156,0.00226,0.00164,0.00185,0.00246,0.00790,0.13202,0.35892,0.24245,0.02047,0.00409,0.00112,0.00079,0.00163,0.00168,0.00169,0.00158,0.00214,0.00058,0.00148,0.00211
2,0.00122,0.00021,0.00019,0.00022,0.00026,0.00019,0.00020,0.00008,0.00036,0.00041,0.00024,0.00012,0.00016,0.00012,0.00024,0.00033,0.00025,0.00035,0.00028,0.00003,0.00034,0.00050,0.00129,0.00856,0.05183,0.05881,0.01498,0.00204,0.00011,0.00047,0.00003,0.00034,0.00026,0.00011,0.00020,0.00032,0.00011,0.00014,0.00033,0.00027,0.00032,0.00026,0.00037,0.00009,0.00028,0.00050,0.00120,0.00199,0.00883,0.14655,0.39636,0.26636,0.02106,0.00430,0.00167,0.00095,0.00032,0.00061,0.00010,0.00035,0.00026,0.00042,0.00021,0.00014
2,0.00038,0.00023,0.00026,0.00023,0.00031,0.00041,0.00024,0.00007,0.00014,0.00033,0.00044,0.00037,0.00003,0.00027,0.00013,0.00042,0.00039,0.00018,0.00036,0.00033,0.00019,0.00017,0.00120,0.00498,0.03178,0.03648,0.00964,0.00099,0.00032,0.00024,0.00008,0.00012,0.00028,0.00025,0.00010,0.00016,0.00019,0.00020,0.00019,0.00010,0.00010,0.00002,0.00027,0.00011,0.00056,0.00049,0.00123,0.00241,0.00903,0.15625,0.42161,0.28284,0.02192,0.00473,0.00202,0.00072,0.00077,0.00027,0.00017,0.00040,0.00027,0.00016,0.00035,0.00010
2,0.00056,0.00007,0.00026,0.00032,0.00038,0.00027,0.00023,0.00017,0.00012,0.00016,0.00015,0.00000,0.00018,0.00039,0.00029,0.00011,0.00017,0.00028,0.00002,0.00012,0.00036,0.00022,0.00089,0.00566,0.03512,0.04018,0.01031,0.00117,0.00041,0.00039,0.00011,0.00024,0.00024,0.00011,0.00015,0.00007,0.00009,0.00014,0.00016,0.00025,0.00020,0.00015,0.00012,0.00017,0.00036,0.00048,0.00095,0.00248,0.00904,0.15496,0.41852,0.28096,0.02169,0.00494,0.00169,0.00092,0.00025,0.00067,0.00022,0.00019,0.00012,0.00015,0.00019,0.00002
2,0.00172,0.00015,0.00010,0.00006,0.00020,0.00016,0.00039,0.00031,0.00007,0.00016,0.00018,0.00009,0.00011,0.00016,0.00017,0.00008,0.00017,0.00016,0.00019,0.00021,0.00021,0.00023,0.00105,0.00561,0.03536,0.04048,0.01051,0.00118,0.00041,0.00018,0.00009,0.00003,0.00029,0.00019,0.00004,0.00009,0.00011,0.00007,0.00016,0.00010,0.00013,0.00011,0.00008,0.00027,0.00032,0.00058,0.00080,0.00253,0.00905,0.15479,0.41822,0.28069,0.02185,0.00459,0.00179,0.00111,0.00048,0.00025,0.00031,0.00010,0.00016,0.00032,0.00016,0.00008
2,0.00062,0.00033,0.00054,0.00062,0.00072,0.00165,0.00156,0.00110,0.00042,0.00029,0.00098,0.00093,0.00044,0.00120,0.00073,0.00028,0.00040,0.00093,0.00172,0.00143,0.00033,0.00091,0.00079,0.00452,0.02988,0.03411,0.00863,0.00101,0.00086,0.00031,0.00128,0.00181,0.00146,0.00084,0.00017,0.00040,0.00080,0.00040,0.00097,0.00113,0.00039,0.00029,0.00080,0.00133,0.00210,0.00099,0.00051,0.00311,0.00895,0.15196,0.41126,0.27599,0.02130,0.00435,0.00234,0.00076,0.00108,0.00167,0.00080,0.00042,0.00029,0.00080,0.00095,0.00002
2,0.00265,0.00021,0.00020,0.00016,0.00018,0.00030,0.00010,0.00020,0.00016,0.00013,0.00011,0.00023,0.00026,0.00025,0.00016,0.00009,0.00013,0.00018,0.00022,0.00037,0.00056,0.00029,0.00111,0.00526,0.03399,0.03904,0.01019,0.00101,0.00051,0.00026,0.00016,0.00027,0.00005,0.00034,0.00033,0.00013,0.00024,0.00025,0.00007,0.00017,0.00027,0.00036,0.00024,0.00037,0.00009,0.00068,0.00080,0.00257,0.00903,0.15491,0.41822,0.28039,0.02160,0.00459,0.00196,0.00093,0.00053,0.00040,0.00014,0.00036,0.00023,0.00018,0.00044,0.00017
2,0.00091,0.00025,0.00035,0.00025,0.00036,0.00044,0.00029,0.00022,0.00036,0.00044,0.00013,0.00012,0.00007,0.00011,0.00023,0.00025,0.00008,0.00004,0.00006,0.00019,0.00037,0.00038,0.00103,0.00665,0.04049,0.04621,0.01208,0.00127,0.00034,0.00037,0.00025,0.00022,0.00031,0.00015,0.00029,0.00026,0.00026,0.00022,0.00023,0.00036,0.00045,0.00039,0.00016,0.00012,0.00036,0.00047,0.00115,0.00258,0.00867,0.15209,0.41061,0.27547,0.02126,0.00467,0.00159,0.00098,0.00040,0.00061,0.00008,0.00032,0.00018,0.00036,0.00009,0.00005
2,0.00164,0.00012,0.00024,0.00018,0.00040,0.00023,0.00025,0.00049,0.00064,0.00036,0.00017,0.00030,0.00012,0.00007,0.00005,0.00040,0.00068,0.00044,0.00049,0.00026,0.00029,0.00045,0.00136,0.00761,0.04799,0.05491,0.01437,0.00150,0.00062,0.00043,0.00094,0.00055,0.00053,0.00047,0.00020,0.00009,0.00032,0.00019,0.00014,0.00018,0.00014,0.00046,0.00047,0.00030,0.00014,0.00031,0.00119,0.00240,0.00880,0.14735,0.39897,0.26798,0.02099,0.00424,0.00202,0.00042,0.00098,0.00005,0.00058,0.00051,0.00032,0.00018,0.00016,0.00037
2,0.00151,0.00010,0.00032,0.00048,0.00052,0.00056,0.00024,0.00012,0.00012,0.00023,0.00036,0.00044,0.00013,0.00036,0.00027,0.00032,0.00029,0.00010,0.00026,0.00064,0.00017,0.00051,0.00173,0.00973,0.06003,0.06827,0.01777,0.00165,0.00089,0.00031,0.00022,0.00042,0.00017,0.00037,0.00031,0.00013,0.00053,0.00033,0.00016,0.00050,0.00038,0.00044,0.00040,0.00016,0.00047,0.00045,0.00074,0.00243,0.00842,0.14221,0.38453,0.25831,0.02008,0.00454,0.00170,0.00061,0.00039,0.00058,0.00021,0.00044,0.00057,0.00018,0.00008,0.00012
2,0.00096,0.00005,0.00019,0.00032,0.00051,0.00039,0.00026,0.00027,0.00042,0.00032,0.00038,0.00029,0.00033,0.00047,0.00061,0.00055,0.00042,0.00012,0.00007,0.00047,0.00012,0.00081,0.00147,0.01104,0.06639,0.07535,0.01917,0.00243,0.00062,0.00066,0.00027,0.00032,0.00015,0.00013,0.00021,0.00036,0.00034,0.00014,0.00042,0.00054,0.00038,0.00028,0.00023,0.00031,0.00016,0.00070,0.00075,0.00222,0.00817,0.13944,0.37669,0.25263,0.01940,0.00421,0.00178,0.00064,0.00055,0.00043,0.00022,0.00044,0.00042,0.00060,0.00039,0.00065
2,0.00081,0.00034,0.00014,0.00041,0.00053,0.00065,0.00032,0.00055,0.00053,0.00033,0.00069,0.00016,0.00035,0.00038,0.00067,0.00069,0.00044,0.00089,0.00044,0.00037,0.00041,0.00059,0.00203,0.00978,0.06232,0.07073,0.01797,0.00235,0.00046,0.00037,0.00004,0.00045,0.00029,0.00021,0.00076,0.00040,0.00030,0.00051,0.00027,0.00034,0.00039,0.00076,0.00044,0.00043,0.00020,0.00086,0.00094,0.00208,0.00778,0.14090,0.37991,0.25517,0.02011,0.00399,0.00192,0.00079,0.00046,0.00034,0.00066,0.00020,0.00066,0.00045,0.00013,0.00014
